25, 1, 2606.29, 737.04, 2728.01, 965.40, 1, 0.98
25, 2, 1421.35, 614.24, 1530.08, 811.75, 0, 0.80
25, 3, 2472.35, 1512.78, 2736.86, 1974.15, 2, 0.48
25, 4, 2489.27, 1512.70, 2726.98, 1963.89, 0, 0.37
25, 5, 3407.24, 804.78, 3627.09, 1037.80, 3, 0.34
25, 6, 3403.15, 796.50, 3613.00, 1035.68, 3, 0.31
50, 1, 2604.89, 736.71, 2729.12, 965.84, 1, 0.98
50, 2, 1421.55, 616.68, 1526.74, 810.57, 0, 0.83
50, 5, 3404.19, 806.20, 3624.41, 1046.94, 3, 0.82
50, 6, 3405.17, 800.05, 3610.66, 1033.46, 3, 0.50
75, 1, 2605.62, 740.60, 2725.72, 963.84, 1, 0.97
75, 2, 1421.10, 613.95, 1528.53, 807.71, 0, 0.82
75, 5, 3402.69, 804.46, 3623.96, 1047.94, 3, 0.89
75, 6, 3406.97, 803.20, 3624.06, 1038.02, 3, 0.60
100, 1, 2608.27, 739.66, 2726.70, 963.35, 1, 0.99
100, 2, 1422.77, 612.86, 1529.88, 806.26, 0, 0.85
100, 5, 3401.17, 806.56, 3624.54, 1049.41, 3, 0.91
100, 6, 3406.25, 806.37, 3628.38, 1040.37, 3, 0.42
100, 12, 2814.76, 823.36, 2960.29, 1083.27, 2, 0.78
100, 13, 3403.28, 800.22, 3612.37, 1033.71, 3, 0.39
125, 1, 2607.87, 738.48, 2725.11, 962.67, 1, 0.98
125, 2, 1422.53, 613.60, 1529.68, 806.35, 0, 0.83
125, 5, 3402.80, 807.07, 3625.36, 1049.27, 3, 0.89
125, 6, 3408.37, 807.05, 3630.23, 1040.92, 3, 0.45
125, 12, 2814.11, 819.50, 2959.87, 1078.48, 2, 0.79
125, 13, 3405.36, 801.06, 3612.97, 1033.40, 3, 0.45
150, 1, 2607.28, 739.36, 2724.36, 963.04, 1, 0.98
150, 2, 1418.60, 613.20, 1529.67, 807.83, 0, 0.87
150, 5, 3403.33, 807.43, 3625.56, 1050.22, 3, 0.94
150, 6, 3408.64, 807.52, 3630.69, 1042.06, 3, 0.31
150, 12, 2811.00, 817.15, 2957.46, 1076.68, 2, 0.67
150, 13, 3405.85, 801.95, 3611.96, 1035.07, 3, 0.38
175, 1, 2606.74, 739.20, 2724.68, 964.04, 1, 0.99
175, 2, 1420.07, 612.19, 1530.10, 807.88, 0, 0.70
175, 5, 3402.73, 807.14, 3626.42, 1050.60, 3, 0.94
175, 6, 3408.06, 807.02, 3631.85, 1042.69, 3, 0.28
175, 12, 2811.99, 817.13, 2958.36, 1076.58, 2, 0.51
175, 13, 3405.48, 800.91, 3612.92, 1036.59, 3, 0.50
175, 3, 2426.80, 1454.70, 2637.66, 1881.50, 0, 0.96
200, 1, 2606.32, 739.32, 2724.45, 963.85, 1, 0.98
200, 2, 1421.78, 612.95, 1528.83, 808.42, 0, 0.66
200, 5, 3402.55, 806.90, 3626.80, 1049.65, 3, 0.91
200, 6, 3408.41, 806.81, 3631.42, 1041.33, 3, 0.52
200, 12, 2813.15, 815.84, 2955.80, 1051.67, 2, 0.58
200, 13, 3406.27, 800.92, 3612.31, 1034.82, 3, 0.40
225, 1, 2605.63, 734.30, 2724.44, 963.00, 1, 0.98
225, 2, 1423.23, 611.65, 1530.83, 806.33, 0, 0.84
225, 5, 3402.96, 805.80, 3626.62, 1048.79, 3, 0.90
225, 6, 3408.63, 806.41, 3630.61, 1040.86, 3, 0.51
225, 12, 2811.46, 817.91, 2956.32, 1067.36, 2, 0.78
225, 13, 3406.10, 800.57, 3612.79, 1034.31, 3, 0.46
250, 1, 2604.96, 736.73, 2725.47, 962.17, 1, 0.98
250, 2, 1423.45, 610.42, 1531.26, 807.67, 0, 0.89
250, 5, 3403.21, 810.83, 3618.51, 1047.83, 3, 0.59
250, 12, 2810.21, 818.98, 2954.66, 1070.16, 2, 0.66
275, 1, 2605.06, 737.89, 2725.53, 963.55, 1, 0.98
275, 2, 1423.96, 611.94, 1529.41, 808.27, 0, 0.85
275, 5, 3403.90, 808.80, 3624.19, 1047.77, 3, 0.88
275, 12, 2810.23, 819.42, 2954.41, 1070.83, 2, 0.86
275, 21, 3022.87, 786.17, 3137.33, 1027.24, 0, 0.93
300, 1, 2604.89, 737.11, 2725.88, 963.85, 1, 0.95
300, 2, 1422.66, 611.64, 1531.09, 807.36, 0, 0.54
300, 5, 3404.55, 807.76, 3625.53, 1048.46, 3, 0.92
300, 12, 2809.22, 810.31, 2952.08, 1071.91, 2, 0.91
300, 21, 3023.84, 793.76, 3134.52, 1029.32, 0, 0.88
300, 25, 2242.50, 787.21, 2374.47, 1046.17, 0, 0.86
300, 27, 3407.73, 801.08, 3612.64, 1035.05, 3, 0.51
300, 28, 3410.02, 806.93, 3629.83, 1041.03, 3, 0.33
325, 1, 2605.05, 737.13, 2725.29, 963.37, 1, 0.98
325, 2, 1422.77, 610.91, 1530.47, 806.69, 0, 0.72
325, 5, 3403.82, 807.65, 3624.59, 1047.21, 3, 0.77
325, 12, 2809.92, 817.12, 2952.24, 1072.68, 2, 0.88
325, 21, 3022.97, 789.01, 3134.65, 1028.31, 0, 0.94
325, 25, 2256.93, 758.91, 2377.31, 999.97, 0, 0.90
325, 27, 3406.87, 801.77, 3611.34, 1033.07, 3, 0.45
325, 28, 3409.60, 807.68, 3627.39, 1038.79, 3, 0.65
350, 1, 2605.39, 738.22, 2725.19, 963.58, 1, 0.98
350, 2, 1423.21, 610.39, 1531.91, 805.75, 0, 0.89
350, 5, 3404.52, 807.57, 3626.51, 1048.18, 3, 0.89
350, 12, 2809.67, 817.80, 2954.44, 1072.22, 2, 0.91
350, 21, 3024.90, 789.43, 3136.70, 1028.25, 0, 0.91
350, 25, 2262.34, 749.57, 2381.92, 982.09, 0, 0.92
350, 27, 3407.30, 801.46, 3612.47, 1033.97, 3, 0.46
350, 28, 3409.97, 807.36, 3629.95, 1039.74, 3, 0.37
375, 1, 2604.97, 737.81, 2725.18, 963.40, 1, 0.99
375, 2, 1422.20, 612.81, 1528.97, 805.90, 0, 0.86
375, 5, 3404.47, 807.98, 3626.98, 1048.46, 3, 0.88
375, 12, 2810.94, 818.79, 2955.62, 1073.05, 2, 0.91
375, 21, 3023.00, 786.78, 3135.46, 1027.35, 0, 0.92
375, 25, 2262.02, 745.18, 2381.91, 977.01, 0, 0.95
375, 27, 3406.68, 801.52, 3612.15, 1034.82, 3, 0.44
375, 28, 3409.60, 807.69, 3630.31, 1040.38, 3, 0.35
400, 1, 2604.56, 737.35, 2725.66, 964.47, 1, 0.94
400, 2, 1422.68, 612.97, 1524.68, 808.46, 0, 0.64
400, 5, 3405.02, 807.56, 3626.05, 1049.73, 3, 0.92
400, 12, 2809.89, 819.60, 2954.63, 1072.45, 2, 0.77
400, 21, 3021.29, 783.36, 3138.25, 1028.02, 0, 0.92
400, 25, 2261.38, 744.30, 2380.62, 975.34, 0, 0.94
400, 27, 3406.70, 800.42, 3610.97, 1036.78, 3, 0.46
425, 1, 2605.37, 739.11, 2725.70, 963.37, 1, 0.98
425, 2, 1421.79, 612.01, 1528.55, 807.39, 0, 0.92
425, 5, 3407.25, 806.65, 3628.12, 1049.34, 3, 0.83
425, 12, 2810.48, 819.46, 2954.11, 1072.08, 2, 0.89
425, 21, 3023.44, 785.59, 3140.58, 1030.24, 0, 0.93
425, 25, 2261.74, 744.12, 2381.17, 975.72, 0, 0.91
425, 27, 3410.10, 800.60, 3613.03, 1035.05, 3, 0.56
450, 1, 2605.17, 738.82, 2726.44, 964.68, 1, 0.99
450, 2, 1422.59, 612.37, 1530.48, 807.55, 0, 0.87
450, 5, 3407.50, 807.21, 3628.00, 1048.48, 3, 0.71
450, 12, 2810.53, 820.26, 2955.57, 1071.78, 2, 0.81
450, 21, 3025.37, 791.09, 3141.08, 1032.92, 0, 0.93
450, 25, 2261.21, 745.30, 2381.00, 977.61, 0, 0.90
450, 27, 3410.26, 800.43, 3612.09, 1034.12, 3, 0.58
475, 1, 2605.45, 739.04, 2726.22, 964.23, 1, 0.98
475, 2, 1422.13, 613.39, 1530.85, 807.25, 0, 0.69
475, 5, 3408.30, 806.32, 3628.72, 1048.69, 3, 0.77
475, 12, 2810.43, 821.05, 2954.14, 1071.16, 2, 0.85
475, 21, 3027.60, 793.92, 3140.67, 1032.44, 0, 0.91
475, 25, 2261.50, 746.61, 2383.42, 974.81, 0, 0.94
475, 27, 3411.79, 799.90, 3612.02, 1034.26, 3, 0.52
500, 1, 2605.71, 738.95, 2725.40, 964.18, 1, 0.98
500, 2, 1421.40, 613.94, 1529.83, 807.98, 0, 0.80
500, 5, 3411.18, 805.52, 3633.32, 1040.46, 3, 0.58
500, 12, 2811.49, 821.23, 2953.35, 1071.42, 2, 0.80
500, 21, 3029.52, 797.30, 3141.58, 1033.78, 0, 0.94
500, 25, 2261.56, 747.72, 2380.40, 976.17, 0, 0.93
500, 27, 3410.29, 799.71, 3612.63, 1030.69, 3, 0.57
525, 1, 2605.49, 738.33, 2725.37, 963.14, 1, 0.97
525, 2, 1422.41, 612.90, 1530.33, 807.26, 0, 0.86
525, 5, 3410.20, 806.00, 3632.69, 1045.15, 3, 0.49
525, 12, 2811.12, 820.91, 2953.08, 1071.31, 2, 0.89
525, 21, 3030.28, 797.19, 3142.08, 1033.74, 0, 0.93
525, 25, 2263.27, 747.93, 2379.74, 976.19, 0, 0.95
525, 27, 3412.13, 800.21, 3614.94, 1030.83, 3, 0.62
550, 1, 2605.18, 738.45, 2725.65, 963.45, 1, 0.98
550, 2, 1415.92, 612.24, 1531.52, 780.01, 3, 0.45
550, 5, 3412.84, 806.97, 3631.81, 1046.73, 3, 0.51
550, 12, 2811.44, 820.16, 2955.94, 1071.40, 2, 0.89
550, 21, 3030.16, 795.72, 3143.59, 1032.89, 0, 0.94
550, 25, 2261.85, 747.52, 2378.60, 978.52, 0, 0.93
550, 27, 3414.38, 800.28, 3615.23, 1035.08, 3, 0.70
575, 1, 2605.05, 736.44, 2725.94, 963.08, 1, 0.98
575, 2, 1412.79, 612.70, 1528.53, 790.83, 3, 0.60
575, 5, 3413.93, 808.00, 3628.55, 1036.50, 3, 0.72
575, 12, 2811.87, 820.23, 2956.67, 1071.45, 2, 0.82
575, 21, 3029.63, 795.29, 3142.29, 1033.83, 0, 0.93
575, 25, 2260.61, 746.00, 2379.14, 980.08, 0, 0.93
575, 27, 3413.01, 799.56, 3612.92, 1031.20, 3, 0.71
575, 67, 1285.88, 634.75, 1452.47, 833.79, 3, 0.70
600, 1, 2604.90, 736.98, 2725.16, 964.95, 1, 0.98
600, 2, 1419.61, 613.13, 1528.98, 800.92, 0, 0.67
600, 5, 3412.90, 810.32, 3626.69, 1043.81, 3, 0.68
600, 12, 2811.93, 819.27, 2955.12, 1072.43, 2, 0.47
600, 21, 3028.86, 793.00, 3144.50, 1035.37, 0, 0.92
600, 25, 2260.46, 744.02, 2380.14, 981.86, 0, 0.88
600, 72, 1998.52, 703.93, 2112.14, 919.20, 0, 0.94
625, 1, 2604.33, 737.75, 2725.47, 965.48, 1, 0.98
625, 2, 1426.50, 609.71, 1533.58, 800.49, 0, 0.83
625, 5, 3411.65, 811.45, 3626.67, 1046.09, 3, 0.65
625, 12, 2814.16, 816.59, 2954.34, 1043.30, 2, 0.37
625, 21, 3028.98, 792.09, 3143.21, 1001.17, 0, 0.92
625, 25, 2263.25, 701.61, 2375.27, 917.95, 0, 0.90
625, 72, 1994.90, 693.34, 2106.94, 905.04, 0, 0.91
625, 77, 3832.52, 819.93, 3954.13, 1051.98, 0, 0.76
625, 27, 3416.43, 806.44, 3622.70, 1029.61, 3, 0.31
650, 1, 2616.43, 700.14, 2735.64, 919.96, 1, 0.92
650, 12, 2811.51, 809.06, 2950.64, 1047.99, 2, 0.71
650, 21, 3028.36, 787.71, 3144.43, 993.07, 0, 0.54
650, 72, 1990.66, 668.21, 2096.04, 872.85, 0, 0.75
650, 77, 3833.53, 820.32, 3950.92, 1047.08, 0, 0.83
650, 85, 3837.88, 817.42, 3953.87, 1043.31, 0, 0.62
700, 98, 2637.17, 592.30, 2743.84, 775.89, 0, 0.57
850, 2, 1461.08, 632.10, 1572.45, 840.21, 0, 0.85
975, 160, 668.00, 538.62, 802.91, 691.87, 0, 0.79
1000, 160, 665.77, 538.81, 801.93, 690.20, 0, 0.82
1000, 72, 1928.94, 404.99, 2026.47, 536.96, 0, 0.85
1025, 160, 666.10, 533.37, 803.67, 690.19, 0, 0.61
1050, 160, 666.25, 532.06, 799.72, 690.86, 0, 0.86
1050, 168, 2493.85, 432.57, 2563.72, 565.06, 0, 0.67
1075, 160, 667.24, 533.13, 801.32, 690.54, 0, 0.85
1075, 25, 2207.40, 562.09, 2363.12, 752.83, 0, 0.74
1100, 160, 669.47, 533.24, 802.03, 689.87, 0, 0.80
1100, 176, 2418.86, 559.99, 2508.47, 737.90, 1, 0.93
1100, 67, 1231.66, 594.13, 1421.36, 788.67, 0, 0.54
1125, 160, 668.56, 528.91, 799.45, 687.63, 0, 0.54
1150, 160, 669.93, 531.66, 801.05, 686.78, 0, 0.76
1175, 160, 671.05, 537.70, 797.84, 691.19, 0, 0.26
1200, 160, 669.52, 531.69, 800.69, 689.06, 0, 0.61
1225, 160, 672.35, 530.80, 799.26, 685.67, 0, 0.28
1250, 160, 670.01, 530.39, 801.60, 688.51, 0, 0.42
1275, 160, 672.17, 532.83, 801.97, 688.90, 0, 0.73
1300, 160, 669.67, 534.95, 802.43, 687.85, 0, 0.33
1325, 160, 667.68, 532.43, 802.72, 689.16, 0, 0.78
1350, 160, 670.01, 538.27, 802.33, 690.98, 0, 0.82
1400, 160, 670.00, 533.15, 800.74, 684.25, 0, 0.77
1425, 160, 669.43, 533.70, 802.37, 687.97, 0, 0.82
1450, 160, 672.01, 533.62, 802.38, 688.57, 0, 0.76
1475, 160, 668.36, 530.59, 801.64, 689.61, 0, 0.50
1500, 160, 668.38, 532.91, 803.75, 691.23, 0, 0.63
1525, 160, 670.04, 539.17, 804.62, 693.02, 0, 0.65
1700, 248, 2055.45, 723.09, 2182.64, 967.57, 0, 0.93
1725, 248, 2056.11, 724.17, 2183.19, 967.51, 0, 0.93
1750, 248, 2057.39, 722.83, 2185.05, 968.24, 0, 0.93
1775, 248, 2058.92, 723.27, 2186.29, 967.49, 0, 0.93
1800, 248, 2058.44, 723.04, 2186.00, 967.32, 0, 0.93
1825, 248, 2059.13, 722.90, 2186.02, 966.14, 0, 0.92
1850, 248, 2059.07, 723.67, 2186.57, 966.65, 0, 0.93
1875, 248, 2058.49, 721.97, 2186.62, 966.92, 0, 0.93
1900, 248, 2058.62, 722.27, 2186.88, 966.98, 0, 0.92
1925, 248, 2059.41, 722.54, 2188.62, 966.35, 0, 0.92
1950, 248, 2060.40, 723.24, 2189.49, 964.06, 0, 0.92
1975, 248, 2060.36, 724.16, 2188.39, 963.43, 0, 0.92
2000, 248, 2060.47, 724.34, 2187.73, 964.11, 0, 0.93
2025, 248, 2062.59, 724.17, 2189.36, 963.89, 0, 0.93
2050, 248, 2061.24, 726.59, 2188.17, 964.75, 0, 0.92
2075, 248, 2061.39, 726.25, 2188.88, 966.60, 0, 0.91
2100, 248, 2062.15, 725.25, 2191.01, 966.18, 0, 0.92
2125, 248, 2062.68, 725.02, 2192.32, 964.97, 0, 0.93
2150, 248, 2062.76, 725.38, 2192.47, 966.45, 0, 0.92
2175, 248, 2063.23, 725.63, 2193.13, 965.54, 0, 0.93
2200, 248, 2063.29, 725.20, 2193.16, 962.69, 0, 0.86
2225, 248, 2062.87, 725.65, 2192.30, 963.74, 0, 0.93
2250, 248, 2063.34, 725.04, 2191.26, 964.36, 0, 0.93
2275, 248, 2062.61, 725.26, 2191.33, 964.32, 0, 0.92
2300, 248, 2061.82, 724.93, 2189.22, 964.05, 0, 0.90
2325, 248, 2061.83, 725.07, 2189.86, 964.94, 0, 0.92
2350, 248, 2061.91, 725.20, 2192.43, 964.27, 0, 0.92
2375, 248, 2062.33, 725.34, 2192.53, 963.12, 0, 0.92
2400, 248, 2062.52, 727.27, 2190.38, 964.88, 0, 0.91
2425, 248, 2062.59, 726.35, 2191.29, 963.36, 0, 0.93
2450, 248, 2061.70, 725.53, 2192.59, 963.90, 0, 0.93
2475, 248, 2062.19, 723.38, 2193.45, 964.26, 0, 0.94
2500, 248, 2063.12, 724.41, 2193.18, 964.19, 0, 0.93
2525, 248, 2062.87, 724.74, 2192.54, 964.21, 0, 0.94
2550, 248, 2062.77, 724.66, 2192.76, 963.90, 0, 0.94
2550, 290, 2269.70, 857.40, 2410.88, 1128.77, 1, 0.40
2575, 248, 2062.93, 725.41, 2192.10, 964.24, 0, 0.94
2575, 292, 1510.19, 338.04, 1636.70, 460.20, 0, 0.41
2600, 248, 2062.72, 725.82, 2192.13, 965.09, 0, 0.93
2600, 292, 1524.08, 335.80, 1638.98, 461.32, 0, 0.50
2600, 290, 2267.80, 859.55, 2411.43, 1129.98, 1, 0.29
2625, 248, 2062.61, 725.74, 2190.53, 965.88, 0, 0.93
2625, 292, 1545.23, 337.33, 1651.11, 460.81, 0, 0.45
2625, 290, 2268.91, 862.83, 2412.06, 1130.82, 1, 0.36
2650, 248, 2062.45, 726.80, 2189.99, 966.20, 0, 0.94
2650, 292, 1542.72, 347.84, 1665.64, 485.96, 0, 0.39
2650, 290, 2269.79, 862.44, 2412.25, 1128.65, 3, 0.58
2675, 248, 2062.28, 726.51, 2190.42, 967.38, 0, 0.93
2675, 290, 2269.49, 862.37, 2411.81, 1128.79, 3, 0.57
2700, 248, 2061.82, 727.03, 2189.90, 966.60, 0, 0.93
2700, 290, 2268.29, 863.71, 2413.09, 1129.76, 3, 0.39
2700, 292, 1547.24, 338.58, 1667.04, 470.39, 0, 0.48
2725, 248, 2061.37, 726.91, 2189.86, 967.50, 0, 0.93
2725, 290, 2267.75, 865.27, 2412.87, 1130.52, 3, 0.26
2725, 292, 1561.48, 340.87, 1666.02, 458.88, 0, 0.30
2750, 248, 2061.99, 725.48, 2189.97, 966.08, 0, 0.93
2750, 290, 2268.15, 871.98, 2411.69, 1131.75, 3, 0.43
2750, 292, 1559.13, 343.39, 1668.96, 463.90, 0, 0.66
2775, 248, 2062.04, 723.73, 2188.96, 965.82, 0, 0.92
2775, 290, 2273.51, 873.59, 2416.38, 1130.41, 1, 0.44
2800, 248, 2059.13, 694.32, 2181.22, 929.63, 0, 0.94
2800, 290, 2281.39, 866.91, 2420.43, 1112.00, 3, 0.36
2800, 311, 2179.56, 1026.02, 2355.24, 1311.38, 2, 0.90
2825, 290, 2277.03, 787.63, 2402.56, 1022.98, 1, 0.96
2825, 311, 2160.62, 935.41, 2336.40, 1210.90, 2, 0.99
2925, 336, 2115.24, 438.69, 2194.45, 574.80, 0, 0.89
2950, 248, 2107.88, 634.54, 2225.74, 837.93, 0, 0.88
2975, 345, 733.25, 578.52, 838.02, 773.31, 0, 0.74
3000, 345, 727.80, 630.98, 836.00, 844.38, 0, 0.57
3175, 373, 746.67, 506.24, 840.85, 674.11, 0, 0.87
3225, 382, 1766.23, 1561.16, 1974.97, 2017.11, 0, 0.92
3225, 384, 798.69, 521.75, 911.29, 693.43, 0, 0.59
3250, 384, 776.50, 516.44, 902.52, 688.04, 0, 0.81
3275, 248, 2198.34, 519.14, 2280.45, 679.22, 0, 0.88
3275, 373, 748.33, 519.31, 873.33, 674.05, 0, 0.58
3300, 373, 744.91, 511.71, 874.96, 674.86, 0, 0.56
3325, 373, 744.62, 511.27, 875.59, 675.07, 0, 0.79
3350, 373, 742.36, 513.21, 872.83, 672.15, 0, 0.58
3375, 373, 742.51, 513.62, 873.79, 672.76, 0, 0.56
3400, 373, 746.57, 514.63, 877.25, 675.79, 0, 0.71
3425, 373, 748.81, 514.12, 867.33, 675.56, 0, 0.76
3450, 373, 744.32, 512.92, 870.85, 674.96, 0, 0.69
3475, 373, 745.64, 512.81, 867.68, 674.95, 0, 0.65
3475, 382, 1859.09, 1507.38, 2094.05, 1931.39, 3, 0.99
3500, 373, 734.53, 514.28, 859.57, 671.69, 0, 0.67
3525, 373, 732.84, 516.03, 849.59, 669.10, 0, 0.48
3550, 373, 729.02, 512.31, 853.42, 669.47, 0, 0.75
3575, 373, 730.35, 514.49, 852.47, 670.78, 0, 0.85
3600, 373, 726.08, 513.48, 853.39, 670.47, 0, 0.68
3650, 382, 2051.29, 1376.77, 2245.56, 1808.94, 0, 0.92
3650, 373, 733.26, 515.91, 845.28, 679.46, 0, 0.58
3700, 434, 2170.72, 932.94, 2324.04, 1232.69, 0, 0.89
3725, 434, 2180.18, 903.83, 2329.93, 1190.28, 0, 0.50
3725, 438, 2534.58, 821.48, 2673.93, 1071.20, 0, 0.92
3750, 434, 2184.85, 898.21, 2335.43, 1173.76, 0, 0.80
3750, 438, 2531.26, 820.84, 2670.10, 1068.30, 0, 0.38
3775, 434, 2190.04, 896.45, 2336.42, 1173.28, 0, 0.73
3775, 438, 2533.02, 822.63, 2671.61, 1068.71, 0, 0.72
3775, 373, 741.99, 518.23, 850.09, 666.92, 0, 0.29
3800, 434, 2187.01, 891.38, 2337.61, 1173.80, 0, 0.41
3800, 438, 2532.84, 822.11, 2673.20, 1068.66, 0, 0.90
3800, 459, 1524.55, 886.07, 1703.12, 1170.59, 0, 0.79
3825, 434, 2186.02, 896.16, 2335.36, 1171.52, 0, 0.55
3825, 438, 2529.24, 821.34, 2668.51, 1069.52, 0, 0.42
3825, 459, 1532.91, 882.16, 1714.57, 1161.45, 0, 0.92
3850, 434, 2185.16, 895.76, 2335.39, 1175.03, 0, 0.69
3850, 438, 2534.15, 819.55, 2673.76, 1070.78, 0, 0.84
3850, 459, 1537.86, 878.43, 1717.45, 1158.12, 0, 0.94
3875, 434, 2186.28, 892.71, 2337.02, 1174.30, 0, 0.78
3875, 438, 2532.47, 819.67, 2674.88, 1068.84, 0, 0.78
3875, 459, 1536.05, 876.78, 1714.11, 1157.19, 0, 0.95
3900, 434, 2185.87, 892.70, 2338.25, 1173.95, 0, 0.26
3900, 438, 2533.38, 820.03, 2675.10, 1069.07, 0, 0.79
3900, 459, 1535.14, 874.68, 1716.83, 1160.68, 0, 0.94
3925, 434, 2185.96, 892.00, 2339.11, 1175.18, 0, 0.32
3925, 438, 2535.71, 820.22, 2676.27, 1070.04, 0, 0.90
3925, 459, 1536.12, 875.76, 1717.44, 1158.49, 0, 0.96
3950, 434, 2186.21, 891.82, 2337.59, 1174.55, 0, 0.38
3950, 438, 2536.62, 820.72, 2676.20, 1070.88, 0, 0.89
3950, 459, 1536.52, 878.30, 1717.01, 1157.55, 0, 0.94
3975, 434, 2186.18, 892.49, 2338.22, 1175.46, 0, 0.36
3975, 438, 2535.52, 822.08, 2675.25, 1070.19, 0, 0.79
3975, 459, 1536.69, 877.07, 1717.22, 1158.77, 0, 0.95
4000, 434, 2186.17, 891.93, 2338.45, 1174.96, 0, 0.65
4000, 438, 2531.98, 821.71, 2671.68, 1070.56, 0, 0.52
4000, 459, 1536.85, 875.99, 1717.62, 1158.07, 0, 0.94
4025, 434, 2185.64, 892.75, 2338.18, 1175.98, 0, 0.43
4025, 438, 2532.36, 820.93, 2673.13, 1070.30, 0, 0.39
4025, 459, 1537.19, 876.74, 1718.40, 1156.95, 0, 0.94
4025, 495, 2530.88, 820.70, 2670.32, 1070.47, 0, 0.37
4025, 373, 779.70, 538.73, 910.95, 713.74, 1, 0.70
4050, 434, 2187.16, 893.29, 2337.65, 1175.04, 0, 0.60
4050, 438, 2531.56, 820.08, 2673.90, 1069.84, 0, 0.83
4050, 459, 1536.70, 880.46, 1718.33, 1158.00, 0, 0.94
4075, 434, 2186.88, 892.31, 2337.78, 1175.13, 0, 0.72
4075, 438, 2531.02, 819.83, 2673.78, 1069.16, 0, 0.69
4075, 459, 1536.95, 877.47, 1717.44, 1156.80, 0, 0.96
4100, 434, 2187.79, 891.94, 2337.00, 1174.47, 0, 0.37
4100, 438, 2530.30, 819.72, 2673.76, 1069.77, 0, 0.34
4100, 459, 1536.64, 876.39, 1716.58, 1157.32, 0, 0.95
4100, 502, 4003.60, 902.16, 4096.00, 1122.79, 0, 0.57
4100, 503, 2800.14, 822.16, 2948.42, 1070.05, 0, 0.80
4125, 434, 2186.80, 892.19, 2336.89, 1174.36, 0, 0.60
4125, 438, 2529.30, 820.03, 2670.79, 1069.85, 0, 0.40
4125, 459, 1535.47, 876.95, 1716.38, 1157.39, 0, 0.95
4125, 502, 4003.44, 899.76, 4096.00, 1121.14, 0, 0.58
4125, 503, 2801.30, 815.99, 2945.11, 1062.87, 0, 0.89
4150, 434, 2186.81, 891.82, 2335.44, 1174.96, 0, 0.75
4150, 438, 2530.67, 818.86, 2673.23, 1069.69, 0, 0.53
4150, 459, 1535.91, 878.51, 1716.61, 1156.72, 0, 0.95
4150, 502, 4002.21, 910.62, 4096.00, 1124.57, 0, 0.54
4150, 503, 2803.06, 813.99, 2941.84, 1060.50, 0, 0.95
4175, 434, 2185.24, 892.64, 2335.63, 1175.13, 0, 0.59
4175, 438, 2529.73, 819.65, 2670.49, 1069.87, 0, 0.28
4175, 459, 1534.20, 876.13, 1716.91, 1157.71, 0, 0.96
4175, 502, 3998.47, 907.90, 4095.92, 1125.25, 0, 0.55
4175, 503, 2807.61, 813.73, 2948.29, 1064.23, 0, 0.95
4200, 434, 2185.74, 892.36, 2336.57, 1176.86, 0, 0.25
4200, 438, 2529.05, 819.06, 2669.46, 1069.93, 0, 0.41
4200, 459, 1534.85, 876.17, 1717.50, 1157.41, 0, 0.95
4200, 502, 3998.29, 914.66, 4095.91, 1131.02, 0, 0.55
4200, 503, 2809.01, 816.80, 2951.98, 1066.47, 0, 0.90
4200, 511, 3991.36, 908.13, 4090.91, 1126.78, 0, 0.35
4225, 434, 2186.31, 892.50, 2335.95, 1176.86, 0, 0.70
4225, 438, 2531.62, 820.27, 2672.77, 1070.25, 0, 0.74
4225, 459, 1535.00, 875.84, 1717.18, 1158.46, 0, 0.96
4225, 502, 3998.95, 918.86, 4095.86, 1131.17, 0, 0.51
4225, 503, 2809.53, 817.22, 2953.34, 1067.29, 0, 0.94
4225, 511, 3997.87, 916.78, 4094.75, 1129.54, 1, 0.27
4250, 434, 2186.36, 892.90, 2335.48, 1176.45, 0, 0.43
4250, 438, 2533.12, 821.12, 2674.16, 1069.51, 0, 0.73
4250, 459, 1534.09, 876.26, 1717.39, 1158.53, 0, 0.96
4250, 503, 2815.15, 818.70, 2953.76, 1066.63, 0, 0.94
4275, 434, 2185.73, 892.91, 2336.00, 1175.41, 0, 0.81
4275, 438, 2532.04, 820.55, 2670.35, 1070.10, 0, 0.49
4275, 459, 1534.88, 876.17, 1716.85, 1158.12, 0, 0.96
4275, 503, 2816.13, 818.40, 2944.66, 1065.21, 0, 0.94
4275, 502, 4000.15, 915.16, 4095.79, 1126.39, 0, 0.54
4300, 434, 2186.07, 892.84, 2336.13, 1175.24, 0, 0.85
4300, 438, 2532.82, 820.11, 2672.54, 1069.89, 0, 0.60
4300, 459, 1534.12, 874.93, 1717.03, 1158.59, 0, 0.95
4300, 503, 2810.85, 817.73, 2948.30, 1068.69, 0, 0.92
4300, 516, 3991.01, 907.67, 4090.39, 1120.49, 0, 0.54
4300, 502, 3999.52, 912.36, 4095.76, 1125.17, 0, 0.47
4325, 434, 2185.58, 893.46, 2336.84, 1174.36, 0, 0.68
4325, 438, 2530.85, 821.14, 2669.56, 1070.19, 0, 0.66
4325, 459, 1534.29, 875.56, 1717.49, 1157.98, 0, 0.96
4325, 503, 2791.93, 807.12, 2934.07, 1068.67, 0, 0.68
4325, 516, 3991.30, 908.35, 4090.77, 1121.68, 0, 0.39
4325, 502, 3998.92, 913.09, 4095.83, 1126.83, 0, 0.53
4350, 434, 2185.69, 893.85, 2336.40, 1174.50, 0, 0.82
4350, 438, 2529.76, 822.24, 2668.27, 1070.70, 0, 0.66
4350, 459, 1534.27, 876.70, 1717.15, 1157.71, 0, 0.95
4350, 503, 2804.15, 815.46, 2943.61, 1069.25, 0, 0.94
4350, 516, 3991.65, 908.30, 4090.92, 1122.46, 0, 0.44
4350, 502, 3998.95, 912.21, 4095.86, 1127.60, 0, 0.55
4375, 434, 2186.01, 893.28, 2336.69, 1175.45, 0, 0.71
4375, 438, 2530.75, 821.53, 2671.66, 1068.78, 0, 0.58
4375, 459, 1534.50, 878.07, 1717.34, 1157.76, 0, 0.96
4375, 503, 2807.27, 818.10, 2948.93, 1070.52, 0, 0.94
4375, 516, 3992.02, 903.21, 4090.35, 1124.87, 0, 0.44
4375, 502, 4000.35, 907.74, 4095.89, 1130.04, 0, 0.58
4400, 434, 2185.35, 893.82, 2337.02, 1175.16, 0, 0.40
4400, 438, 2529.75, 822.06, 2669.32, 1070.10, 0, 0.67
4400, 459, 1535.86, 878.91, 1718.18, 1157.44, 0, 0.93
4400, 503, 2808.85, 819.16, 2950.56, 1070.82, 0, 0.92
4400, 516, 3991.98, 907.28, 4090.44, 1122.49, 0, 0.35
4400, 502, 3999.97, 911.46, 4095.85, 1127.56, 0, 0.57
4425, 434, 2185.64, 892.50, 2336.46, 1174.92, 0, 0.83
4425, 438, 2529.60, 821.40, 2668.50, 1070.56, 0, 0.67
4425, 459, 1537.96, 878.55, 1716.84, 1158.99, 0, 0.79
4425, 503, 2809.62, 819.66, 2951.16, 1070.74, 0, 0.93
4425, 516, 3991.08, 909.95, 4090.65, 1121.31, 0, 0.44
4425, 502, 3998.76, 913.20, 4095.79, 1126.78, 0, 0.53
4450, 434, 2185.31, 891.98, 2337.52, 1174.14, 0, 0.84
4450, 438, 2530.80, 822.12, 2671.50, 1069.74, 0, 0.54
4450, 459, 1536.82, 876.80, 1717.61, 1157.15, 0, 0.95
4450, 503, 2809.90, 820.25, 2951.32, 1070.52, 0, 0.93
4450, 516, 3990.84, 912.66, 4090.57, 1121.37, 0, 0.43
4450, 502, 3998.30, 915.46, 4095.77, 1126.88, 0, 0.51
4475, 434, 2186.03, 893.66, 2338.37, 1175.86, 0, 0.41
4475, 438, 2530.56, 822.29, 2668.55, 1069.62, 0, 0.34
4475, 459, 1537.55, 877.72, 1718.17, 1159.30, 0, 0.94
4475, 503, 2810.48, 820.52, 2952.29, 1069.70, 0, 0.92
4475, 516, 3990.35, 914.24, 4091.10, 1121.14, 0, 0.31
4475, 502, 3997.29, 917.49, 4095.74, 1125.22, 0, 0.61
4500, 434, 2186.42, 894.38, 2338.10, 1175.14, 0, 0.79
4500, 438, 2529.47, 822.29, 2668.96, 1070.26, 0, 0.47
4500, 459, 1536.12, 879.99, 1717.62, 1159.67, 0, 0.96
4500, 503, 2808.87, 820.88, 2953.17, 1070.85, 0, 0.91
4500, 502, 3998.23, 908.72, 4095.88, 1125.53, 0, 0.56
4525, 434, 2186.82, 894.13, 2338.11, 1177.71, 0, 0.72
4525, 438, 2530.52, 820.99, 2672.72, 1068.81, 0, 0.85
4525, 459, 1536.34, 880.41, 1715.83, 1161.76, 0, 0.95
4525, 503, 2809.33, 819.81, 2953.16, 1070.67, 0, 0.92
4525, 502, 3999.22, 907.23, 4095.92, 1125.74, 0, 0.47
4550, 434, 2186.05, 894.42, 2338.27, 1176.69, 0, 0.63
4550, 438, 2530.83, 820.96, 2673.14, 1068.74, 0, 0.50
4550, 459, 1535.51, 879.75, 1716.78, 1159.28, 0, 0.95
4550, 503, 2808.03, 819.83, 2950.55, 1065.09, 0, 0.86
4550, 502, 3998.80, 905.27, 4095.94, 1125.77, 0, 0.57
4550, 516, 3991.06, 904.14, 4091.20, 1120.76, 0, 0.31
4575, 434, 2186.21, 894.58, 2338.54, 1176.91, 0, 0.51
4575, 438, 2529.46, 821.08, 2669.41, 1070.29, 0, 0.75
4575, 459, 1536.11, 879.37, 1716.14, 1158.72, 0, 0.95
4575, 503, 2806.96, 819.85, 2952.81, 1069.97, 0, 0.93
4575, 502, 3998.19, 913.49, 4095.82, 1125.47, 0, 0.68
4575, 525, 2507.89, 1638.17, 2771.00, 2103.51, 0, 0.79
4600, 434, 2186.20, 894.17, 2338.67, 1170.57, 0, 0.93
4600, 438, 2530.45, 815.68, 2669.07, 1058.23, 0, 0.69
4600, 459, 1537.12, 877.10, 1718.74, 1159.64, 0, 0.94
4600, 503, 2805.43, 819.52, 2953.63, 1071.38, 0, 0.93
4600, 502, 3997.60, 913.79, 4095.85, 1129.06, 0, 0.51
4625, 434, 2197.43, 893.60, 2338.84, 1150.93, 0, 0.86
4625, 438, 2530.59, 814.22, 2669.18, 1051.53, 0, 0.88
4625, 459, 1537.95, 876.24, 1718.63, 1157.49, 0, 0.81
4625, 503, 2806.13, 819.78, 2953.65, 1071.77, 0, 0.93
4625, 502, 3999.13, 910.11, 4095.89, 1125.98, 0, 0.66
4625, 530, 2550.60, 990.68, 2685.82, 1231.35, 3, 0.85
4650, 434, 2193.92, 897.73, 2334.62, 1165.17, 0, 0.69
4650, 438, 2530.76, 813.05, 2670.66, 1039.97, 0, 0.87
4650, 459, 1535.03, 882.43, 1716.89, 1160.90, 0, 0.88
4650, 503, 2806.43, 820.34, 2953.55, 1070.81, 0, 0.90
4650, 502, 3999.29, 911.54, 4095.89, 1123.53, 0, 0.59
4650, 530, 2558.39, 986.12, 2686.19, 1233.66, 3, 0.75
4650, 531, 2032.20, 836.66, 2189.88, 1118.45, 0, 0.90
4675, 434, 2194.81, 903.08, 2334.51, 1169.61, 0, 0.87
4675, 438, 2530.40, 814.69, 2671.45, 1040.41, 0, 0.87
4675, 459, 1535.95, 879.19, 1716.01, 1159.26, 0, 0.95
4675, 503, 2807.77, 820.78, 2951.36, 1070.01, 0, 0.91
4675, 502, 3999.32, 914.95, 4095.83, 1122.80, 0, 0.55
4675, 530, 2557.67, 979.37, 2687.11, 1195.33, 3, 0.54
4675, 531, 2075.97, 795.16, 2225.39, 1046.18, 0, 0.92
4700, 434, 2195.57, 904.71, 2333.83, 1173.37, 0, 0.89
4700, 438, 2532.94, 817.31, 2667.76, 1038.60, 0, 0.87
4700, 459, 1538.00, 875.50, 1716.69, 1160.33, 0, 0.95
4700, 503, 2810.28, 817.19, 2954.31, 1019.42, 0, 0.91
4700, 502, 4000.26, 910.61, 4095.90, 1125.53, 0, 0.53
4700, 531, 2089.07, 777.09, 2232.43, 1017.16, 0, 0.86
4700, 525, 2471.20, 1906.23, 2756.14, 2154.64, 0, 0.78
4725, 434, 2189.86, 898.33, 2332.33, 1174.68, 0, 0.83
4725, 438, 2532.95, 816.91, 2669.55, 1028.12, 0, 0.91
4725, 459, 1535.68, 873.97, 1715.24, 1159.39, 0, 0.96
4725, 502, 4000.17, 905.58, 4095.92, 1128.60, 0, 0.49
4725, 531, 2090.73, 778.21, 2232.00, 1016.81, 0, 0.92
4725, 530, 2541.21, 950.91, 2675.99, 1201.13, 3, 0.39
4750, 434, 2191.67, 904.81, 2333.03, 1175.70, 0, 0.88
4750, 438, 2534.19, 817.76, 2668.42, 1020.71, 0, 0.90
4750, 459, 1536.27, 873.27, 1715.08, 1160.03, 0, 0.96
4750, 502, 3999.12, 906.20, 4095.87, 1130.29, 0, 0.48
4750, 531, 2086.44, 776.70, 2235.17, 1016.96, 0, 0.95
4750, 535, 2535.98, 960.48, 2668.48, 1201.83, 3, 0.52
4750, 536, 2536.44, 958.38, 2676.79, 1204.68, 3, 0.36
4750, 530, 2539.29, 953.08, 2673.85, 1200.63, 3, 0.65
4750, 503, 2809.19, 819.04, 2953.20, 1056.97, 0, 0.83
4775, 434, 2193.74, 908.43, 2333.72, 1175.03, 0, 0.91
4775, 438, 2535.74, 818.64, 2670.49, 1023.22, 0, 0.76
4775, 459, 1535.38, 874.24, 1715.44, 1159.91, 0, 0.96
4775, 502, 3998.79, 908.46, 4095.89, 1128.48, 0, 0.55
4775, 531, 2088.76, 781.33, 2232.33, 1017.71, 0, 0.89
4775, 503, 2809.74, 819.75, 2953.49, 1066.71, 0, 0.89
4775, 516, 3991.44, 903.63, 4090.80, 1121.30, 0, 0.39
4800, 434, 2193.45, 908.34, 2334.37, 1175.09, 0, 0.93
4800, 438, 2535.17, 816.39, 2670.21, 1022.86, 0, 0.90
4800, 459, 1535.70, 875.12, 1715.97, 1160.65, 0, 0.96
4800, 502, 3998.89, 904.54, 4095.94, 1128.04, 0, 0.51
4800, 531, 2089.34, 783.38, 2236.95, 1015.60, 0, 0.93
4800, 503, 2810.07, 820.63, 2953.87, 1071.60, 0, 0.90
4800, 540, 2461.27, 1194.40, 2646.95, 1536.82, 0, 0.92
4800, 545, 2397.49, 1023.35, 2549.39, 1295.26, 0, 0.45
4800, 530, 2536.15, 958.29, 2673.81, 1193.65, 3, 0.44
4825, 434, 2200.39, 906.24, 2338.51, 1159.66, 0, 0.87
4825, 438, 2533.65, 817.45, 2671.74, 1023.71, 0, 0.88
4825, 459, 1534.78, 876.01, 1717.06, 1161.90, 0, 0.95
4825, 502, 3998.33, 911.53, 4095.96, 1129.06, 0, 0.67
4825, 531, 2087.69, 780.74, 2233.64, 1016.09, 0, 0.93
4825, 503, 2808.08, 813.60, 2953.38, 1065.08, 0, 0.34
4825, 540, 2463.15, 1184.17, 2636.99, 1512.28, 0, 0.77
4825, 545, 2398.89, 1024.03, 2558.85, 1289.94, 3, 0.51
4850, 434, 2194.76, 904.47, 2336.27, 1169.40, 0, 0.92
4850, 438, 2533.48, 814.74, 2673.36, 1031.33, 0, 0.55
4850, 459, 1534.28, 877.44, 1717.42, 1161.12, 0, 0.95
4850, 502, 3998.30, 915.52, 4095.78, 1128.70, 0, 0.56
4850, 531, 2091.06, 778.33, 2237.27, 1016.36, 0, 0.94
4850, 503, 2808.03, 799.91, 2947.77, 1045.23, 0, 0.95
4850, 540, 2465.95, 1178.13, 2627.30, 1500.94, 0, 0.95
4850, 545, 2398.51, 1023.32, 2552.18, 1289.86, 0, 0.54
4850, 551, 2725.29, 1156.35, 2894.04, 1524.33, 0, 0.97
4850, 530, 2510.36, 929.08, 2666.92, 1170.17, 3, 0.30
4875, 434, 2193.43, 908.68, 2335.14, 1170.74, 0, 0.92
4875, 438, 2535.83, 814.53, 2675.11, 1023.58, 0, 0.56
4875, 459, 1535.15, 882.24, 1717.90, 1161.31, 0, 0.94
4875, 531, 2093.26, 778.93, 2234.30, 1018.35, 0, 0.93
4875, 503, 2811.51, 797.47, 2950.24, 1035.84, 0, 0.91
4875, 540, 2469.01, 1180.60, 2625.77, 1490.17, 0, 0.64
4875, 545, 2396.46, 1022.99, 2557.97, 1286.26, 3, 0.48
4875, 551, 2719.02, 1105.49, 2873.06, 1446.74, 0, 0.95
4875, 556, 2534.78, 813.62, 2672.37, 1022.09, 0, 0.37
4875, 530, 2506.46, 925.76, 2663.58, 1160.30, 3, 0.28
4900, 434, 2193.76, 906.70, 2334.22, 1172.04, 0, 0.94
4900, 438, 2536.12, 816.40, 2676.05, 1027.87, 0, 0.77
4900, 459, 1546.25, 873.78, 1724.11, 1160.05, 0, 0.93
4900, 531, 2096.88, 778.14, 2238.81, 1017.77, 0, 0.93
4900, 503, 2808.27, 796.12, 2949.91, 1031.80, 0, 0.88
4900, 540, 2470.43, 1180.79, 2626.92, 1496.77, 0, 0.43
4900, 545, 2384.67, 1023.00, 2555.13, 1282.52, 0, 0.50
4900, 551, 2715.04, 1073.41, 2862.47, 1412.92, 0, 0.71
4900, 559, 1866.22, 735.12, 1991.52, 968.51, 0, 0.93
4900, 562, 3873.24, 1040.47, 4084.84, 1329.69, 0, 0.86
4925, 434, 2194.71, 900.01, 2338.33, 1149.94, 0, 0.89
4925, 438, 2536.42, 815.67, 2676.06, 1027.59, 0, 0.90
4925, 531, 2118.34, 752.88, 2262.18, 987.16, 0, 0.78
4925, 503, 2809.71, 796.04, 2948.41, 1031.21, 0, 0.93
4925, 540, 2469.27, 1183.43, 2628.05, 1496.91, 0, 0.48
4925, 545, 2392.20, 1020.19, 2556.93, 1285.77, 0, 0.52
4925, 551, 2717.16, 1062.43, 2865.53, 1392.61, 0, 0.95
4925, 559, 1895.96, 701.82, 2017.51, 928.78, 0, 0.96
4925, 562, 3814.10, 1006.40, 4026.48, 1306.62, 0, 0.80
4925, 502, 4001.64, 916.08, 4095.97, 1109.16, 0, 0.63
4925, 530, 2501.43, 925.72, 2661.56, 1160.68, 3, 0.47
4950, 434, 2190.42, 846.40, 2338.10, 1089.95, 0, 0.91
4950, 438, 2539.82, 795.80, 2676.01, 1009.42, 0, 0.82
4950, 531, 2153.65, 703.51, 2290.07, 925.00, 0, 0.96
4950, 503, 2809.31, 781.59, 2942.36, 1013.73, 0, 0.94
4950, 540, 2468.12, 1176.41, 2631.55, 1499.22, 0, 0.76
4950, 545, 2396.60, 1000.72, 2546.19, 1261.75, 0, 0.36
4950, 551, 2713.56, 1061.59, 2862.77, 1394.41, 0, 0.94
4950, 559, 1905.99, 689.70, 2026.57, 913.23, 0, 0.96
4950, 567, 2211.14, 1000.11, 2356.85, 1293.96, 0, 0.96
4950, 569, 1674.22, 697.74, 1789.66, 924.16, 0, 0.93
4950, 502, 3956.25, 875.71, 4095.75, 1105.37, 2, 0.71
4975, 434, 2161.58, 829.57, 2288.49, 1068.94, 0, 0.89
4975, 438, 2535.38, 744.36, 2661.36, 949.06, 0, 0.89
4975, 531, 2199.03, 701.55, 2317.09, 917.08, 0, 0.91
4975, 545, 2384.15, 1010.36, 2549.31, 1310.52, 0, 0.90
4975, 551, 2708.44, 1033.56, 2858.56, 1364.89, 0, 0.93
4975, 559, 1920.24, 634.59, 2030.97, 849.48, 0, 0.79
4975, 530, 2527.84, 894.98, 2658.76, 1148.91, 3, 0.68
5000, 438, 2535.02, 760.32, 2655.56, 938.38, 3, 0.85
5000, 579, 3045.43, 609.06, 3170.48, 824.14, 0, 0.87
5000, 530, 2517.99, 884.12, 2672.34, 1156.91, 0, 0.91
5025, 582, 2489.39, 630.80, 2595.61, 830.11, 3, 0.75
5025, 588, 2816.97, 506.76, 2904.56, 685.87, 0, 0.83
5025, 590, 2325.98, 700.13, 2442.54, 921.52, 0, 0.85
5025, 591, 2206.57, 548.98, 2308.80, 724.42, 0, 0.65
5025, 531, 2227.38, 639.08, 2332.99, 833.76, 0, 0.82
5050, 591, 2223.50, 579.48, 2313.69, 751.47, 0, 0.76
5050, 596, 2372.55, 528.31, 2458.75, 690.52, 0, 0.70
5075, 591, 2187.02, 583.33, 2277.22, 765.65, 0, 0.88
5150, 434, 2198.89, 745.90, 2356.52, 983.43, 1, 0.94
5175, 503, 2830.26, 745.75, 2937.92, 987.07, 0, 0.46
5175, 588, 2783.41, 461.31, 2907.18, 615.75, 0, 0.68
5200, 672, 706.05, 629.41, 805.39, 803.77, 0, 0.74
5250, 691, 418.23, 870.67, 528.96, 1083.60, 1, 0.73
5475, 459, 1576.42, 952.87, 1726.46, 1255.74, 0, 0.96
5500, 569, 1697.23, 612.33, 1794.30, 817.06, 0, 0.95
5650, 672, 748.46, 634.36, 848.43, 833.57, 1, 0.66
5800, 755, 2649.64, 1427.55, 2929.19, 1803.50, 1, 0.44
5800, 757, 2664.71, 1428.92, 2923.24, 1810.40, 1, 0.94
5825, 755, 2638.02, 1425.70, 2928.83, 1810.86, 1, 0.92
5825, 757, 2626.77, 1430.36, 2934.31, 1801.28, 1, 0.67
5850, 755, 2634.28, 1432.91, 2926.17, 1813.38, 1, 0.93
5850, 757, 2615.43, 1435.70, 2938.14, 1801.86, 1, 0.68
5875, 755, 2636.25, 1434.50, 2927.28, 1815.46, 1, 0.90
5875, 757, 2617.09, 1437.43, 2939.78, 1801.79, 1, 0.70
5900, 755, 2632.03, 1435.85, 2926.46, 1810.44, 1, 0.93
5900, 757, 2614.20, 1439.13, 2940.40, 1799.14, 1, 0.62
5900, 672, 809.15, 624.72, 911.05, 825.46, 0, 0.58
5925, 755, 2637.51, 1435.29, 2925.95, 1811.26, 1, 0.92
5925, 757, 2619.58, 1438.22, 2940.17, 1799.73, 1, 0.65
5950, 755, 2646.06, 1431.51, 2924.30, 1811.00, 1, 0.92
5950, 757, 2626.49, 1430.67, 2939.44, 1799.50, 1, 0.62
5975, 755, 2654.16, 1432.86, 2923.94, 1815.08, 1, 0.94
5975, 757, 2634.41, 1433.45, 2938.97, 1803.25, 1, 0.64
6000, 755, 2655.73, 1418.84, 2927.25, 1812.52, 1, 0.78
6000, 757, 2633.56, 1418.05, 2938.52, 1798.65, 1, 0.58
6025, 755, 2661.05, 1415.92, 2924.16, 1814.45, 1, 0.95
6025, 757, 2640.01, 1415.76, 2937.84, 1796.73, 1, 0.62
6025, 778, 737.29, 491.02, 834.30, 661.78, 0, 0.53
6050, 755, 2665.44, 1415.81, 2923.67, 1814.51, 1, 0.98
6050, 757, 2643.91, 1417.30, 2939.39, 1796.54, 1, 0.77
6050, 778, 734.43, 495.80, 835.51, 661.68, 0, 0.87
6050, 780, 3759.94, 863.63, 3990.42, 1100.41, 2, 0.96
6075, 755, 2663.61, 1414.81, 2924.93, 1814.92, 1, 0.94
6075, 757, 2643.45, 1416.72, 2940.32, 1797.03, 1, 0.69
6075, 778, 736.67, 495.50, 834.11, 663.16, 0, 0.75
6075, 780, 3754.59, 863.53, 3987.22, 1098.33, 2, 0.97
6100, 755, 2664.01, 1414.45, 2927.66, 1818.35, 1, 0.89
6100, 757, 2644.02, 1418.80, 2939.79, 1798.81, 1, 0.78
6100, 778, 732.13, 494.75, 834.31, 663.29, 0, 0.49
6100, 780, 3752.45, 864.17, 3983.53, 1100.61, 2, 0.84
6125, 755, 2668.42, 1413.66, 2927.27, 1815.32, 1, 0.87
6125, 757, 2650.47, 1418.94, 2939.47, 1798.07, 1, 0.67
6125, 778, 731.26, 494.63, 834.65, 663.84, 0, 0.87
6125, 780, 3751.37, 861.67, 3983.79, 1099.51, 2, 0.98
6150, 755, 2671.83, 1412.63, 2928.25, 1815.84, 1, 0.92
6150, 757, 2651.68, 1418.00, 2940.79, 1797.59, 1, 0.73
6150, 778, 729.32, 488.77, 834.94, 664.75, 0, 0.90
6150, 780, 3752.67, 865.26, 3983.36, 1100.70, 2, 0.97
6175, 755, 2669.91, 1411.58, 2929.23, 1817.40, 1, 0.76
6175, 757, 2651.45, 1415.66, 2940.35, 1799.65, 1, 0.76
6175, 778, 730.69, 494.18, 832.39, 664.42, 0, 0.47
6175, 780, 3754.00, 864.59, 3983.89, 1101.66, 2, 0.98
6200, 755, 2674.21, 1416.22, 2929.23, 1818.52, 1, 0.80
6200, 757, 2655.16, 1416.21, 2940.37, 1799.69, 1, 0.70
6200, 778, 728.82, 493.30, 831.40, 664.14, 0, 0.87
6200, 780, 3754.45, 860.34, 3976.15, 1084.15, 0, 0.33
6225, 755, 2675.57, 1423.30, 2928.01, 1813.18, 1, 0.87
6225, 757, 2655.31, 1417.49, 2939.70, 1796.96, 1, 0.50
6225, 778, 728.30, 493.39, 831.06, 664.83, 0, 0.90
6225, 780, 3752.55, 863.50, 3980.40, 1097.61, 2, 0.95
6250, 755, 2679.83, 1426.82, 2927.26, 1816.42, 1, 0.83
6250, 757, 2660.60, 1420.45, 2939.22, 1798.58, 1, 0.56
6250, 778, 727.68, 493.81, 831.70, 664.29, 0, 0.84
6250, 780, 3752.97, 864.33, 3983.39, 1098.45, 2, 0.95
6275, 755, 2674.08, 1434.07, 2924.59, 1815.56, 1, 0.81
6275, 757, 2656.43, 1426.80, 2938.72, 1800.39, 1, 0.49
6275, 778, 725.63, 490.15, 833.04, 663.86, 0, 0.87
6275, 780, 3755.92, 862.44, 3983.45, 1098.12, 2, 0.95
6300, 755, 2678.67, 1439.01, 2925.62, 1813.49, 1, 0.92
6300, 757, 2660.52, 1430.74, 2940.37, 1800.73, 1, 0.59
6300, 778, 727.92, 492.12, 832.86, 664.47, 0, 0.83
6300, 780, 3755.47, 866.27, 3984.45, 1102.44, 2, 0.96
6325, 755, 2676.70, 1432.22, 2927.71, 1819.11, 1, 0.91
6325, 757, 2658.70, 1426.58, 2940.18, 1801.32, 1, 0.66
6325, 778, 727.75, 494.55, 833.11, 662.24, 0, 0.87
6325, 780, 3753.14, 865.77, 3985.52, 1101.11, 2, 0.95
6325, 811, 1948.56, 766.58, 2077.91, 1010.90, 0, 0.53
6350, 755, 2683.16, 1435.92, 2924.49, 1812.48, 1, 0.95
6350, 757, 2661.61, 1428.31, 2939.79, 1793.02, 1, 0.63
6350, 778, 731.26, 510.72, 826.74, 661.86, 0, 0.46
6350, 780, 3753.57, 866.01, 3983.30, 1100.46, 2, 0.98
6350, 811, 1952.29, 771.08, 2080.35, 1012.58, 0, 0.92
6350, 813, 2269.38, 649.67, 2384.50, 856.96, 0, 0.96
6375, 755, 2693.25, 1429.70, 2923.02, 1808.96, 1, 0.79
6375, 757, 2689.41, 1425.21, 2936.07, 1802.16, 1, 0.55
6375, 778, 728.58, 500.29, 827.30, 662.34, 0, 0.87
6375, 780, 3753.37, 866.40, 3982.97, 1100.04, 2, 0.98
6375, 811, 1951.25, 774.63, 2080.33, 1010.19, 0, 0.93
6375, 813, 2272.12, 644.09, 2385.42, 848.23, 0, 0.94
6400, 755, 2690.04, 1438.74, 2921.08, 1812.49, 1, 0.94
6400, 757, 2678.08, 1434.09, 2939.31, 1801.49, 1, 0.57
6400, 778, 728.20, 496.57, 829.88, 663.13, 0, 0.87
6400, 780, 3753.86, 865.94, 3984.34, 1099.98, 2, 0.95
6400, 811, 1949.23, 774.79, 2080.66, 1010.89, 0, 0.89
6400, 813, 2272.31, 641.02, 2383.66, 848.97, 0, 0.94
6425, 757, 2685.00, 1431.34, 2938.96, 1815.05, 1, 0.42
6425, 778, 728.37, 494.19, 832.50, 663.90, 0, 0.87
6425, 780, 3754.28, 866.72, 3984.86, 1099.52, 2, 0.97
6425, 811, 1955.75, 775.22, 2083.47, 1010.99, 0, 0.93
6425, 813, 2271.98, 642.88, 2385.51, 848.49, 0, 0.95
6450, 757, 2667.21, 1428.91, 2935.48, 1835.23, 1, 0.48
6450, 778, 728.79, 494.10, 832.12, 662.93, 0, 0.86
6450, 780, 3753.26, 863.57, 3985.39, 1100.92, 2, 0.97
6450, 811, 1959.79, 770.11, 2093.07, 1004.69, 0, 0.58
6450, 813, 2271.14, 643.20, 2386.13, 845.13, 0, 0.95
6475, 757, 2679.03, 1433.24, 2927.46, 1823.91, 1, 0.89
6475, 778, 729.50, 493.40, 832.36, 662.82, 0, 0.88
6475, 780, 3753.85, 864.88, 3985.77, 1100.70, 2, 0.95
6475, 811, 1955.52, 771.19, 2091.29, 1006.47, 0, 0.91
6475, 813, 2271.19, 644.50, 2385.25, 845.32, 0, 0.96
6500, 757, 2685.55, 1434.07, 2925.51, 1818.09, 1, 0.85
6500, 778, 729.59, 494.39, 832.05, 662.67, 0, 0.88
6500, 780, 3753.13, 866.70, 3984.00, 1102.14, 2, 0.97
6500, 811, 1951.98, 770.95, 2089.96, 1005.57, 0, 0.92
6500, 813, 2272.64, 642.90, 2385.16, 845.25, 0, 0.91
6500, 830, 2424.63, 696.47, 2534.45, 905.05, 0, 0.97
6500, 832, 2669.86, 1426.37, 2940.02, 1800.22, 1, 0.58
6525, 757, 2682.34, 1434.10, 2925.77, 1818.37, 1, 0.92
6525, 778, 727.12, 497.04, 832.22, 650.30, 0, 0.73
6525, 780, 3754.00, 864.99, 3983.33, 1100.25, 2, 0.98
6525, 811, 1954.02, 770.49, 2089.45, 1004.81, 0, 0.87
6525, 813, 2266.66, 705.71, 2382.17, 924.74, 1, 0.79
6525, 830, 2450.58, 668.89, 2559.88, 873.27, 0, 0.89
6525, 832, 2666.64, 1430.89, 2940.29, 1801.18, 1, 0.59
6550, 757, 2680.81, 1435.03, 2924.95, 1818.20, 1, 0.94
6550, 778, 726.84, 497.06, 831.63, 647.25, 0, 0.40
6550, 780, 3754.64, 866.87, 3982.42, 1100.66, 2, 0.97
6550, 811, 1954.27, 769.83, 2088.90, 1005.05, 0, 0.90
6550, 813, 2260.24, 718.64, 2376.45, 935.68, 1, 0.92
6550, 832, 2664.01, 1431.99, 2939.59, 1799.77, 1, 0.57
6575, 757, 2682.49, 1435.79, 2923.95, 1819.06, 1, 0.94
6575, 778, 730.17, 492.86, 825.98, 631.53, 0, 0.48
6575, 780, 3754.16, 866.00, 3983.02, 1099.34, 2, 0.99
6575, 811, 1954.40, 768.86, 2089.68, 1006.46, 0, 0.91
6575, 813, 2259.20, 723.10, 2374.41, 939.04, 1, 0.94
6575, 832, 2664.67, 1429.09, 2939.44, 1801.79, 1, 0.59
6575, 842, 676.06, 584.08, 805.91, 725.79, 0, 0.54
6600, 757, 2680.72, 1436.57, 2924.52, 1820.18, 1, 0.96
6600, 778, 731.60, 492.53, 824.22, 625.39, 0, 0.42
6600, 780, 3754.87, 866.02, 3982.33, 1098.63, 2, 0.98
6600, 811, 1955.79, 769.43, 2090.04, 1004.75, 0, 0.85
6600, 813, 2255.39, 725.53, 2372.42, 938.66, 1, 0.89
6600, 832, 2662.84, 1430.93, 2939.53, 1801.30, 1, 0.72
6600, 842, 675.95, 583.68, 805.56, 726.75, 0, 0.51
6625, 757, 2681.68, 1435.29, 2925.65, 1821.48, 1, 0.93
6625, 778, 731.38, 490.91, 823.94, 621.79, 0, 0.68
6625, 780, 3755.32, 864.76, 3980.94, 1099.76, 2, 0.99
6625, 811, 1955.55, 770.75, 2089.25, 1004.89, 0, 0.89
6625, 813, 2254.88, 724.81, 2372.37, 937.55, 1, 0.95
6625, 832, 2664.45, 1426.64, 2940.39, 1802.48, 1, 0.62
6625, 842, 676.65, 583.64, 807.04, 727.69, 0, 0.51
6625, 856, 720.35, 502.47, 827.35, 643.34, 0, 0.35
6650, 757, 2682.58, 1437.68, 2924.96, 1821.14, 1, 0.92
6650, 778, 735.34, 490.06, 823.23, 619.33, 0, 0.35
6650, 780, 3758.29, 864.33, 3980.31, 1100.48, 2, 0.96
6650, 811, 1955.91, 772.29, 2089.56, 1005.62, 0, 0.90
6650, 813, 2254.80, 724.71, 2371.99, 937.89, 1, 0.95
6650, 832, 2665.38, 1431.03, 2940.01, 1802.56, 1, 0.62
6650, 842, 676.88, 582.62, 807.32, 726.74, 0, 0.48
6650, 857, 3315.02, 448.81, 3407.39, 612.60, 0, 0.42
6675, 757, 2682.68, 1433.45, 2922.67, 1817.70, 1, 0.96
6675, 778, 732.50, 490.92, 823.93, 623.62, 0, 0.50
6675, 780, 3764.06, 866.85, 3979.63, 1097.31, 2, 0.97
6675, 811, 1953.41, 774.18, 2088.51, 1007.37, 0, 0.90
6675, 813, 2255.74, 724.32, 2371.65, 937.32, 1, 0.93
6675, 832, 2664.28, 1428.65, 2938.98, 1801.21, 1, 0.65
6675, 842, 677.03, 579.12, 806.46, 725.79, 0, 0.67
6675, 857, 3316.59, 458.50, 3405.72, 612.69, 1, 0.35
6675, 862, 3085.29, 464.00, 3177.86, 615.54, 0, 0.70
6675, 856, 720.77, 502.17, 826.53, 642.86, 0, 0.38
6700, 757, 2682.25, 1434.41, 2923.41, 1817.96, 1, 0.91
6700, 778, 730.82, 491.02, 825.62, 624.08, 0, 0.58
6700, 780, 3760.09, 864.91, 3979.56, 1097.73, 2, 0.98
6700, 811, 1953.33, 776.05, 2087.22, 1008.77, 0, 0.90
6700, 813, 2254.93, 724.15, 2371.89, 937.00, 1, 0.93
6700, 832, 2664.56, 1429.36, 2939.26, 1802.57, 1, 0.58
6700, 857, 3317.10, 455.53, 3406.11, 612.29, 0, 0.66
6700, 862, 3091.85, 459.81, 3180.90, 611.63, 0, 0.54
6725, 757, 2678.36, 1434.87, 2924.10, 1818.04, 1, 0.95
6725, 780, 3755.23, 867.30, 3978.17, 1098.13, 2, 0.98
6725, 811, 1955.03, 776.95, 2087.45, 1008.61, 0, 0.88
6725, 813, 2255.52, 724.20, 2371.80, 935.49, 1, 0.95
6725, 832, 2661.43, 1431.87, 2939.75, 1802.11, 1, 0.69
6725, 857, 3318.11, 459.40, 3409.12, 611.86, 0, 0.81
6725, 862, 3086.78, 451.34, 3184.47, 613.46, 0, 0.34
6725, 875, 3434.93, 901.43, 3583.69, 1138.22, 1, 0.85
6750, 757, 2680.43, 1435.18, 2922.60, 1818.42, 1, 0.95
6750, 780, 3754.63, 865.20, 3979.59, 1097.13, 2, 0.98
6750, 811, 1953.90, 775.69, 2087.37, 1009.21, 0, 0.90
6750, 813, 2255.13, 724.09, 2372.17, 934.92, 1, 0.94
6750, 832, 2662.38, 1431.58, 2939.27, 1804.87, 1, 0.64
6750, 857, 3320.11, 460.54, 3407.38, 611.51, 0, 0.87
6750, 862, 3088.87, 455.86, 3182.48, 614.02, 0, 0.73
6750, 875, 3424.08, 900.26, 3578.49, 1134.25, 1, 0.82
6750, 778, 734.40, 491.03, 823.46, 615.97, 0, 0.27
6775, 757, 2681.71, 1436.25, 2922.54, 1819.22, 1, 0.94
6775, 780, 3755.00, 866.27, 3979.40, 1094.02, 2, 0.97
6775, 811, 1953.88, 775.82, 2087.16, 1009.96, 0, 0.91
6775, 813, 2254.39, 724.22, 2371.16, 934.70, 1, 0.94
6775, 832, 2664.51, 1433.73, 2938.68, 1804.36, 1, 0.64
6775, 857, 3319.35, 467.48, 3408.78, 612.37, 0, 0.86
6775, 862, 3090.76, 458.09, 3184.46, 612.52, 0, 0.80
6775, 875, 3420.82, 898.35, 3576.30, 1132.40, 1, 0.91
6775, 778, 732.32, 491.34, 821.96, 623.14, 0, 0.59
6775, 842, 676.04, 581.89, 790.77, 728.54, 0, 0.31
6775, 856, 724.55, 499.62, 820.64, 645.73, 0, 0.33
6800, 757, 2680.31, 1435.39, 2922.09, 1818.51, 1, 0.97
6800, 780, 3756.06, 865.25, 3977.58, 1093.69, 2, 0.96
6800, 811, 1953.71, 776.76, 2084.96, 1008.92, 0, 0.87
6800, 813, 2254.72, 724.13, 2371.16, 935.08, 1, 0.95
6800, 832, 2663.03, 1430.99, 2938.37, 1804.99, 1, 0.64
6800, 857, 3319.82, 463.12, 3409.00, 610.55, 0, 0.82
6800, 862, 3090.34, 461.77, 3182.23, 613.73, 0, 0.71
6800, 875, 3420.42, 897.89, 3573.89, 1133.42, 1, 0.80
6800, 778, 733.43, 491.10, 823.29, 628.97, 0, 0.43
6800, 883, 3756.41, 865.14, 3977.32, 1093.56, 3, 0.43
6800, 856, 727.31, 499.33, 822.28, 638.79, 0, 0.46
6825, 757, 2683.11, 1430.18, 2924.60, 1822.44, 1, 0.96
6825, 780, 3756.08, 865.53, 3976.97, 1092.79, 2, 0.95
6825, 811, 1953.28, 775.51, 2084.43, 1009.36, 0, 0.88
6825, 813, 2254.10, 724.23, 2370.91, 934.48, 1, 0.95
6825, 832, 2664.89, 1424.70, 2939.34, 1806.74, 1, 0.77
6825, 857, 3318.89, 463.75, 3408.11, 611.47, 0, 0.87
6825, 862, 3095.83, 463.02, 3185.20, 613.58, 0, 0.70
6825, 875, 3419.33, 898.62, 3573.86, 1133.22, 1, 0.89
6825, 778, 734.99, 489.32, 824.02, 625.83, 0, 0.72
6825, 883, 3756.14, 865.57, 3976.95, 1092.81, 3, 0.50
6825, 856, 726.06, 501.97, 826.33, 642.83, 0, 0.25
6825, 842, 677.15, 580.48, 804.81, 727.46, 0, 0.57
6850, 757, 2685.82, 1426.04, 2922.97, 1821.16, 1, 0.95
6850, 811, 1953.36, 775.95, 2084.94, 1008.13, 0, 0.89
6850, 813, 2255.97, 722.87, 2371.99, 935.17, 1, 0.88
6850, 832, 2666.92, 1419.02, 2938.89, 1807.85, 1, 0.50
6850, 857, 3312.79, 463.41, 3408.81, 613.69, 0, 0.88
6850, 862, 3097.25, 463.01, 3186.38, 613.68, 0, 0.76
6850, 875, 3419.52, 896.19, 3573.15, 1133.58, 1, 0.83
6850, 778, 734.88, 489.06, 823.53, 622.55, 0, 0.55
6850, 883, 3784.26, 865.69, 3982.58, 1095.93, 2, 0.84
6850, 842, 677.17, 585.06, 804.57, 727.00, 0, 0.44
6875, 757, 2683.08, 1423.65, 2918.88, 1820.31, 1, 0.95
6875, 811, 1952.67, 776.14, 2085.41, 1008.79, 0, 0.87
6875, 813, 2257.85, 721.61, 2371.85, 935.05, 1, 0.95
6875, 832, 2664.38, 1415.40, 2936.02, 1807.42, 1, 0.66
6875, 857, 3316.59, 464.38, 3408.34, 612.90, 0, 0.87
6875, 862, 3092.84, 451.76, 3185.63, 610.52, 0, 0.50
6875, 875, 3420.21, 896.53, 3573.72, 1133.81, 1, 0.87
6875, 778, 735.95, 489.59, 824.15, 626.07, 0, 0.68
6875, 883, 3810.91, 864.43, 3982.91, 1098.87, 2, 0.85
6875, 842, 676.04, 587.32, 804.20, 725.75, 0, 0.38
6900, 757, 2679.57, 1418.69, 2918.54, 1815.93, 1, 0.84
6900, 811, 1952.38, 777.21, 2084.42, 1009.21, 0, 0.88
6900, 813, 2256.60, 722.39, 2371.80, 934.44, 1, 0.91
6900, 832, 2660.10, 1412.33, 2937.47, 1806.25, 1, 0.55
6900, 857, 3317.55, 460.49, 3408.89, 612.87, 0, 0.82
6900, 862, 3089.47, 451.36, 3186.04, 611.74, 0, 0.36
6900, 875, 3421.79, 894.78, 3576.73, 1135.48, 1, 0.93
6900, 778, 735.64, 489.40, 823.85, 626.05, 0, 0.62
6900, 883, 3821.34, 863.29, 3982.83, 1096.10, 2, 0.71
6900, 842, 676.27, 586.77, 805.45, 727.15, 0, 0.50
6900, 780, 3809.95, 863.25, 3981.40, 1093.95, 3, 0.30
6900, 856, 727.43, 503.52, 827.11, 643.67, 0, 0.25
6925, 757, 2686.24, 1394.87, 2912.35, 1772.45, 1, 0.84
6925, 811, 1955.94, 778.33, 2083.90, 1007.84, 0, 0.88
6925, 813, 2257.31, 722.94, 2371.70, 933.10, 1, 0.95
6925, 857, 3312.66, 462.86, 3405.78, 613.41, 0, 0.72
6925, 862, 3093.68, 457.20, 3185.45, 610.63, 0, 0.81
6925, 875, 3433.87, 893.77, 3579.20, 1134.97, 1, 0.84
6925, 778, 735.51, 490.03, 824.08, 626.80, 0, 0.58
6925, 883, 3811.61, 865.56, 3980.68, 1095.92, 3, 0.53
6925, 842, 677.03, 583.54, 805.83, 727.03, 0, 0.75
6925, 900, 1243.54, 1087.85, 1346.16, 1323.13, 0, 0.33
6925, 780, 3806.78, 865.46, 3980.18, 1095.06, 2, 0.86
6925, 856, 726.78, 501.00, 827.55, 643.62, 0, 0.45
6950, 811, 1956.08, 776.53, 2085.23, 1009.36, 0, 0.89
6950, 813, 2254.22, 722.19, 2372.86, 928.61, 1, 0.94
6950, 857, 3316.20, 464.29, 3410.69, 612.63, 0, 0.87
6950, 862, 3092.54, 458.40, 3184.19, 609.06, 0, 0.80
6950, 875, 3433.01, 894.83, 3578.79, 1133.76, 1, 0.41
6950, 778, 738.54, 491.00, 822.49, 622.29, 0, 0.43
6950, 842, 676.49, 585.90, 805.49, 727.19, 0, 0.51
6950, 780, 3779.21, 863.80, 3978.73, 1096.31, 2, 0.97
6975, 811, 1953.96, 776.28, 2084.62, 1011.01, 0, 0.90
6975, 813, 2255.47, 721.53, 2372.12, 929.80, 1, 0.97
6975, 857, 3316.96, 464.18, 3408.46, 612.52, 0, 0.86
6975, 862, 3093.59, 458.90, 3184.73, 610.74, 0, 0.78
6975, 875, 3433.78, 893.42, 3583.10, 1133.32, 1, 0.41
6975, 778, 737.44, 490.59, 821.71, 620.14, 0, 0.71
6975, 842, 677.29, 588.03, 804.97, 727.00, 0, 0.49
6975, 780, 3767.59, 863.95, 3979.39, 1098.67, 2, 0.98
7000, 811, 1953.10, 776.46, 2085.23, 1010.33, 0, 0.90
7000, 813, 2255.76, 721.06, 2371.10, 931.45, 1, 0.94
7000, 857, 3317.23, 460.11, 3407.05, 612.47, 0, 0.83
7000, 862, 3095.14, 459.08, 3183.96, 610.11, 0, 0.77
7000, 875, 3437.35, 891.75, 3585.80, 1133.98, 1, 0.35
7000, 778, 737.59, 490.13, 821.76, 620.47, 0, 0.78
7000, 842, 676.71, 586.41, 803.99, 726.43, 0, 0.54
7000, 780, 3761.82, 863.51, 3979.89, 1098.69, 2, 0.98
7000, 900, 1238.18, 1099.30, 1339.05, 1312.95, 0, 0.31
7025, 811, 1943.75, 780.44, 2081.98, 1010.08, 0, 0.84
7025, 813, 2258.50, 720.13, 2371.35, 932.14, 1, 0.96
7025, 857, 3317.57, 456.67, 3406.39, 612.06, 0, 0.73
7025, 862, 3094.37, 461.67, 3182.40, 610.68, 0, 0.77
7025, 875, 3436.94, 893.59, 3580.45, 1136.17, 1, 0.47
7025, 778, 735.62, 489.38, 822.33, 623.05, 0, 0.70
7025, 842, 676.45, 586.22, 803.91, 725.91, 0, 0.39
7025, 780, 3770.08, 865.06, 3979.88, 1096.19, 2, 0.98
7025, 907, 2868.65, 829.10, 2996.48, 1060.21, 1, 0.98
7025, 856, 726.48, 501.26, 826.68, 641.82, 0, 0.29
7050, 811, 1945.23, 779.45, 2085.06, 1010.10, 0, 0.85
7050, 813, 2257.45, 720.81, 2371.58, 931.70, 1, 0.92
7050, 857, 3316.76, 459.60, 3406.78, 613.06, 0, 0.79
7050, 862, 3095.01, 459.76, 3183.86, 609.04, 0, 0.75
7050, 875, 3439.84, 894.76, 3582.78, 1137.93, 1, 0.90
7050, 778, 735.42, 490.41, 823.26, 625.13, 0, 0.50
7050, 842, 675.93, 585.20, 806.19, 726.15, 0, 0.52
7050, 907, 2871.23, 789.89, 2996.99, 1011.41, 1, 0.95
7050, 856, 725.42, 501.72, 827.22, 643.26, 0, 0.36
7075, 811, 1953.58, 775.77, 2086.80, 1009.80, 0, 0.91
7075, 813, 2257.96, 721.77, 2372.32, 931.74, 1, 0.94
7075, 862, 3088.96, 462.84, 3183.38, 609.57, 0, 0.64
7075, 875, 3434.86, 894.20, 3578.85, 1137.11, 1, 0.65
7075, 778, 743.97, 492.54, 824.23, 622.12, 0, 0.63
7075, 842, 676.42, 580.74, 802.45, 723.12, 0, 0.46
7075, 907, 2878.76, 753.49, 3009.73, 970.47, 1, 0.94
7075, 912, 3989.89, 859.19, 4096.00, 1073.56, 2, 0.38
7075, 913, 3997.66, 868.51, 4095.89, 1068.61, 0, 0.40
7100, 811, 1961.99, 773.71, 2087.85, 1005.38, 0, 0.68
7100, 813, 2253.10, 713.66, 2367.75, 921.32, 1, 0.91
7100, 862, 3093.56, 460.90, 3184.32, 610.51, 0, 0.79
7100, 778, 741.80, 492.54, 825.09, 622.07, 0, 0.56
7100, 842, 676.08, 579.84, 807.56, 725.92, 0, 0.51
7100, 907, 2904.98, 707.79, 3026.85, 921.87, 1, 0.61
7100, 912, 3983.77, 852.29, 4096.00, 1080.45, 2, 0.54
7100, 857, 3317.57, 459.36, 3407.79, 612.29, 0, 0.87
7100, 856, 726.05, 512.93, 828.85, 647.80, 0, 0.27
7125, 811, 1930.37, 720.93, 2051.82, 944.09, 0, 0.92
7125, 862, 3100.57, 443.61, 3187.38, 594.56, 0, 0.39
7125, 778, 735.26, 489.36, 824.55, 622.20, 0, 0.72
7125, 842, 676.60, 578.95, 807.30, 725.94, 0, 0.62
7125, 912, 3937.78, 842.22, 4094.50, 1085.78, 0, 0.82
7125, 857, 3315.69, 458.00, 3411.00, 610.28, 0, 0.82
7125, 856, 724.44, 511.03, 828.44, 649.01, 0, 0.27
7125, 780, 3787.21, 924.10, 3916.34, 1186.57, 0, 0.63
7150, 842, 674.65, 559.70, 810.14, 725.69, 0, 0.71
7150, 780, 3792.32, 917.05, 3916.93, 1185.15, 0, 0.79
7175, 842, 673.70, 557.89, 811.79, 725.87, 0, 0.51
7175, 936, 2808.64, 582.10, 2933.79, 757.70, 0, 0.66
7175, 862, 3093.85, 476.40, 3187.32, 652.40, 0, 0.81
7200, 842, 673.44, 554.32, 811.61, 727.03, 0, 0.54
7200, 907, 2970.62, 527.17, 3109.56, 714.67, 0, 0.83
7225, 842, 673.08, 554.61, 812.59, 726.74, 0, 0.63
7250, 842, 674.18, 550.18, 811.86, 725.38, 0, 0.70
7275, 842, 675.20, 548.85, 811.02, 724.70, 0, 0.27
7325, 842, 673.20, 549.03, 810.85, 726.44, 0, 0.74
7350, 998, 910.95, 505.99, 1010.86, 678.22, 0, 0.83
7350, 842, 671.41, 548.24, 811.94, 721.37, 0, 0.52
7350, 857, 3286.13, 477.95, 3388.90, 637.43, 0, 0.58
7375, 842, 672.91, 549.89, 811.79, 722.33, 0, 0.25
7400, 842, 672.07, 551.07, 812.83, 725.64, 0, 0.78
7425, 842, 671.47, 550.68, 814.02, 727.13, 0, 0.75
7425, 862, 3149.18, 505.95, 3240.89, 686.57, 0, 0.81
7450, 842, 671.31, 552.32, 813.10, 726.96, 0, 0.50
7475, 842, 670.60, 549.53, 814.14, 728.15, 0, 0.85
7475, 780, 3755.92, 895.39, 3890.29, 1154.12, 0, 0.92
7500, 842, 671.85, 549.44, 813.34, 726.72, 0, 0.73
7525, 842, 672.26, 549.29, 813.25, 727.93, 0, 0.81
7550, 842, 672.87, 549.21, 813.59, 726.31, 0, 0.78
7550, 1010, 3128.80, 974.44, 3433.31, 1214.73, 0, 0.97
7575, 1010, 3145.17, 979.54, 3449.61, 1219.66, 0, 0.54
7600, 1010, 3149.12, 982.19, 3455.45, 1223.45, 0, 0.73
7600, 842, 671.82, 550.65, 812.69, 725.40, 0, 0.79
7625, 1010, 3152.72, 982.71, 3455.99, 1225.84, 0, 0.76
7625, 842, 672.48, 552.51, 809.28, 725.28, 0, 0.35
7625, 857, 3260.37, 553.35, 3425.30, 736.27, 0, 0.90
7650, 1010, 3148.94, 983.25, 3456.50, 1223.73, 0, 0.50
7650, 842, 672.23, 552.91, 810.31, 725.23, 0, 0.42
7675, 1010, 3149.25, 982.71, 3456.24, 1222.59, 0, 0.82
7675, 842, 673.72, 547.93, 808.03, 726.18, 0, 0.68
7700, 1010, 3146.87, 982.48, 3456.37, 1224.04, 0, 0.78
7700, 842, 673.61, 553.63, 810.53, 727.37, 0, 0.48
7725, 1010, 3149.71, 983.29, 3455.49, 1222.85, 0, 0.81
7725, 842, 673.30, 552.71, 810.92, 726.64, 0, 0.83
7750, 1010, 3150.23, 983.82, 3456.52, 1223.16, 0, 0.81
7750, 842, 673.55, 555.56, 810.60, 726.73, 0, 0.82
7775, 1010, 3147.13, 983.31, 3455.38, 1223.96, 0, 0.68
7775, 842, 673.55, 554.58, 811.29, 726.11, 0, 0.81
7800, 1010, 3147.41, 982.68, 3455.65, 1226.03, 0, 0.71
7800, 842, 672.36, 552.10, 812.75, 725.87, 0, 0.68
7825, 1010, 3149.05, 982.19, 3455.21, 1225.95, 0, 0.82
7825, 842, 672.65, 551.62, 812.40, 725.65, 0, 0.49
7850, 1010, 3149.44, 982.28, 3454.86, 1225.09, 0, 0.73
7850, 842, 672.69, 552.28, 812.63, 725.25, 0, 0.49
7875, 1010, 3150.00, 982.77, 3454.97, 1225.13, 0, 0.70
7875, 842, 672.42, 552.85, 813.89, 726.29, 0, 0.64
7900, 1010, 3149.35, 981.33, 3455.43, 1225.16, 0, 0.85
7900, 842, 674.43, 552.78, 808.92, 725.51, 0, 0.38
7925, 1010, 3153.90, 987.42, 3456.78, 1228.85, 0, 0.75
7925, 842, 673.40, 549.03, 805.64, 720.60, 0, 0.34
7950, 1010, 3158.35, 984.71, 3458.25, 1237.10, 0, 0.81
7950, 842, 674.09, 547.35, 808.11, 718.32, 0, 0.56
7950, 1044, 2058.12, 654.16, 2156.77, 858.54, 0, 0.94
7975, 1010, 3165.55, 987.70, 3460.00, 1232.99, 0, 0.61
7975, 842, 674.52, 549.95, 813.42, 722.57, 0, 0.56
7975, 1044, 2060.24, 647.46, 2163.99, 853.23, 0, 0.95
8000, 1010, 3160.76, 984.68, 3459.32, 1237.00, 0, 0.88
8000, 842, 674.39, 552.17, 812.37, 722.94, 0, 0.55
8000, 1044, 2063.14, 645.13, 2167.04, 853.91, 0, 0.94
8000, 1049, 822.68, 526.88, 911.51, 686.95, 0, 0.89
8025, 1010, 3131.72, 976.30, 3435.02, 1221.58, 0, 0.94
8025, 842, 674.67, 553.88, 811.80, 723.65, 0, 0.54
8025, 1044, 2061.67, 645.34, 2166.24, 851.54, 0, 0.96
8025, 1049, 807.37, 494.49, 894.02, 642.10, 0, 0.61
8050, 1010, 3149.40, 977.18, 3450.38, 1227.24, 0, 0.80
8050, 1044, 2061.06, 646.77, 2163.24, 850.19, 0, 0.96
8075, 1044, 2059.96, 646.29, 2161.34, 851.61, 0, 0.94
8075, 1062, 2215.11, 737.59, 2338.59, 977.21, 1, 0.98
8075, 842, 672.58, 549.31, 812.32, 727.15, 0, 0.80
8100, 1044, 2058.35, 644.77, 2161.64, 837.53, 0, 0.86
8100, 1062, 2211.98, 732.76, 2332.00, 969.83, 1, 0.98
8100, 842, 674.61, 552.31, 813.99, 728.18, 0, 0.70
8125, 1044, 2058.84, 645.96, 2162.05, 848.06, 0, 0.95
8125, 1062, 2209.46, 732.95, 2330.45, 969.50, 1, 0.99
8150, 1044, 2057.00, 645.11, 2163.41, 847.31, 0, 0.86
8150, 1062, 2209.96, 732.30, 2328.78, 967.64, 1, 0.98
8175, 1044, 2057.68, 645.83, 2162.22, 853.11, 0, 0.92
8175, 1062, 2208.81, 732.54, 2328.97, 968.91, 1, 0.98
8200, 1044, 2057.67, 647.56, 2159.55, 854.67, 0, 0.95
8200, 1062, 2208.75, 764.24, 2400.49, 998.96, 0, 0.63
8225, 1044, 2057.31, 647.75, 2159.45, 853.06, 0, 0.93
8225, 1062, 2209.32, 743.89, 2367.04, 980.18, 1, 0.98
8225, 842, 694.10, 562.63, 790.75, 749.63, 0, 0.56
8250, 1044, 2056.02, 647.41, 2162.45, 859.25, 0, 0.86
8250, 1062, 2209.81, 737.71, 2344.03, 972.19, 1, 0.98
8275, 1044, 2055.96, 646.62, 2161.62, 856.07, 0, 0.93
8275, 1062, 2208.86, 734.51, 2337.59, 968.08, 1, 0.98
8300, 1044, 2055.11, 648.14, 2158.02, 852.01, 0, 0.90
8300, 1062, 2219.15, 730.39, 2331.73, 948.62, 1, 0.65
8325, 1044, 2057.88, 651.98, 2159.23, 853.44, 0, 0.96
8325, 1062, 2212.97, 732.95, 2331.43, 961.47, 1, 0.99
8350, 1044, 2057.92, 649.78, 2160.26, 855.12, 0, 0.94
8350, 1062, 2210.60, 732.27, 2331.74, 963.82, 1, 0.98
8375, 1044, 2057.24, 652.63, 2157.76, 852.31, 0, 0.92
8375, 1062, 2208.32, 731.30, 2331.77, 963.55, 1, 0.96
8400, 1044, 2058.56, 656.62, 2156.99, 852.96, 0, 0.93
8400, 1062, 2208.05, 730.72, 2332.10, 965.78, 1, 0.98
8425, 1044, 2059.41, 657.46, 2157.46, 855.76, 0, 0.94
8425, 1062, 2208.61, 730.57, 2331.69, 967.32, 1, 0.98
8450, 1044, 2059.28, 662.45, 2157.14, 853.20, 0, 0.93
8450, 1062, 2209.13, 732.30, 2329.79, 967.49, 1, 0.98
8450, 1107, 2515.88, 790.18, 2633.16, 1035.94, 0, 0.94
8475, 1044, 2058.32, 663.31, 2157.62, 853.56, 0, 0.93
8475, 1062, 2210.07, 732.62, 2328.84, 966.82, 1, 0.98
8475, 1107, 2519.97, 777.06, 2637.98, 1016.79, 0, 0.92
8500, 1044, 2058.23, 663.70, 2159.90, 855.14, 0, 0.92
8500, 1062, 2210.15, 732.88, 2328.77, 966.03, 1, 0.98
8500, 1107, 2520.82, 774.39, 2638.62, 1011.19, 0, 0.93
8525, 1044, 2058.37, 661.32, 2161.61, 854.98, 0, 0.88
8525, 1062, 2209.81, 731.97, 2329.72, 967.03, 1, 0.98
8525, 1107, 2520.05, 772.17, 2639.08, 1010.45, 0, 0.95
8550, 1044, 2057.41, 659.07, 2160.24, 857.32, 0, 0.95
8550, 1062, 2209.50, 731.40, 2329.76, 967.96, 1, 0.98
8550, 1107, 2520.21, 771.88, 2638.60, 1010.03, 0, 0.93
8575, 1044, 2057.36, 658.68, 2158.40, 855.29, 0, 0.93
8575, 1062, 2210.02, 732.45, 2328.42, 966.42, 1, 0.98
8575, 1107, 2520.83, 772.55, 2637.92, 1009.14, 0, 0.92
8600, 1044, 2058.06, 657.10, 2158.92, 855.20, 0, 0.93
8600, 1062, 2209.47, 731.69, 2328.77, 966.07, 1, 0.98
8600, 1107, 2520.40, 772.67, 2639.04, 1009.15, 0, 0.94
8600, 1112, 1013.57, 312.17, 1129.89, 421.07, 0, 0.72
8625, 1044, 2059.34, 656.91, 2157.73, 853.13, 0, 0.93
8625, 1062, 2209.88, 732.57, 2328.23, 966.13, 1, 0.98
8625, 1107, 2520.56, 773.56, 2638.21, 1009.79, 0, 0.92
8625, 1112, 1012.49, 313.86, 1131.94, 422.30, 0, 0.73
8650, 1044, 2059.15, 652.05, 2158.16, 852.77, 0, 0.94
8650, 1062, 2209.32, 732.69, 2328.80, 966.80, 1, 0.98
8650, 1107, 2521.28, 783.33, 2634.00, 1007.63, 0, 0.91
8650, 1112, 1012.76, 313.77, 1130.37, 422.53, 0, 0.70
8675, 1044, 2058.09, 650.77, 2157.75, 852.13, 0, 0.91
8675, 1062, 2209.78, 733.18, 2329.11, 966.69, 1, 0.98
8675, 1107, 2521.67, 779.34, 2638.42, 1009.87, 0, 0.92
8700, 1044, 2058.20, 649.05, 2157.52, 850.72, 0, 0.91
8700, 1062, 2210.19, 732.87, 2330.02, 966.56, 1, 0.98
8700, 1107, 2521.75, 777.78, 2637.65, 1007.64, 0, 0.93
8700, 1126, 3060.36, 842.45, 3194.10, 1085.33, 0, 0.91
8725, 1044, 2058.04, 648.64, 2157.83, 849.58, 0, 0.89
8725, 1062, 2210.18, 732.88, 2329.67, 962.97, 1, 0.98
8725, 1107, 2521.96, 777.03, 2638.61, 1008.90, 0, 0.93
8725, 1126, 3063.92, 839.43, 3198.49, 1081.57, 0, 0.94
8750, 1044, 2057.74, 647.37, 2158.54, 843.76, 0, 0.88
8750, 1062, 2209.75, 733.85, 2330.37, 965.81, 1, 0.99
8750, 1107, 2522.25, 773.21, 2641.81, 1008.73, 0, 0.93
8750, 1126, 3066.76, 837.71, 3200.85, 1078.85, 0, 0.94
8775, 1044, 2055.54, 648.55, 2157.38, 842.66, 0, 0.77
8775, 1062, 2208.63, 732.70, 2330.37, 966.62, 1, 0.98
8775, 1107, 2522.28, 774.00, 2640.01, 1005.78, 0, 0.94
8775, 1126, 3065.06, 838.43, 3200.03, 1078.01, 0, 0.94
8775, 1112, 1007.06, 325.40, 1115.01, 432.41, 0, 0.68
8800, 1044, 2057.79, 654.90, 2156.20, 846.41, 0, 0.88
8800, 1062, 2209.04, 732.91, 2329.47, 966.16, 1, 0.98
8800, 1107, 2522.02, 775.09, 2637.92, 1006.33, 0, 0.92
8800, 1126, 3064.32, 837.68, 3200.26, 1078.04, 0, 0.94
8800, 1134, 1930.03, 682.11, 2054.50, 904.58, 0, 0.81
8800, 1135, 1159.77, 321.49, 1270.41, 424.95, 0, 0.69
8825, 1044, 2057.54, 655.06, 2157.76, 846.56, 3, 0.50
8825, 1062, 2208.69, 731.82, 2329.01, 964.71, 1, 0.97
8825, 1107, 2521.73, 772.98, 2637.89, 1006.70, 0, 0.93
8825, 1126, 3065.33, 837.59, 3200.53, 1078.40, 0, 0.94
8825, 1134, 1935.04, 675.08, 2060.28, 894.02, 0, 0.90
8850, 1044, 2055.83, 655.21, 2153.04, 843.67, 0, 0.85
8850, 1062, 2210.80, 730.81, 2328.95, 959.58, 1, 0.96
8850, 1107, 2523.71, 771.10, 2637.91, 999.18, 0, 0.78
8850, 1126, 3064.91, 833.97, 3201.84, 1078.16, 0, 0.95
8850, 1134, 1943.89, 673.23, 2062.18, 888.39, 0, 0.87
8875, 1044, 2054.70, 653.59, 2155.82, 847.02, 0, 0.90
8875, 1062, 2213.67, 729.66, 2330.21, 938.39, 1, 0.79
8875, 1107, 2521.39, 771.46, 2638.18, 1005.91, 0, 0.92
8875, 1126, 3063.49, 833.93, 3201.74, 1077.10, 0, 0.89
8875, 1134, 1947.97, 672.56, 2062.29, 889.34, 0, 0.92
8900, 1044, 2055.70, 648.28, 2157.79, 850.62, 0, 0.89
8900, 1062, 2218.81, 729.53, 2330.85, 951.25, 1, 0.84
8900, 1107, 2520.93, 772.01, 2638.54, 1006.83, 0, 0.94
8900, 1126, 3057.52, 821.61, 3202.59, 1027.98, 0, 0.39
8900, 1134, 1950.59, 673.20, 2064.37, 891.72, 0, 0.89
8925, 1044, 2055.95, 646.87, 2157.17, 845.53, 0, 0.89
8925, 1062, 2223.38, 731.07, 2329.57, 947.23, 1, 0.74
8925, 1107, 2520.95, 771.61, 2638.62, 1007.11, 0, 0.93
8925, 1126, 3061.42, 828.49, 3201.55, 1062.30, 0, 0.94
8925, 1134, 1953.52, 673.45, 2062.92, 892.49, 0, 0.91
8950, 1044, 2057.00, 645.74, 2158.74, 847.40, 0, 0.91
8950, 1062, 2223.01, 731.14, 2328.96, 946.70, 1, 0.69
8950, 1107, 2520.76, 773.03, 2638.78, 1007.85, 0, 0.94
8950, 1126, 3063.33, 831.99, 3201.83, 1074.44, 0, 0.95
8950, 1134, 1954.69, 674.51, 2062.12, 892.66, 0, 0.92
8950, 1147, 2280.29, 1395.04, 2479.08, 1806.34, 0, 0.93
8950, 1148, 2222.53, 727.84, 2326.23, 915.57, 1, 0.55
8975, 1044, 2056.57, 645.17, 2159.58, 848.43, 0, 0.92
8975, 1107, 2520.40, 773.02, 2637.91, 1008.66, 0, 0.95
8975, 1126, 3064.02, 834.65, 3202.69, 1079.78, 0, 0.95
8975, 1134, 1956.01, 674.54, 2065.47, 888.10, 0, 0.78
8975, 1148, 2223.36, 726.69, 2325.47, 896.40, 1, 0.58
9000, 1044, 2055.48, 647.06, 2156.14, 845.77, 0, 0.92
9000, 1107, 2522.72, 773.37, 2637.90, 1004.50, 0, 0.66
9000, 1126, 3063.94, 834.44, 3203.14, 1081.71, 0, 0.95
9000, 1134, 1954.06, 674.60, 2064.10, 891.36, 0, 0.92
9000, 1157, 711.68, 525.50, 831.94, 692.10, 0, 0.74
9000, 1062, 2221.56, 731.68, 2329.82, 948.23, 1, 0.82
9025, 1044, 2053.82, 646.16, 2155.34, 845.30, 0, 0.88
9025, 1107, 2523.75, 772.87, 2637.45, 1003.96, 0, 0.90
9025, 1126, 3063.73, 833.39, 3203.09, 1081.90, 0, 0.95
9025, 1134, 1952.43, 673.49, 2063.83, 894.22, 0, 0.87
9025, 1157, 713.12, 527.35, 838.10, 689.14, 0, 0.61
9025, 1161, 2373.46, 811.11, 2497.28, 1074.10, 0, 0.93
9025, 1062, 2218.92, 731.37, 2331.06, 949.59, 1, 0.90
9050, 1044, 2053.94, 646.17, 2154.51, 845.47, 0, 0.89
9050, 1107, 2523.82, 772.51, 2637.93, 1004.47, 0, 0.90
9050, 1126, 3063.60, 834.23, 3202.63, 1083.23, 0, 0.95
9050, 1134, 1951.79, 672.01, 2063.51, 894.69, 0, 0.85
9050, 1157, 712.91, 527.15, 841.69, 690.97, 0, 0.65
9050, 1161, 2371.16, 793.46, 2493.78, 1050.12, 0, 0.95
9050, 1062, 2220.09, 731.40, 2331.40, 949.93, 1, 0.85
9050, 1164, 1696.38, 632.16, 1808.52, 836.97, 0, 0.94
9050, 1165, 782.60, 1326.20, 989.18, 1731.51, 3, 0.82
9075, 1044, 2053.46, 647.17, 2154.26, 844.97, 0, 0.92
9075, 1107, 2523.88, 772.11, 2638.63, 1004.29, 0, 0.82
9075, 1126, 3063.02, 834.43, 3203.99, 1082.41, 0, 0.95
9075, 1134, 1950.94, 673.07, 2062.28, 892.78, 0, 0.82
9075, 1157, 713.74, 530.78, 840.34, 692.84, 0, 0.53
9075, 1161, 2370.37, 789.50, 2493.73, 1044.70, 0, 0.94
9075, 1062, 2218.79, 730.32, 2331.10, 951.08, 1, 0.79
9075, 1164, 1696.28, 633.35, 1808.96, 836.18, 0, 0.91
9075, 1165, 713.94, 1272.99, 930.96, 1660.36, 3, 0.99
9075, 1148, 2220.11, 726.77, 2326.48, 923.54, 1, 0.39
9100, 1044, 2053.05, 646.13, 2154.80, 845.43, 0, 0.93
9100, 1107, 2523.75, 773.53, 2637.41, 1004.32, 0, 0.89
9100, 1126, 3062.95, 831.44, 3204.64, 1084.54, 0, 0.95
9100, 1134, 1949.52, 672.01, 2061.20, 894.00, 0, 0.88
9100, 1157, 713.23, 528.80, 841.73, 693.31, 0, 0.63
9100, 1161, 2370.48, 786.83, 2494.06, 1046.38, 0, 0.95
9100, 1062, 2219.06, 729.68, 2330.75, 949.91, 1, 0.53
9100, 1164, 1694.32, 635.70, 1809.72, 836.23, 0, 0.94
9100, 1148, 2220.39, 726.15, 2326.78, 923.87, 1, 0.75
9125, 1044, 2053.64, 646.66, 2153.96, 845.06, 0, 0.89
9125, 1107, 2527.35, 771.76, 2638.92, 1005.16, 0, 0.82
9125, 1126, 3064.55, 824.61, 3201.99, 1082.54, 0, 0.85
9125, 1134, 1950.03, 671.86, 2060.79, 894.59, 0, 0.87
9125, 1157, 717.47, 511.12, 858.89, 687.28, 0, 0.79
9125, 1161, 2370.74, 785.96, 2494.30, 1048.84, 0, 0.95
9125, 1062, 2218.72, 730.23, 2331.08, 948.59, 1, 0.77
9125, 1164, 1694.43, 636.57, 1810.47, 839.50, 0, 0.94
9125, 1148, 2220.04, 727.40, 2327.56, 928.19, 1, 0.43
9125, 1176, 2617.50, 927.38, 2728.10, 1179.91, 1, 0.65
9150, 1044, 2053.10, 646.59, 2154.08, 845.43, 0, 0.91
9150, 1107, 2526.78, 770.93, 2636.90, 1003.03, 0, 0.86
9150, 1126, 3064.24, 826.26, 3202.36, 1081.72, 0, 0.96
9150, 1134, 1952.29, 673.90, 2060.81, 894.06, 0, 0.72
9150, 1157, 714.13, 521.68, 845.83, 690.30, 0, 0.72
9150, 1161, 2372.54, 790.59, 2492.95, 1047.49, 0, 0.87
9150, 1062, 2218.12, 730.50, 2330.64, 949.09, 1, 0.80
9150, 1164, 1695.14, 635.17, 1809.55, 840.21, 0, 0.90
9150, 1176, 2613.34, 896.31, 2711.31, 1124.84, 1, 0.70
9175, 1044, 2053.85, 642.27, 2151.11, 846.07, 0, 0.75
9175, 1107, 2526.29, 771.02, 2638.38, 1003.11, 0, 0.74
9175, 1126, 3074.82, 816.72, 3205.66, 1016.37, 0, 0.91
9175, 1134, 1953.41, 676.44, 2060.65, 896.89, 1, 0.46
9175, 1157, 714.90, 525.09, 841.94, 690.50, 0, 0.51
9175, 1161, 2372.33, 788.71, 2494.02, 1048.59, 0, 0.92
9175, 1062, 2227.43, 710.84, 2328.50, 902.56, 0, 0.45
9175, 1164, 1695.83, 633.09, 1811.53, 838.90, 0, 0.94
9175, 1176, 2610.07, 900.97, 2709.02, 1148.41, 1, 0.84
9200, 1044, 2055.41, 651.92, 2150.68, 847.48, 0, 0.70
9200, 1107, 2526.29, 769.56, 2639.17, 1002.69, 0, 0.78
9200, 1126, 3064.92, 825.75, 3203.14, 1058.88, 0, 0.95
9200, 1157, 714.47, 524.85, 841.42, 691.37, 0, 0.67
9200, 1161, 2372.16, 787.59, 2495.54, 1048.83, 0, 0.94
9200, 1062, 2223.46, 723.27, 2332.69, 934.98, 1, 0.88
9200, 1164, 1697.62, 637.13, 1812.83, 838.72, 0, 0.73
9200, 1176, 2612.51, 897.17, 2712.74, 1159.70, 1, 0.84
9200, 1192, 2522.55, 771.84, 2636.71, 1001.28, 0, 0.47
9225, 1044, 2058.01, 648.92, 2155.56, 854.09, 0, 0.94
9225, 1126, 3068.38, 813.13, 3198.83, 1051.06, 0, 0.86
9225, 1157, 713.47, 525.00, 841.54, 691.39, 0, 0.66
9225, 1161, 2370.99, 787.74, 2496.95, 1046.52, 0, 0.93
9225, 1062, 2220.65, 726.05, 2330.55, 931.46, 1, 0.82
9225, 1164, 1696.87, 636.00, 1812.17, 838.83, 0, 0.93
9225, 1176, 2615.18, 902.51, 2716.16, 1159.29, 1, 0.88
9225, 1134, 1951.75, 656.11, 2055.97, 876.62, 0, 0.66
9250, 1044, 2079.57, 624.21, 2176.68, 806.95, 0, 0.88
9250, 1157, 711.23, 523.02, 842.89, 692.07, 0, 0.65
9250, 1161, 2379.62, 745.36, 2499.18, 975.35, 0, 0.58
9250, 1062, 2224.17, 726.74, 2330.03, 942.63, 1, 0.82
9250, 1164, 1694.81, 629.02, 1810.55, 833.23, 0, 0.86
9250, 1176, 2610.60, 879.34, 2719.48, 1132.21, 1, 0.79
9250, 1134, 1951.20, 633.11, 2056.47, 841.92, 0, 0.77
9250, 1107, 2522.80, 771.45, 2637.14, 1001.01, 0, 0.64
9275, 1157, 712.39, 524.26, 842.17, 692.58, 0, 0.49
9275, 1164, 1671.07, 600.28, 1777.34, 795.55, 0, 0.79
9275, 1107, 2525.21, 746.22, 2636.67, 975.21, 0, 0.89
9300, 1157, 717.47, 525.55, 842.06, 692.72, 0, 0.72
9300, 1107, 2527.71, 666.67, 2634.16, 879.16, 0, 0.86
9325, 1157, 723.60, 524.97, 842.39, 694.23, 0, 0.74
9325, 1222, 979.61, 495.92, 1073.42, 669.40, 0, 0.81
9325, 1062, 2198.86, 691.09, 2305.02, 905.34, 0, 0.69
9350, 1157, 716.44, 526.96, 840.63, 692.00, 0, 0.66
9375, 1157, 715.29, 525.71, 842.97, 693.00, 0, 0.62
9375, 1165, 381.92, 911.86, 542.14, 1222.99, 0, 0.80
9400, 1157, 719.41, 528.38, 843.59, 691.55, 0, 0.35
9425, 1157, 720.72, 528.38, 835.14, 688.77, 0, 0.56
9425, 1261, 840.72, 505.36, 939.23, 674.14, 0, 0.70
9450, 1157, 723.43, 526.73, 833.71, 685.83, 0, 0.29
9450, 1261, 854.82, 511.10, 947.83, 677.48, 0, 0.72
9475, 1157, 719.26, 527.31, 835.97, 689.03, 0, 0.42
9500, 1157, 717.24, 524.25, 839.07, 687.54, 0, 0.64
9525, 1157, 718.70, 524.22, 840.59, 688.96, 0, 0.82
9550, 1157, 714.13, 524.09, 827.74, 684.63, 0, 0.32
9575, 1157, 714.73, 525.37, 834.60, 688.56, 0, 0.52
9575, 1261, 923.13, 533.24, 1006.22, 682.34, 0, 0.64
9600, 1157, 717.36, 522.79, 838.24, 687.66, 0, 0.69
9625, 1157, 718.54, 523.13, 836.64, 689.29, 0, 0.64
9650, 1044, 2110.37, 607.73, 2205.50, 804.17, 0, 0.96
9675, 1157, 718.09, 525.00, 838.02, 685.27, 0, 0.53
9700, 1157, 718.88, 525.88, 840.65, 689.04, 0, 0.68
9725, 1157, 718.58, 526.57, 840.36, 688.44, 0, 0.60
9775, 1157, 719.97, 518.36, 840.77, 687.67, 0, 0.61
9800, 1157, 722.50, 522.86, 840.37, 690.41, 0, 0.65
9825, 1157, 724.95, 522.70, 838.83, 687.68, 0, 0.49
9850, 1157, 719.60, 525.81, 838.27, 690.21, 0, 0.73
9875, 1157, 721.01, 533.18, 841.08, 688.61, 0, 0.44
9900, 1157, 719.65, 528.66, 839.69, 689.72, 0, 0.68
9925, 1157, 717.65, 527.79, 837.52, 685.51, 0, 0.62
9950, 1157, 718.35, 528.19, 835.57, 680.99, 0, 0.32
10000, 1157, 719.46, 524.06, 838.42, 685.83, 0, 0.68
10025, 1157, 718.52, 524.87, 838.72, 687.72, 0, 0.61
10050, 1157, 717.70, 525.95, 840.85, 689.89, 0, 0.71
10075, 1157, 716.40, 526.52, 841.38, 690.26, 0, 0.72
10100, 1157, 717.26, 524.69, 840.96, 689.42, 0, 0.64
10150, 1157, 711.66, 516.44, 839.98, 671.10, 0, 0.48
10200, 1320, 3800.53, 939.63, 3973.32, 1220.29, 0, 0.76
10200, 1323, 335.57, 520.05, 452.04, 697.04, 0, 0.51
10225, 1320, 3803.76, 937.12, 3972.06, 1220.42, 0, 0.93
10250, 1320, 3807.48, 942.51, 3972.48, 1218.41, 0, 0.87
10275, 1320, 3802.96, 942.32, 3971.31, 1219.81, 0, 0.84
10275, 1157, 664.24, 507.61, 814.68, 665.18, 0, 0.46
10300, 1320, 3801.93, 944.15, 3971.71, 1219.51, 0, 0.94
10325, 1320, 3804.41, 947.02, 3972.52, 1220.35, 0, 0.93
10350, 1320, 3807.40, 946.57, 3972.53, 1220.49, 0, 0.92
10350, 1346, 3527.30, 833.75, 3771.53, 1079.10, 0, 0.71
10375, 1320, 3804.96, 945.64, 3972.85, 1219.71, 0, 0.68
10400, 1320, 3806.77, 945.24, 3973.33, 1220.91, 0, 0.90
10400, 1347, 2267.99, 770.84, 2384.47, 1036.29, 1, 0.85
10425, 1320, 3812.79, 945.14, 3976.19, 1220.45, 0, 0.80
10425, 1347, 2268.81, 772.52, 2384.58, 1042.24, 1, 0.28
10450, 1320, 3815.15, 943.10, 3977.50, 1220.43, 0, 0.51
10450, 1347, 2268.34, 770.84, 2385.47, 1043.33, 1, 0.75
10475, 1320, 3814.68, 944.68, 3975.00, 1221.09, 0, 0.91
10475, 1347, 2268.20, 770.95, 2386.18, 1044.73, 1, 0.72
10475, 1352, 2055.87, 709.40, 2166.80, 938.40, 1, 0.93
10500, 1320, 3812.57, 946.93, 3975.44, 1220.41, 0, 0.90
10500, 1347, 2268.62, 772.38, 2386.75, 1045.01, 1, 0.56
10500, 1352, 2055.64, 709.12, 2166.28, 934.54, 1, 0.76
10525, 1320, 3808.31, 945.41, 3976.71, 1209.92, 0, 0.67
10525, 1347, 2270.20, 774.57, 2386.34, 1043.30, 1, 0.26
10525, 1352, 2054.69, 709.52, 2165.78, 931.48, 1, 0.85
10550, 1320, 3810.25, 945.32, 3974.94, 1215.97, 0, 0.89
10550, 1352, 2056.82, 710.12, 2167.54, 934.75, 1, 0.93
10575, 1320, 3805.13, 943.36, 3974.67, 1219.05, 0, 0.93
10575, 1352, 2057.75, 713.77, 2166.92, 940.26, 1, 0.84
10600, 1320, 3806.35, 941.74, 3973.29, 1195.22, 0, 0.70
10600, 1352, 2050.76, 714.21, 2163.36, 937.73, 1, 0.87
10600, 1347, 2270.12, 776.70, 2386.93, 1043.98, 1, 0.28
10625, 1352, 2053.43, 715.26, 2164.13, 941.73, 1, 0.86
10625, 1347, 2269.75, 775.47, 2388.27, 1043.52, 1, 0.46
10650, 1352, 2055.87, 715.03, 2166.08, 934.45, 1, 0.85
10650, 1347, 2269.60, 774.48, 2386.42, 1044.96, 1, 0.27
10650, 1320, 3803.80, 945.48, 3973.69, 1210.08, 0, 0.44
10675, 1352, 2057.69, 714.54, 2165.47, 940.06, 1, 0.87
10675, 1320, 3803.38, 944.33, 3973.34, 1213.15, 0, 0.60
10700, 1352, 2058.05, 716.91, 2165.69, 944.40, 1, 0.89
10700, 1320, 3801.19, 946.97, 3972.58, 1218.72, 0, 0.91
10700, 1380, 1871.92, 661.78, 1992.16, 876.27, 0, 0.86
10700, 1347, 2268.39, 769.69, 2389.45, 1041.22, 1, 0.70
10725, 1352, 2056.66, 714.60, 2166.41, 954.22, 1, 0.80
10725, 1320, 3801.76, 948.60, 3972.70, 1219.58, 0, 0.90
10725, 1380, 1870.14, 648.89, 1997.94, 837.61, 0, 0.31
10725, 1381, 2053.68, 715.93, 2167.68, 960.51, 1, 0.82
10725, 1347, 2267.76, 767.04, 2387.73, 1044.66, 1, 0.44
10750, 1352, 2052.01, 712.78, 2166.87, 962.11, 1, 0.27
10750, 1320, 3802.97, 950.18, 3971.42, 1220.15, 0, 0.89
10750, 1381, 2051.45, 711.28, 2167.14, 959.74, 1, 0.80
10750, 1347, 2267.51, 767.27, 2387.47, 1046.48, 1, 0.65
10750, 1384, 2610.11, 721.98, 2729.75, 975.75, 0, 0.88
10775, 1352, 2052.66, 713.56, 2167.58, 964.83, 1, 0.62
10775, 1320, 3805.17, 951.56, 3969.62, 1220.37, 0, 0.72
10775, 1381, 2053.77, 710.44, 2167.70, 958.46, 1, 0.75
10775, 1347, 2266.70, 768.43, 2386.63, 1049.86, 1, 0.86
10775, 1384, 2610.98, 732.00, 2727.06, 974.65, 0, 0.86
10775, 1388, 2512.16, 616.27, 2672.02, 794.92, 0, 0.57
10800, 1320, 3802.32, 951.53, 3970.67, 1220.64, 0, 0.84
10800, 1347, 2267.21, 766.47, 2388.64, 1044.90, 1, 0.73
10800, 1384, 2605.93, 729.20, 2727.70, 976.35, 0, 0.92
10825, 1320, 3801.24, 951.72, 3971.48, 1220.91, 0, 0.80
10825, 1347, 2267.56, 767.65, 2387.74, 1044.04, 1, 0.56
10825, 1384, 2603.36, 728.25, 2727.25, 976.15, 0, 0.86
10825, 1352, 2055.44, 713.70, 2165.60, 951.37, 1, 0.87
10850, 1320, 3801.13, 951.59, 3972.96, 1219.69, 0, 0.90
10850, 1347, 2267.30, 767.14, 2387.76, 1044.99, 1, 0.65
10850, 1384, 2603.87, 728.71, 2727.71, 976.59, 0, 0.80
10850, 1396, 1643.08, 569.89, 1751.42, 709.97, 0, 0.61
10850, 1352, 2056.39, 714.05, 2165.99, 954.51, 1, 0.79
10875, 1320, 3800.47, 952.11, 3973.25, 1218.78, 0, 0.81
10875, 1347, 2267.26, 766.59, 2388.23, 1046.06, 1, 0.84
10875, 1384, 2605.08, 731.00, 2727.32, 974.87, 0, 0.76
10875, 1396, 1658.87, 566.33, 1761.97, 709.75, 0, 0.57
10875, 1352, 2056.11, 714.36, 2164.97, 952.62, 1, 0.84
10875, 1397, 2054.47, 716.36, 2165.69, 961.12, 1, 0.32
10900, 1320, 3801.30, 951.52, 3971.42, 1218.91, 0, 0.85
10900, 1347, 2267.28, 767.09, 2387.35, 1045.14, 1, 0.87
10900, 1384, 2603.97, 731.53, 2727.18, 974.60, 0, 0.65
10900, 1396, 1654.36, 568.38, 1754.48, 711.43, 0, 0.57
10925, 1320, 3803.06, 950.72, 3971.44, 1220.37, 0, 0.89
10925, 1347, 2267.37, 767.63, 2387.83, 1044.33, 1, 0.74
10925, 1384, 2604.15, 730.90, 2727.81, 975.42, 0, 0.79
10925, 1396, 1655.81, 568.66, 1754.16, 710.80, 0, 0.76
10925, 1400, 1892.27, 633.72, 1987.70, 743.06, 0, 0.47
10925, 1323, 330.69, 496.51, 415.04, 660.06, 0, 0.77
10925, 1352, 2055.00, 717.84, 2168.39, 964.93, 1, 0.76
10950, 1320, 3803.30, 950.43, 3971.80, 1219.78, 0, 0.73
10950, 1347, 2266.58, 766.08, 2387.61, 1047.85, 1, 0.85
10950, 1384, 2605.36, 730.66, 2727.72, 974.74, 0, 0.60
10950, 1396, 1654.14, 568.86, 1753.52, 711.01, 0, 0.54
10950, 1400, 1889.96, 634.22, 1986.90, 743.49, 0, 0.25
10950, 1352, 2055.72, 712.84, 2169.26, 949.27, 1, 0.85
10975, 1320, 3802.40, 950.83, 3972.14, 1220.37, 0, 0.86
10975, 1384, 2605.18, 729.46, 2727.86, 974.40, 0, 0.84
10975, 1396, 1654.84, 570.32, 1751.95, 709.13, 0, 0.36
10975, 1352, 2052.68, 701.33, 2170.07, 916.96, 1, 0.91
11000, 1320, 3803.13, 951.82, 3971.99, 1221.24, 0, 0.89
11000, 1384, 2605.31, 729.10, 2727.58, 975.50, 0, 0.75
11000, 1396, 1654.29, 569.88, 1752.25, 710.32, 0, 0.49
11000, 1352, 2052.28, 696.52, 2168.09, 915.41, 1, 0.77
11025, 1320, 3802.33, 953.27, 3971.02, 1218.78, 0, 0.80
11025, 1384, 2605.10, 729.28, 2727.81, 974.48, 0, 0.58
11025, 1396, 1652.79, 556.47, 1753.67, 707.68, 0, 0.73
11025, 1352, 2050.78, 697.86, 2163.97, 927.67, 1, 0.80
11025, 1347, 2256.82, 763.54, 2378.53, 1025.69, 1, 0.76
11050, 1320, 3800.67, 953.79, 3971.28, 1218.92, 0, 0.70
11050, 1384, 2605.90, 729.52, 2726.96, 972.97, 0, 0.74
11050, 1396, 1654.51, 554.99, 1754.50, 706.33, 0, 0.68
11050, 1352, 2050.91, 698.15, 2163.38, 911.36, 1, 0.78
11075, 1320, 3808.55, 955.08, 3971.37, 1219.20, 0, 0.55
11075, 1384, 2606.33, 728.92, 2727.08, 973.46, 0, 0.76
11075, 1396, 1654.79, 565.05, 1754.16, 707.94, 0, 0.36
11075, 1352, 2052.91, 697.30, 2164.50, 905.36, 1, 0.58
11100, 1320, 3803.83, 954.96, 3970.96, 1219.54, 0, 0.77
11100, 1384, 2605.38, 729.68, 2726.26, 973.56, 0, 0.69
11100, 1396, 1654.74, 567.36, 1753.94, 708.27, 0, 0.65
11100, 1352, 2048.48, 697.51, 2163.35, 915.70, 1, 0.56
11125, 1320, 3802.01, 953.65, 3972.98, 1219.66, 0, 0.79
11125, 1384, 2604.78, 730.53, 2726.16, 973.10, 0, 0.54
11125, 1396, 1654.69, 569.33, 1754.24, 709.30, 0, 0.48
11125, 1352, 2048.26, 698.42, 2164.14, 927.43, 1, 0.75
11125, 1347, 2257.43, 758.51, 2377.50, 1024.34, 1, 0.26
11150, 1320, 3802.28, 955.00, 3970.87, 1219.32, 0, 0.78
11150, 1384, 2606.74, 729.59, 2726.75, 973.04, 0, 0.72
11150, 1396, 1654.41, 569.22, 1753.63, 710.58, 0, 0.67
11150, 1352, 2049.55, 700.02, 2163.21, 928.19, 1, 0.83
11150, 1400, 1887.30, 632.18, 1986.51, 747.16, 0, 0.27
11175, 1320, 3801.73, 954.36, 3972.29, 1220.02, 0, 0.57
11175, 1384, 2606.41, 729.28, 2727.07, 974.56, 0, 0.76
11175, 1396, 1655.77, 566.75, 1754.37, 707.22, 0, 0.80
11175, 1352, 2052.48, 700.38, 2163.41, 920.19, 1, 0.88
11175, 1400, 1896.60, 618.59, 2000.84, 737.23, 0, 0.79
11200, 1320, 3803.11, 955.13, 3972.04, 1220.90, 0, 0.59
11200, 1384, 2606.15, 728.76, 2727.01, 974.44, 0, 0.71
11200, 1396, 1657.17, 570.21, 1752.88, 711.10, 0, 0.55
11200, 1352, 2054.41, 700.31, 2164.44, 915.87, 1, 0.85
11200, 1400, 1914.23, 603.99, 2019.68, 732.20, 0, 0.67
11225, 1320, 3803.01, 954.90, 3973.09, 1222.16, 0, 0.75
11225, 1384, 2607.40, 729.08, 2726.87, 972.95, 0, 0.66
11225, 1396, 1659.55, 570.46, 1756.04, 709.23, 0, 0.66
11225, 1352, 2054.19, 700.11, 2164.66, 917.14, 1, 0.80
11250, 1320, 3803.25, 955.21, 3974.98, 1222.26, 0, 0.79
11250, 1384, 2607.24, 728.96, 2727.41, 974.85, 0, 0.72
11250, 1396, 1658.09, 569.68, 1753.41, 710.22, 0, 0.70
11250, 1352, 2054.31, 699.61, 2164.38, 922.85, 1, 0.87
11250, 1400, 1923.20, 554.77, 2021.47, 717.68, 0, 0.77
11275, 1320, 3805.22, 953.80, 3974.82, 1221.70, 0, 0.80
11275, 1384, 2609.19, 729.32, 2727.76, 974.99, 0, 0.60
11275, 1396, 1658.41, 570.55, 1750.78, 709.97, 0, 0.57
11275, 1352, 2051.91, 699.86, 2164.17, 916.74, 1, 0.75
11275, 1400, 1923.26, 540.71, 2022.66, 712.50, 0, 0.41
11300, 1320, 3803.23, 955.84, 3974.21, 1221.78, 0, 0.71
11300, 1384, 2609.44, 729.01, 2727.36, 973.64, 0, 0.69
11300, 1396, 1657.10, 572.05, 1748.77, 710.12, 0, 0.59
11300, 1352, 2053.63, 698.83, 2164.78, 912.85, 1, 0.83
11300, 1400, 1923.79, 537.23, 2023.56, 711.53, 0, 0.86
11325, 1320, 3803.73, 954.51, 3974.66, 1220.96, 0, 0.78
11325, 1384, 2609.11, 729.47, 2727.38, 974.58, 0, 0.62
11325, 1396, 1655.77, 572.82, 1749.68, 709.41, 0, 0.55
11325, 1352, 2052.47, 699.34, 2164.55, 916.65, 1, 0.79
11325, 1400, 1924.72, 535.92, 2025.51, 710.61, 0, 0.82
11350, 1320, 3809.22, 951.89, 3975.02, 1221.41, 0, 0.75
11350, 1384, 2606.45, 729.93, 2727.07, 973.31, 0, 0.63
11350, 1396, 1656.21, 571.46, 1745.85, 707.99, 0, 0.39
11350, 1352, 2053.40, 699.74, 2165.05, 920.35, 1, 0.77
11350, 1400, 1927.60, 538.19, 2027.89, 708.02, 0, 0.70
11375, 1320, 3808.60, 951.69, 3971.67, 1220.09, 0, 0.82
11375, 1384, 2608.44, 728.37, 2729.04, 971.11, 0, 0.89
11375, 1396, 1655.27, 564.86, 1749.78, 707.97, 0, 0.76
11375, 1352, 2052.94, 700.27, 2164.81, 921.57, 1, 0.82
11375, 1400, 1926.80, 537.82, 2030.17, 711.52, 0, 0.83
11400, 1320, 3809.83, 949.68, 3974.63, 1221.67, 0, 0.86
11400, 1384, 2606.31, 727.84, 2727.11, 970.44, 0, 0.62
11400, 1396, 1669.88, 554.98, 1767.52, 709.23, 0, 0.68
11400, 1352, 2055.89, 680.94, 2163.69, 894.15, 0, 0.55
11425, 1388, 2559.62, 627.56, 2665.48, 844.18, 0, 0.69
11550, 1352, 2098.16, 667.23, 2205.19, 874.55, 0, 0.90
11750, 1522, 1154.73, 324.45, 1219.51, 441.57, 0, 0.61
11775, 1400, 2005.86, 481.31, 2090.40, 661.31, 0, 0.80
12175, 1571, 2928.97, 973.46, 3081.33, 1274.80, 3, 0.60
12200, 1574, 2682.79, 1072.89, 2907.77, 1489.44, 3, 0.93
12225, 1574, 2687.89, 1107.52, 2899.27, 1488.28, 3, 0.97
12250, 1574, 2656.61, 1145.33, 2872.15, 1516.48, 3, 0.97
12350, 1588, 1399.07, 658.27, 1521.61, 867.77, 0, 0.92
12375, 1593, 2209.82, 827.97, 2324.26, 1046.79, 1, 0.84
12400, 1593, 2185.94, 797.58, 2299.32, 1018.95, 1, 0.80
12475, 1613, 2366.00, 862.21, 2496.08, 1132.53, 0, 0.94
12475, 1593, 2175.68, 784.44, 2294.09, 1005.74, 1, 0.81
12500, 1613, 2367.43, 860.38, 2496.78, 1126.22, 0, 0.96
12500, 1593, 2172.41, 785.06, 2289.58, 1008.44, 1, 0.84
12525, 1613, 2367.75, 860.38, 2497.06, 1122.49, 0, 0.96
12525, 1593, 2169.64, 785.01, 2290.65, 1011.63, 1, 0.74
12525, 1619, 2207.07, 967.54, 2355.35, 1255.59, 0, 0.86
12550, 1613, 2368.58, 863.61, 2496.84, 1123.09, 0, 0.95
12550, 1593, 2169.46, 785.71, 2290.22, 1011.26, 1, 0.80
12550, 1619, 2208.28, 966.92, 2353.67, 1254.26, 0, 0.80
12575, 1613, 2365.55, 867.79, 2492.42, 1126.10, 0, 0.96
12575, 1593, 2168.40, 785.96, 2290.89, 1013.44, 1, 0.82
12575, 1619, 2210.56, 969.61, 2352.66, 1254.23, 0, 0.86
12575, 1574, 2515.77, 1438.91, 2731.88, 1884.63, 0, 0.62
12600, 1613, 2363.77, 862.74, 2493.87, 1128.31, 0, 0.96
12600, 1593, 2188.16, 780.90, 2297.51, 1006.29, 1, 0.53
12600, 1619, 2213.67, 973.06, 2347.33, 1249.14, 0, 0.85
12625, 1613, 2366.20, 860.81, 2494.88, 1123.87, 0, 0.95
12625, 1593, 2191.22, 780.60, 2300.86, 1009.25, 1, 0.89
12625, 1619, 2210.83, 970.12, 2353.38, 1250.89, 0, 0.78
12650, 1613, 2365.65, 861.12, 2495.92, 1128.45, 0, 0.96
12650, 1593, 2179.80, 783.56, 2294.79, 1009.22, 1, 0.60
12650, 1619, 2208.99, 970.91, 2353.62, 1251.34, 0, 0.82
12675, 1613, 2365.64, 862.44, 2495.57, 1129.10, 0, 0.96
12675, 1593, 2184.71, 780.71, 2298.13, 1006.97, 1, 0.46
12675, 1619, 2205.19, 971.71, 2351.81, 1257.34, 0, 0.85
12675, 1635, 2729.98, 737.58, 2859.77, 957.80, 3, 0.50
12700, 1613, 2362.02, 863.29, 2492.84, 1131.43, 0, 0.97
12700, 1593, 2192.24, 780.68, 2302.04, 1004.03, 1, 0.53
12700, 1619, 2207.12, 972.55, 2350.50, 1250.51, 0, 0.86
12700, 1638, 2662.40, 802.70, 2792.91, 1046.46, 0, 0.77
12725, 1613, 2361.65, 861.96, 2493.97, 1129.37, 0, 0.95
12725, 1593, 2186.75, 778.50, 2302.38, 1006.62, 1, 0.25
12725, 1619, 2206.33, 970.60, 2352.86, 1247.93, 0, 0.85
12725, 1638, 2661.65, 801.98, 2789.76, 1045.96, 0, 0.57
12750, 1613, 2362.07, 862.57, 2493.73, 1128.47, 0, 0.95
12750, 1619, 2205.96, 972.04, 2353.01, 1257.00, 0, 0.65
12750, 1638, 2660.92, 804.12, 2795.11, 1046.79, 0, 0.89
12775, 1613, 2364.02, 862.24, 2494.47, 1127.52, 0, 0.94
12775, 1619, 2206.84, 969.59, 2355.99, 1249.28, 0, 0.87
12775, 1638, 2663.45, 799.24, 2792.96, 1041.49, 0, 0.77
12775, 1635, 2723.65, 738.23, 2856.33, 962.53, 3, 0.25
12775, 1593, 2175.72, 783.75, 2297.40, 1011.91, 1, 0.83
12800, 1613, 2362.73, 863.43, 2494.45, 1129.78, 0, 0.96
12800, 1619, 2205.76, 972.11, 2354.50, 1250.01, 0, 0.76
12800, 1638, 2663.50, 802.92, 2794.95, 1045.70, 0, 0.87
12800, 1635, 2719.27, 744.23, 2853.43, 956.73, 3, 0.48
12800, 1593, 2176.18, 784.55, 2293.31, 1009.19, 1, 0.35
12825, 1613, 2361.48, 861.21, 2493.41, 1129.82, 0, 0.94
12825, 1619, 2206.91, 972.31, 2352.84, 1244.59, 0, 0.86
12825, 1638, 2666.06, 802.53, 2794.46, 1044.90, 0, 0.77
12825, 1635, 2721.81, 743.20, 2855.97, 960.55, 3, 0.37
12825, 1593, 2170.60, 785.42, 2292.24, 1013.29, 1, 0.72
12850, 1613, 2364.36, 862.34, 2494.73, 1126.84, 0, 0.95
12850, 1619, 2206.42, 967.18, 2357.34, 1245.84, 0, 0.86
12850, 1638, 2665.26, 803.47, 2793.81, 1046.88, 0, 0.85
12850, 1635, 2719.18, 745.54, 2856.57, 956.29, 3, 0.45
12850, 1593, 2169.67, 786.23, 2291.32, 1013.15, 1, 0.51
12875, 1613, 2363.66, 863.04, 2495.71, 1130.69, 0, 0.96
12875, 1619, 2207.24, 971.58, 2355.82, 1247.41, 0, 0.73
12875, 1638, 2665.88, 802.18, 2794.89, 1049.10, 0, 0.84
12875, 1635, 2721.48, 746.94, 2856.59, 958.83, 1, 0.32
12875, 1593, 2170.94, 787.20, 2290.76, 1011.64, 1, 0.67
12900, 1613, 2362.96, 863.24, 2494.97, 1130.82, 0, 0.95
12900, 1619, 2207.65, 971.24, 2355.54, 1248.18, 0, 0.86
12900, 1638, 2665.43, 803.19, 2793.52, 1050.20, 0, 0.90
12900, 1635, 2720.88, 745.95, 2855.29, 960.79, 3, 0.42
12925, 1613, 2361.64, 863.07, 2494.28, 1129.80, 0, 0.95
12925, 1619, 2206.32, 970.82, 2354.66, 1250.90, 0, 0.74
12925, 1638, 2664.60, 802.72, 2792.63, 1051.13, 0, 0.85
12925, 1635, 2719.27, 745.31, 2854.68, 961.86, 3, 0.55
12925, 1593, 2170.88, 787.02, 2292.13, 1011.29, 1, 0.71
12950, 1613, 2361.13, 863.87, 2493.41, 1130.43, 0, 0.95
12950, 1619, 2207.69, 970.39, 2355.18, 1250.37, 0, 0.84
12950, 1638, 2664.39, 803.74, 2793.01, 1052.21, 0, 0.92
12950, 1635, 2712.63, 741.65, 2855.32, 959.11, 0, 0.53
12950, 1593, 2187.31, 782.75, 2299.03, 1007.19, 1, 0.41
12975, 1613, 2360.32, 861.38, 2493.53, 1131.98, 0, 0.95
12975, 1619, 2209.62, 970.92, 2353.93, 1249.45, 0, 0.84
12975, 1638, 2664.47, 802.20, 2794.12, 1051.22, 0, 0.87
12975, 1635, 2717.24, 745.13, 2856.02, 959.79, 3, 0.50
12975, 1593, 2177.66, 785.09, 2292.83, 1009.67, 1, 0.52
13000, 1613, 2358.56, 860.58, 2492.29, 1134.00, 0, 0.96
13000, 1619, 2209.22, 970.31, 2354.84, 1249.93, 0, 0.81
13000, 1638, 2665.22, 803.10, 2791.77, 1051.51, 0, 0.87
13000, 1635, 2717.49, 745.77, 2855.33, 958.58, 3, 0.60
13000, 1593, 2175.04, 785.81, 2291.26, 1010.22, 1, 0.47
13025, 1613, 2359.28, 860.07, 2492.15, 1132.73, 0, 0.96
13025, 1619, 2207.84, 967.98, 2356.99, 1249.64, 0, 0.82
13025, 1638, 2665.82, 804.23, 2792.53, 1053.36, 0, 0.84
13025, 1635, 2714.59, 746.22, 2854.66, 957.09, 1, 0.65
13050, 1613, 2360.75, 863.92, 2491.82, 1132.15, 0, 0.96
13050, 1619, 2208.18, 969.51, 2355.09, 1249.94, 0, 0.82
13050, 1638, 2667.47, 805.19, 2793.25, 1053.77, 0, 0.88
13050, 1635, 2720.05, 744.98, 2853.21, 957.02, 3, 0.59
13050, 1668, 2721.47, 744.52, 2853.00, 956.94, 1, 0.42
13050, 1593, 2175.58, 785.15, 2290.78, 1012.48, 1, 0.34
13075, 1613, 2362.47, 862.85, 2491.91, 1131.87, 0, 0.96
13075, 1619, 2207.59, 969.78, 2354.70, 1250.38, 0, 0.68
13075, 1638, 2667.03, 805.21, 2793.80, 1053.93, 0, 0.83
13075, 1635, 2720.25, 745.21, 2853.29, 957.71, 3, 0.64
13075, 1593, 2187.33, 783.12, 2295.49, 1009.44, 1, 0.70
13100, 1613, 2362.11, 863.50, 2492.44, 1131.86, 0, 0.95
13100, 1619, 2208.13, 970.57, 2354.12, 1250.24, 0, 0.89
13100, 1638, 2667.20, 804.08, 2793.77, 1053.59, 0, 0.89
13100, 1635, 2718.58, 748.38, 2853.11, 958.84, 3, 0.43
13100, 1593, 2179.51, 787.93, 2290.97, 1015.13, 1, 0.69
13125, 1613, 2363.56, 863.60, 2493.51, 1130.28, 0, 0.95
13125, 1619, 2207.21, 970.83, 2355.28, 1252.47, 0, 0.78
13125, 1638, 2666.23, 802.37, 2795.11, 1050.57, 0, 0.66
13125, 1635, 2720.59, 748.89, 2854.16, 957.46, 3, 0.53
13125, 1593, 2175.78, 786.31, 2290.06, 1015.25, 1, 0.29
13150, 1613, 2363.30, 864.53, 2493.35, 1129.59, 0, 0.94
13150, 1619, 2208.38, 968.01, 2356.63, 1252.34, 0, 0.69
13150, 1638, 2668.41, 797.24, 2806.47, 1021.61, 0, 0.39
13150, 1635, 2707.89, 749.16, 2853.76, 958.07, 3, 0.63
13150, 1593, 2169.57, 789.35, 2289.65, 1018.37, 1, 0.78
13175, 1613, 2363.85, 866.22, 2493.17, 1133.16, 0, 0.96
13175, 1619, 2208.47, 969.93, 2356.09, 1251.89, 0, 0.86
13175, 1638, 2666.92, 802.01, 2799.35, 1040.76, 0, 0.89
13175, 1635, 2715.37, 747.75, 2854.35, 958.07, 3, 0.60
13175, 1593, 2165.54, 795.39, 2284.90, 1021.25, 1, 0.65
13200, 1613, 2365.23, 866.21, 2494.66, 1132.79, 0, 0.96
13200, 1619, 2208.53, 967.52, 2356.98, 1245.95, 0, 0.86
13200, 1638, 2667.65, 802.66, 2796.87, 1047.12, 0, 0.60
13200, 1635, 2718.32, 746.30, 2853.02, 957.79, 3, 0.45
13200, 1593, 2163.74, 796.76, 2278.40, 1015.13, 1, 0.62
13225, 1613, 2365.37, 866.39, 2494.91, 1135.05, 0, 0.96
13225, 1619, 2209.20, 970.16, 2355.83, 1249.59, 0, 0.81
13225, 1638, 2668.02, 803.85, 2796.18, 1051.13, 0, 0.85
13225, 1635, 2723.32, 744.31, 2852.94, 959.03, 3, 0.39
13250, 1613, 2364.53, 865.09, 2493.95, 1133.49, 0, 0.96
13250, 1619, 2210.37, 970.83, 2356.68, 1248.19, 0, 0.82
13250, 1638, 2668.06, 804.10, 2794.78, 1051.63, 0, 0.79
13250, 1635, 2723.07, 746.27, 2852.68, 960.82, 3, 0.70
13250, 1593, 2167.89, 785.93, 2277.60, 1004.00, 1, 0.51
13275, 1613, 2362.54, 864.04, 2494.25, 1134.42, 0, 0.94
13275, 1619, 2210.36, 969.36, 2355.88, 1251.43, 0, 0.82
13275, 1638, 2667.10, 803.24, 2791.83, 1046.32, 0, 0.73
13275, 1635, 2720.02, 746.46, 2853.06, 959.62, 3, 0.53
13275, 1593, 2163.42, 785.14, 2283.09, 1015.93, 1, 0.76
13300, 1613, 2363.69, 864.80, 2495.01, 1133.37, 0, 0.95
13300, 1619, 2210.03, 969.66, 2356.15, 1249.98, 0, 0.86
13300, 1638, 2668.82, 805.50, 2795.04, 1050.04, 0, 0.84
13300, 1635, 2718.61, 747.50, 2849.76, 957.18, 1, 0.50
13300, 1593, 2198.64, 782.09, 2308.23, 998.85, 1, 0.57
13300, 1687, 1559.83, 612.69, 1697.46, 823.60, 0, 0.34
13300, 1688, 2718.01, 747.66, 2849.18, 956.47, 3, 0.48
13325, 1613, 2363.93, 866.21, 2494.06, 1133.21, 0, 0.95
13325, 1619, 2210.18, 970.14, 2357.65, 1250.28, 0, 0.85
13325, 1638, 2667.90, 806.40, 2795.07, 1052.86, 0, 0.85
13325, 1635, 2716.45, 746.43, 2849.10, 956.59, 1, 0.33
13325, 1593, 2200.94, 780.90, 2308.71, 992.60, 1, 0.65
13325, 1687, 1559.46, 612.46, 1697.01, 825.65, 1, 0.36
13325, 1688, 2716.06, 746.21, 2849.07, 956.41, 3, 0.67
13350, 1613, 2363.48, 866.42, 2493.34, 1133.76, 0, 0.96
13350, 1619, 2209.32, 970.26, 2356.20, 1249.38, 0, 0.87
13350, 1638, 2668.02, 802.99, 2798.22, 1052.75, 0, 0.87
13350, 1593, 2201.72, 779.79, 2306.13, 991.59, 1, 0.36
13350, 1687, 1559.37, 613.98, 1698.13, 826.26, 0, 0.39
13350, 1690, 1559.39, 614.04, 1698.18, 826.18, 1, 0.35
13375, 1613, 2363.52, 864.84, 2492.34, 1134.20, 0, 0.96
13375, 1619, 2209.02, 971.47, 2355.63, 1250.59, 0, 0.86
13375, 1638, 2667.58, 803.10, 2797.31, 1053.04, 0, 0.87
13375, 1593, 2199.24, 778.23, 2306.98, 995.78, 1, 0.59
13375, 1687, 1559.73, 612.75, 1698.40, 823.36, 0, 0.35
13375, 1690, 1559.79, 612.58, 1698.34, 823.04, 1, 0.35
13375, 1635, 2716.36, 747.80, 2851.09, 958.73, 3, 0.45
13400, 1613, 2361.74, 863.91, 2491.67, 1133.34, 0, 0.95
13400, 1619, 2208.15, 972.49, 2355.32, 1248.58, 0, 0.84
13400, 1638, 2666.76, 802.95, 2794.55, 1053.28, 0, 0.91
13400, 1593, 2199.25, 778.29, 2304.01, 991.91, 1, 0.50
13400, 1687, 1560.57, 635.19, 1686.04, 827.24, 0, 0.56
13425, 1613, 2362.87, 860.26, 2496.59, 1133.23, 0, 0.94
13425, 1619, 2207.76, 973.29, 2356.40, 1249.94, 0, 0.81
13425, 1638, 2660.05, 802.45, 2787.73, 1045.77, 0, 0.82
13425, 1593, 2197.16, 775.77, 2310.03, 996.54, 1, 0.40
13425, 1706, 2187.98, 778.83, 2301.45, 990.59, 0, 0.39
13425, 1690, 1589.58, 598.87, 1720.82, 805.20, 0, 0.35
13425, 1635, 2735.60, 722.20, 2864.81, 927.61, 3, 0.70
13450, 1613, 2364.04, 858.70, 2498.55, 1135.80, 0, 0.91
13450, 1619, 2209.25, 975.70, 2356.00, 1249.91, 0, 0.80
13450, 1638, 2633.14, 777.26, 2764.36, 1018.25, 0, 0.72
13450, 1706, 2174.20, 791.04, 2283.15, 1005.51, 1, 0.50
13450, 1690, 1632.08, 568.24, 1747.92, 777.38, 0, 0.67
13475, 1613, 2366.20, 860.44, 2498.78, 1134.02, 0, 0.92
13475, 1619, 2207.47, 968.72, 2359.14, 1250.79, 0, 0.81
13475, 1638, 2601.18, 754.88, 2730.32, 995.35, 0, 0.91
13475, 1690, 1646.55, 557.10, 1758.90, 767.86, 0, 0.67
13475, 1713, 1818.81, 655.44, 1926.79, 883.77, 0, 0.93
13475, 1635, 2743.52, 720.42, 2858.42, 933.70, 3, 0.30
13500, 1613, 2366.99, 856.91, 2499.18, 1131.80, 0, 0.66
13500, 1619, 2207.74, 958.56, 2361.22, 1251.96, 0, 0.89
13500, 1638, 2590.90, 748.15, 2721.43, 986.25, 0, 0.56
13500, 1690, 1650.48, 554.18, 1760.25, 763.85, 0, 0.49
13500, 1713, 1823.65, 653.98, 1933.08, 886.51, 0, 0.95
13500, 1635, 2745.05, 721.44, 2859.73, 934.92, 0, 0.70
13500, 1706, 2149.17, 725.97, 2256.32, 924.95, 1, 0.78
13525, 1613, 2363.83, 857.94, 2498.10, 1133.41, 0, 0.86
13525, 1619, 2205.48, 961.63, 2358.78, 1253.47, 0, 0.89
13525, 1638, 2590.61, 743.17, 2722.52, 972.22, 0, 0.50
13525, 1690, 1650.02, 555.20, 1759.14, 763.86, 0, 0.78
13525, 1713, 1824.00, 653.68, 1933.61, 884.70, 0, 0.94
13525, 1635, 2740.02, 697.83, 2858.58, 907.51, 3, 0.35
13525, 1706, 2134.20, 673.10, 2240.32, 865.47, 1, 0.63
13550, 1613, 2352.39, 826.80, 2480.62, 1089.80, 0, 0.95
13550, 1619, 2205.94, 960.85, 2360.56, 1254.51, 0, 0.93
13550, 1638, 2565.43, 725.62, 2688.67, 947.77, 0, 0.68
13550, 1690, 1690.06, 528.00, 1801.52, 728.20, 0, 0.64
13550, 1713, 1826.52, 653.44, 1932.92, 886.45, 0, 0.90
13575, 1619, 2203.97, 948.58, 2366.02, 1248.53, 0, 0.93
13575, 1713, 1839.74, 630.29, 1941.72, 846.34, 0, 0.51
13600, 1593, 2206.22, 799.49, 2333.29, 1049.69, 0, 0.88
13600, 1690, 1763.59, 547.19, 1860.84, 738.56, 0, 0.94
13650, 1758, 1134.48, 369.85, 1200.90, 486.41, 0, 0.66
13675, 1767, 973.43, 486.73, 1052.29, 652.98, 0, 0.69
13675, 1706, 2109.69, 515.96, 2196.19, 685.66, 0, 0.80
13700, 1767, 948.83, 535.95, 1042.66, 711.26, 0, 0.80
13725, 1638, 2484.83, 687.90, 2602.38, 906.34, 0, 0.62
13750, 1784, 0.58, 1027.44, 184.43, 1340.01, 3, 0.94
13850, 1810, 2944.42, 898.92, 3214.06, 1137.10, 1, 0.80
13875, 1810, 2938.84, 902.49, 3213.75, 1144.70, 1, 0.26
13900, 1810, 2936.98, 906.27, 3202.72, 1148.86, 1, 0.38
13900, 1813, 2935.61, 904.95, 3211.23, 1148.93, 1, 0.34
13925, 1813, 2944.00, 894.22, 3219.84, 1149.93, 1, 0.74
13950, 1813, 2952.53, 891.83, 3222.25, 1152.08, 1, 0.28
13975, 1813, 2961.97, 885.29, 3223.32, 1143.38, 1, 0.33
14000, 1813, 2964.59, 895.13, 3228.97, 1146.02, 1, 0.43
14025, 1813, 2966.79, 897.47, 3233.66, 1138.18, 1, 0.44
14050, 1619, 2152.33, 999.58, 2299.82, 1329.20, 0, 0.94
14050, 1713, 1957.27, 452.63, 2038.81, 613.54, 0, 0.88
14125, 1831, 1393.95, 622.87, 1501.26, 833.84, 1, 0.95
14125, 1813, 2972.85, 903.12, 3233.91, 1148.51, 1, 0.62
14150, 1831, 1391.92, 615.85, 1494.62, 823.55, 1, 0.93
14150, 1813, 2972.76, 901.27, 3237.11, 1143.01, 1, 0.37
14175, 1831, 1355.87, 593.77, 1467.08, 800.62, 1, 0.94
14175, 1813, 2971.60, 901.82, 3235.80, 1148.84, 1, 0.52
14200, 1831, 1310.56, 579.59, 1428.63, 779.72, 1, 0.98
14200, 1813, 2970.90, 899.57, 3239.09, 1143.56, 1, 0.37
14225, 1831, 1269.62, 566.98, 1381.08, 761.95, 1, 0.96
14225, 1813, 2972.30, 898.68, 3240.57, 1141.56, 1, 0.39
14250, 1831, 1242.75, 549.55, 1348.05, 745.37, 1, 0.92
14250, 1813, 2972.35, 898.83, 3239.85, 1140.91, 1, 0.30
14275, 1831, 1225.24, 539.28, 1326.15, 728.45, 1, 0.92
14275, 1813, 2971.34, 898.47, 3241.35, 1140.26, 1, 0.43
14275, 1613, 2290.99, 677.29, 2424.95, 899.54, 1, 0.87
14275, 1690, 2337.96, 444.40, 2436.23, 594.44, 0, 0.71
14350, 1813, 2975.29, 894.01, 3239.62, 1140.60, 1, 0.60
14375, 1810, 2860.67, 878.16, 3119.85, 1127.49, 1, 0.92
14400, 1619, 2110.41, 974.21, 2252.64, 1278.82, 0, 0.95
14425, 1619, 2112.46, 882.99, 2245.12, 1166.79, 0, 0.93
14450, 1619, 2120.74, 858.29, 2246.57, 1128.77, 0, 0.78
14450, 1869, 1645.55, 779.64, 1774.22, 1028.83, 0, 0.66
14450, 1613, 2222.78, 608.88, 2423.15, 804.28, 0, 0.91
14475, 1619, 2121.61, 848.48, 2247.73, 1122.00, 0, 0.81
14475, 1869, 1646.47, 773.55, 1775.49, 1018.78, 0, 0.63
14500, 1619, 2118.91, 843.64, 2248.67, 1117.40, 0, 0.92
14500, 1869, 1646.38, 770.37, 1775.27, 1016.42, 0, 0.86
14500, 1891, 724.00, 536.03, 846.53, 722.13, 0, 0.86
14525, 1619, 2119.03, 843.75, 2249.13, 1117.93, 0, 0.93
14525, 1869, 1644.94, 769.34, 1774.47, 1014.99, 0, 0.88
14550, 1619, 2117.48, 841.56, 2247.42, 1116.16, 0, 0.91
14550, 1869, 1646.07, 770.62, 1773.52, 1013.60, 0, 0.92
14550, 1897, 1863.14, 864.61, 1990.89, 1147.06, 0, 0.93
14575, 1619, 2119.33, 842.80, 2247.40, 1115.07, 0, 0.96
14575, 1869, 1646.54, 770.28, 1774.37, 1012.45, 0, 0.93
14575, 1897, 1862.07, 844.57, 1993.83, 1107.18, 0, 0.92
14600, 1619, 2120.93, 842.54, 2247.59, 1116.41, 0, 0.96
14600, 1869, 1645.55, 770.03, 1774.02, 1010.84, 0, 0.91
14600, 1897, 1859.71, 833.72, 1992.21, 1093.50, 0, 0.93
14600, 1904, 2261.18, 938.80, 2404.34, 1231.75, 0, 0.62
14625, 1619, 2120.08, 843.94, 2246.73, 1117.11, 0, 0.96
14625, 1869, 1645.43, 768.96, 1773.74, 1010.74, 0, 0.94
14625, 1897, 1861.21, 828.51, 1993.68, 1086.47, 0, 0.94
14625, 1904, 2261.70, 936.60, 2407.84, 1234.23, 0, 0.86
14625, 1813, 3092.24, 961.82, 3290.64, 1210.60, 0, 0.81
14650, 1619, 2120.49, 843.25, 2246.21, 1116.73, 0, 0.96
14650, 1869, 1644.98, 769.41, 1774.35, 1011.56, 0, 0.93
14650, 1897, 1858.35, 829.30, 1992.69, 1088.39, 0, 0.93
14650, 1904, 2262.08, 936.60, 2408.22, 1232.79, 0, 0.84
14675, 1619, 2120.31, 843.86, 2246.55, 1117.93, 0, 0.97
14675, 1869, 1644.13, 769.64, 1774.26, 1012.35, 0, 0.93
14675, 1897, 1857.46, 830.43, 1993.60, 1090.38, 0, 0.94
14675, 1904, 2263.59, 932.62, 2406.67, 1229.02, 0, 0.91
14675, 1909, 2132.63, 369.96, 2269.78, 497.91, 0, 0.35
14700, 1619, 2119.75, 842.81, 2247.43, 1116.09, 0, 0.97
14700, 1869, 1643.90, 769.48, 1774.90, 1013.19, 0, 0.94
14700, 1897, 1856.31, 829.62, 1993.14, 1090.70, 0, 0.94
14700, 1904, 2263.78, 934.83, 2397.92, 1211.32, 0, 0.89
14725, 1619, 2122.57, 843.17, 2246.18, 1123.52, 0, 0.95
14725, 1869, 1643.07, 768.89, 1774.38, 1013.85, 0, 0.93
14725, 1897, 1856.06, 828.94, 1991.68, 1088.26, 0, 0.93
14725, 1904, 2264.32, 931.73, 2401.43, 1194.99, 0, 0.85
14725, 1613, 2081.71, 528.67, 2263.68, 705.75, 0, 0.89
14725, 1909, 2137.38, 364.78, 2279.36, 501.35, 0, 0.85
14750, 1619, 2123.86, 844.03, 2248.72, 1122.92, 0, 0.96
14750, 1869, 1643.37, 770.65, 1774.71, 1012.99, 0, 0.92
14750, 1897, 1857.79, 828.46, 1993.53, 1088.66, 0, 0.93
14750, 1904, 2266.06, 928.20, 2402.51, 1184.50, 0, 0.74
14750, 1919, 2311.95, 782.56, 2447.24, 1033.85, 0, 0.92
14750, 1920, 2202.89, 1048.56, 2342.64, 1359.81, 0, 0.89
14775, 1619, 2127.12, 844.51, 2248.27, 1124.29, 0, 0.96
14775, 1869, 1643.76, 768.89, 1773.66, 1012.50, 0, 0.94
14775, 1897, 1857.64, 829.42, 1994.49, 1088.88, 0, 0.93
14775, 1904, 2265.90, 932.29, 2402.49, 1180.77, 0, 0.80
14775, 1919, 2311.68, 783.61, 2445.60, 1032.74, 0, 0.96
14775, 1920, 2203.39, 1047.75, 2343.43, 1360.38, 0, 0.87
14775, 1810, 2860.82, 769.56, 3098.32, 989.34, 0, 0.91
14800, 1619, 2125.27, 844.33, 2248.69, 1125.19, 0, 0.95
14800, 1869, 1643.54, 769.31, 1774.10, 1012.83, 0, 0.93
14800, 1897, 1857.42, 829.39, 1994.60, 1089.65, 0, 0.93
14800, 1904, 2266.09, 932.89, 2401.82, 1181.29, 0, 0.80
14800, 1919, 2311.05, 783.66, 2444.82, 1027.40, 0, 0.95
14800, 1920, 2204.14, 1047.04, 2342.77, 1361.39, 0, 0.88
14825, 1619, 2125.66, 843.14, 2248.94, 1123.32, 0, 0.81
14825, 1869, 1642.90, 768.79, 1772.69, 1014.08, 0, 0.93
14825, 1897, 1857.74, 830.02, 1993.49, 1090.15, 0, 0.93
14825, 1904, 2266.85, 934.04, 2402.07, 1180.18, 0, 0.83
14825, 1919, 2311.27, 780.82, 2445.71, 1027.16, 0, 0.94
14825, 1920, 2200.98, 1045.78, 2342.61, 1361.47, 0, 0.88
14825, 1909, 2129.14, 369.51, 2268.42, 503.11, 0, 0.56
14850, 1619, 2125.37, 844.51, 2249.03, 1120.36, 0, 0.91
14850, 1869, 1642.14, 768.38, 1772.64, 1014.02, 0, 0.92
14850, 1897, 1856.94, 830.58, 1992.10, 1092.93, 0, 0.93
14850, 1904, 2267.90, 934.26, 2402.61, 1181.62, 0, 0.81
14850, 1919, 2311.12, 783.48, 2445.86, 1026.88, 0, 0.95
14850, 1920, 2203.37, 1046.75, 2343.26, 1362.29, 0, 0.89
14850, 1924, 2009.80, 652.30, 2206.22, 856.07, 0, 0.91
14850, 1909, 2130.24, 365.72, 2274.48, 502.61, 0, 0.32
14875, 1619, 2122.42, 843.80, 2249.17, 1123.25, 0, 0.95
14875, 1869, 1642.90, 769.81, 1772.85, 1013.32, 0, 0.92
14875, 1897, 1857.56, 830.57, 1992.60, 1090.13, 0, 0.93
14875, 1904, 2266.96, 934.09, 2402.19, 1183.81, 0, 0.77
14875, 1919, 2308.89, 784.96, 2446.03, 1031.15, 0, 0.95
14875, 1920, 2200.93, 1043.43, 2343.61, 1361.00, 0, 0.90
14900, 1619, 2124.47, 844.45, 2249.96, 1123.86, 0, 0.96
14900, 1869, 1642.46, 770.07, 1773.82, 1012.83, 0, 0.93
14900, 1897, 1856.67, 828.99, 1994.01, 1090.77, 0, 0.94
14900, 1904, 2266.98, 932.26, 2403.15, 1182.99, 0, 0.83
14900, 1919, 2310.14, 782.53, 2446.87, 1026.99, 0, 0.92
14900, 1920, 2200.42, 1046.01, 2341.28, 1359.67, 0, 0.88
14900, 1909, 2144.14, 371.44, 2273.96, 500.78, 0, 0.55
14925, 1619, 2126.57, 846.79, 2249.36, 1122.78, 0, 0.97
14925, 1869, 1643.62, 771.70, 1774.04, 1013.41, 0, 0.92
14925, 1897, 1857.00, 830.70, 1993.52, 1091.92, 0, 0.94
14925, 1904, 2267.40, 934.01, 2401.94, 1176.44, 0, 0.81
14925, 1919, 2311.03, 781.96, 2446.43, 1026.18, 0, 0.95
14925, 1920, 2202.67, 1043.52, 2346.07, 1356.01, 0, 0.89
14925, 1909, 2137.02, 365.95, 2277.75, 500.54, 0, 0.75
14950, 1619, 2117.79, 844.75, 2247.78, 1123.37, 0, 0.95
14950, 1869, 1643.95, 768.89, 1773.77, 1012.86, 0, 0.94
14950, 1897, 1856.52, 832.66, 1993.24, 1095.60, 0, 0.91
14950, 1904, 2267.55, 934.94, 2402.62, 1186.16, 0, 0.72
14950, 1919, 2309.96, 782.02, 2447.91, 1031.26, 0, 0.96
14950, 1920, 2202.11, 1042.57, 2346.67, 1359.69, 0, 0.88
14975, 1619, 2117.39, 843.89, 2248.82, 1122.73, 0, 0.96
14975, 1869, 1644.23, 769.41, 1774.72, 1012.47, 0, 0.94
14975, 1897, 1855.73, 830.55, 1992.92, 1094.86, 0, 0.93
14975, 1904, 2268.55, 936.69, 2403.14, 1183.65, 0, 0.81
14975, 1919, 2311.16, 782.95, 2450.77, 1027.66, 0, 0.94
14975, 1920, 2203.48, 1046.80, 2343.47, 1360.63, 0, 0.89
15000, 1619, 2117.62, 843.79, 2250.13, 1122.84, 0, 0.97
15000, 1869, 1642.01, 769.89, 1774.04, 1012.99, 0, 0.93
15000, 1897, 1857.54, 830.37, 1993.71, 1092.60, 0, 0.93
15000, 1904, 2267.69, 934.67, 2402.97, 1182.30, 0, 0.81
15000, 1919, 2311.91, 783.52, 2448.44, 1031.89, 0, 0.96
15000, 1920, 2201.79, 1046.50, 2342.06, 1361.05, 0, 0.91
15025, 1619, 2119.12, 843.35, 2250.49, 1122.00, 0, 0.96
15025, 1869, 1642.26, 768.85, 1774.37, 1013.67, 0, 0.93
15025, 1897, 1858.11, 830.82, 1993.94, 1090.82, 0, 0.93
15025, 1904, 2269.62, 936.15, 2403.14, 1182.11, 0, 0.78
15025, 1919, 2311.74, 785.92, 2447.22, 1032.27, 0, 0.97
15025, 1920, 2201.80, 1046.01, 2341.81, 1360.96, 0, 0.88
15050, 1619, 2126.22, 844.20, 2250.35, 1123.29, 0, 0.96
15050, 1869, 1642.29, 768.63, 1774.94, 1013.44, 0, 0.92
15050, 1897, 1858.68, 830.99, 1993.78, 1091.25, 0, 0.93
15050, 1904, 2266.35, 934.20, 2400.16, 1183.89, 0, 0.73
15050, 1919, 2311.37, 786.41, 2446.82, 1029.15, 0, 0.96
15050, 1920, 2202.79, 1047.22, 2342.30, 1361.54, 0, 0.90
15075, 1619, 2130.16, 845.13, 2251.01, 1124.17, 0, 0.96
15075, 1869, 1643.81, 767.98, 1774.19, 1013.77, 0, 0.92
15075, 1897, 1859.17, 831.38, 1994.20, 1092.08, 0, 0.93
15075, 1904, 2267.82, 934.84, 2400.80, 1190.95, 0, 0.86
15075, 1919, 2311.71, 786.28, 2447.84, 1030.18, 0, 0.96
15075, 1920, 2205.07, 1048.66, 2340.72, 1361.58, 0, 0.87
15075, 1909, 2110.83, 365.02, 2256.64, 501.48, 0, 0.76
15100, 1619, 2127.90, 844.83, 2249.90, 1123.05, 0, 0.97
15100, 1869, 1644.60, 769.24, 1774.68, 1014.94, 0, 0.94
15100, 1897, 1858.65, 830.54, 1994.18, 1093.21, 0, 0.93
15100, 1904, 2271.33, 937.62, 2400.55, 1192.52, 0, 0.80
15100, 1919, 2314.48, 784.58, 2447.76, 1027.29, 0, 0.96
15100, 1920, 2204.19, 1047.75, 2340.26, 1361.44, 0, 0.88
15100, 1613, 1865.49, 370.86, 2040.53, 506.76, 0, 0.79
15125, 1619, 2119.13, 845.29, 2248.03, 1125.51, 0, 0.96
15125, 1869, 1644.23, 770.31, 1774.82, 1014.55, 0, 0.93
15125, 1897, 1858.34, 830.58, 1994.28, 1092.43, 0, 0.94
15125, 1904, 2270.02, 936.71, 2401.52, 1184.16, 0, 0.83
15125, 1919, 2312.10, 784.92, 2447.03, 1036.14, 0, 0.94
15125, 1920, 2203.08, 1048.22, 2343.19, 1359.22, 0, 0.90
15150, 1619, 2120.69, 846.27, 2248.66, 1124.07, 0, 0.96
15150, 1869, 1643.15, 771.40, 1774.42, 1014.01, 0, 0.92
15150, 1897, 1858.34, 830.00, 1993.99, 1091.88, 0, 0.93
15150, 1904, 2268.96, 933.13, 2403.42, 1181.98, 0, 0.81
15150, 1919, 2311.34, 783.62, 2447.10, 1034.32, 0, 0.96
15150, 1920, 2205.02, 1048.75, 2342.39, 1359.58, 0, 0.88
15150, 1891, 769.98, 483.68, 850.32, 635.86, 0, 0.78
15175, 1619, 2121.05, 845.28, 2248.29, 1123.50, 0, 0.97
15175, 1869, 1643.59, 770.95, 1774.87, 1013.44, 0, 0.91
15175, 1897, 1858.44, 829.32, 1994.28, 1091.31, 0, 0.94
15175, 1904, 2267.74, 931.75, 2402.94, 1175.63, 0, 0.81
15175, 1919, 2310.98, 783.05, 2447.13, 1030.89, 0, 0.96
15175, 1920, 2204.40, 1048.82, 2343.48, 1359.88, 0, 0.90
15175, 1891, 775.11, 485.96, 850.83, 642.32, 0, 0.68
15200, 1619, 2117.55, 846.03, 2248.88, 1121.87, 0, 0.97
15200, 1869, 1643.44, 770.67, 1774.98, 1014.33, 0, 0.92
15200, 1897, 1858.21, 830.17, 1994.07, 1094.63, 0, 0.94
15200, 1904, 2266.34, 931.17, 2402.87, 1176.06, 0, 0.80
15200, 1919, 2312.62, 784.05, 2449.49, 1027.42, 0, 0.93
15200, 1920, 2202.37, 1046.96, 2343.81, 1361.06, 0, 0.86
15200, 1891, 776.13, 487.10, 849.68, 643.45, 0, 0.26
15225, 1619, 2118.42, 846.73, 2249.84, 1120.60, 0, 0.97
15225, 1869, 1642.97, 771.07, 1774.03, 1013.05, 0, 0.93
15225, 1897, 1858.32, 830.13, 1993.79, 1093.76, 0, 0.95
15225, 1904, 2268.79, 935.77, 2402.29, 1172.01, 0, 0.78
15225, 1919, 2312.21, 784.68, 2449.16, 1025.76, 0, 0.92
15225, 1920, 2203.46, 1047.23, 2343.30, 1360.26, 0, 0.89
15225, 1891, 778.73, 494.21, 851.38, 645.34, 0, 0.74
15250, 1619, 2118.36, 845.62, 2250.43, 1122.53, 0, 0.97
15250, 1869, 1645.19, 770.95, 1770.50, 1010.45, 0, 0.84
15250, 1897, 1858.16, 830.72, 1993.69, 1094.68, 0, 0.94
15250, 1904, 2270.19, 934.14, 2402.42, 1175.46, 0, 0.78
15250, 1919, 2311.05, 785.78, 2447.81, 1029.07, 0, 0.96
15250, 1920, 2203.70, 1046.97, 2343.36, 1361.66, 0, 0.88
15250, 1891, 778.21, 491.70, 851.84, 645.53, 0, 0.39
15275, 1619, 2117.38, 845.85, 2250.60, 1120.69, 0, 0.97
15275, 1869, 1643.84, 770.67, 1773.27, 1011.90, 0, 0.93
15275, 1897, 1858.20, 830.74, 1993.00, 1093.23, 0, 0.95
15275, 1904, 2270.26, 932.55, 2404.24, 1181.18, 0, 0.71
15275, 1919, 2310.48, 786.94, 2447.58, 1032.86, 0, 0.96
15275, 1920, 2202.67, 1044.49, 2343.72, 1361.34, 0, 0.89
15300, 1619, 2117.23, 845.17, 2249.07, 1120.73, 0, 0.97
15300, 1869, 1643.71, 771.27, 1773.82, 1012.99, 0, 0.93
15300, 1897, 1857.63, 830.16, 1994.30, 1094.12, 0, 0.95
15300, 1904, 2268.94, 934.07, 2402.17, 1177.26, 0, 0.78
15300, 1919, 2311.46, 787.09, 2448.34, 1036.91, 0, 0.96
15300, 1920, 2201.81, 1044.58, 2344.03, 1363.17, 0, 0.86
15300, 1891, 775.25, 488.89, 849.85, 644.98, 0, 0.48
15325, 1619, 2117.26, 844.43, 2248.87, 1121.20, 0, 0.97
15325, 1869, 1644.12, 769.77, 1773.55, 1012.93, 0, 0.92
15325, 1897, 1858.10, 830.20, 1994.25, 1092.65, 0, 0.93
15325, 1904, 2268.43, 934.28, 2402.04, 1175.55, 0, 0.79
15325, 1919, 2310.64, 787.51, 2447.17, 1037.31, 0, 0.97
15325, 1920, 2199.21, 1045.22, 2344.99, 1361.62, 0, 0.90
15325, 1966, 2614.51, 813.58, 2750.08, 1074.96, 0, 0.93
15350, 1619, 2117.85, 843.53, 2249.46, 1121.70, 0, 0.97
15350, 1869, 1644.60, 769.62, 1773.45, 1013.62, 0, 0.93
15350, 1897, 1858.42, 831.85, 1993.09, 1092.72, 0, 0.94
15350, 1904, 2267.99, 933.62, 2402.64, 1176.77, 0, 0.82
15350, 1919, 2309.08, 787.54, 2446.76, 1035.96, 0, 0.96
15350, 1920, 2201.25, 1047.87, 2344.46, 1359.70, 0, 0.89
15350, 1966, 2613.41, 814.95, 2747.67, 1074.76, 0, 0.93
15350, 1891, 775.44, 486.97, 850.04, 644.40, 0, 0.42
15375, 1619, 2119.38, 843.87, 2250.28, 1120.70, 0, 0.97
15375, 1869, 1644.28, 770.07, 1773.33, 1013.20, 0, 0.92
15375, 1897, 1858.62, 831.06, 1992.89, 1093.02, 0, 0.94
15375, 1904, 2267.53, 932.78, 2401.84, 1173.53, 0, 0.75
15375, 1919, 2311.65, 786.15, 2446.69, 1031.13, 0, 0.97
15375, 1920, 2205.54, 1046.28, 2345.42, 1356.03, 0, 0.93
15375, 1966, 2613.41, 813.09, 2744.69, 1071.86, 0, 0.92
15375, 1891, 774.94, 485.47, 850.14, 644.76, 0, 0.63
15400, 1619, 2117.48, 843.78, 2249.60, 1121.19, 0, 0.96
15400, 1869, 1644.10, 770.25, 1775.05, 1013.63, 0, 0.90
15400, 1897, 1856.69, 830.66, 1992.83, 1093.50, 0, 0.94
15400, 1904, 2268.92, 933.35, 2403.00, 1183.59, 0, 0.80
15400, 1919, 2313.03, 787.70, 2448.03, 1033.87, 0, 0.96
15400, 1920, 2204.87, 1047.54, 2343.44, 1358.27, 0, 0.89
15400, 1966, 2612.53, 812.71, 2744.62, 1073.51, 0, 0.93
15425, 1619, 2117.42, 844.61, 2249.15, 1121.46, 0, 0.97
15425, 1869, 1644.26, 770.69, 1773.92, 1013.14, 0, 0.91
15425, 1897, 1857.38, 830.78, 1992.81, 1093.45, 0, 0.94
15425, 1904, 2267.97, 932.82, 2402.31, 1180.95, 0, 0.80
15425, 1919, 2313.42, 787.52, 2448.26, 1035.09, 0, 0.97
15425, 1920, 2203.79, 1049.36, 2342.35, 1361.39, 0, 0.91
15425, 1966, 2611.69, 812.93, 2744.08, 1073.40, 0, 0.92
15450, 1619, 2117.87, 845.03, 2249.49, 1120.30, 0, 0.97
15450, 1869, 1644.54, 770.96, 1774.32, 1013.22, 0, 0.91
15450, 1897, 1857.99, 830.63, 1993.19, 1093.09, 0, 0.94
15450, 1904, 2268.33, 935.41, 2404.12, 1179.91, 0, 0.73
15450, 1919, 2313.13, 788.92, 2446.82, 1030.54, 0, 0.97
15450, 1920, 2202.81, 1049.32, 2342.57, 1360.76, 0, 0.91
15450, 1966, 2612.05, 813.76, 2743.40, 1073.50, 0, 0.92
15450, 1891, 776.59, 487.84, 850.67, 645.34, 0, 0.79
15475, 1619, 2118.84, 845.51, 2249.66, 1120.14, 0, 0.97
15475, 1869, 1644.16, 771.20, 1774.44, 1013.09, 0, 0.91
15475, 1897, 1858.40, 830.62, 1992.83, 1091.43, 0, 0.94
15475, 1904, 2269.13, 934.12, 2403.48, 1175.64, 0, 0.75
15475, 1919, 2312.99, 787.37, 2446.78, 1027.28, 0, 0.96
15475, 1920, 2203.96, 1048.59, 2342.72, 1359.93, 0, 0.89
15475, 1966, 2612.08, 813.32, 2742.66, 1072.56, 0, 0.91
15500, 1619, 2120.87, 845.91, 2249.45, 1118.67, 0, 0.97
15500, 1869, 1643.53, 770.34, 1774.32, 1013.21, 0, 0.90
15500, 1897, 1857.76, 830.99, 1992.23, 1091.76, 0, 0.94
15500, 1904, 2271.12, 934.07, 2403.85, 1172.79, 0, 0.77
15500, 1919, 2312.46, 788.48, 2446.49, 1026.55, 0, 0.97
15500, 1920, 2204.10, 1049.50, 2341.51, 1361.02, 0, 0.90
15500, 1966, 2613.04, 813.32, 2742.41, 1071.67, 0, 0.92
15500, 1891, 776.71, 486.96, 850.98, 616.71, 0, 0.39
15525, 1619, 2121.74, 845.33, 2248.57, 1120.83, 0, 0.97
15525, 1869, 1643.17, 769.24, 1774.78, 1012.20, 0, 0.83
15525, 1897, 1858.07, 831.64, 1992.84, 1092.00, 0, 0.94
15525, 1904, 2269.57, 933.72, 2403.21, 1172.26, 0, 0.79
15525, 1919, 2313.40, 789.60, 2446.20, 1030.31, 0, 0.97
15525, 1920, 2201.90, 1050.38, 2342.41, 1359.64, 0, 0.90
15525, 1966, 2613.54, 813.61, 2743.71, 1072.40, 0, 0.92
15550, 1619, 2120.98, 844.66, 2248.59, 1121.50, 0, 0.97
15550, 1869, 1643.74, 770.67, 1775.13, 1013.46, 0, 0.90
15550, 1897, 1858.61, 831.59, 1994.22, 1094.86, 0, 0.94
15550, 1904, 2269.94, 930.78, 2403.87, 1173.86, 0, 0.73
15550, 1919, 2313.85, 789.08, 2446.33, 1024.70, 0, 0.97
15550, 1920, 2206.82, 1048.57, 2340.41, 1350.86, 0, 0.89
15550, 1966, 2612.70, 812.74, 2742.19, 1073.42, 0, 0.90
15575, 1619, 2120.76, 844.19, 2249.11, 1119.92, 0, 0.96
15575, 1869, 1643.56, 770.18, 1775.20, 1013.95, 0, 0.90
15575, 1897, 1858.86, 832.75, 1993.62, 1093.53, 0, 0.94
15575, 1904, 2268.41, 931.17, 2406.94, 1180.19, 0, 0.74
15575, 1919, 2314.47, 786.77, 2446.60, 1024.64, 0, 0.97
15575, 1920, 2201.52, 1046.93, 2343.46, 1356.55, 0, 0.88
15575, 1966, 2612.58, 812.82, 2741.49, 1073.32, 0, 0.91
15575, 1891, 776.76, 490.65, 852.18, 641.42, 0, 0.29
15600, 1619, 2121.70, 844.60, 2248.39, 1120.49, 0, 0.97
15600, 1869, 1643.97, 770.29, 1774.53, 1013.80, 0, 0.91
15600, 1897, 1860.09, 832.61, 1994.79, 1094.26, 0, 0.94
15600, 1904, 2268.08, 932.45, 2404.21, 1178.69, 0, 0.76
15600, 1919, 2315.28, 787.76, 2446.40, 1026.82, 0, 0.97
15600, 1920, 2201.07, 1047.63, 2344.04, 1359.61, 0, 0.90
15600, 1966, 2611.69, 812.65, 2741.57, 1069.19, 0, 0.77
15600, 1891, 775.32, 488.83, 851.62, 643.98, 0, 0.65
15625, 1619, 2122.83, 844.13, 2248.84, 1117.99, 0, 0.96
15625, 1869, 1643.61, 770.07, 1775.14, 1013.60, 0, 0.90
15625, 1897, 1858.95, 833.21, 1995.09, 1092.49, 0, 0.94
15625, 1904, 2269.26, 933.09, 2405.75, 1173.85, 0, 0.79
15625, 1919, 2315.49, 788.55, 2447.72, 1026.88, 0, 0.97
15625, 1920, 2201.67, 1048.52, 2344.81, 1362.71, 0, 0.91
15625, 1966, 2611.66, 813.09, 2743.07, 1071.32, 0, 0.93
15650, 1619, 2121.92, 845.02, 2249.80, 1118.69, 0, 0.97
15650, 1869, 1643.58, 768.99, 1774.84, 1013.60, 0, 0.87
15650, 1897, 1859.90, 831.60, 1996.13, 1092.29, 0, 0.93
15650, 1904, 2269.57, 935.05, 2403.11, 1176.98, 0, 0.76
15650, 1919, 2314.23, 787.23, 2447.58, 1033.01, 0, 0.96
15650, 1920, 2202.95, 1048.69, 2344.82, 1361.95, 0, 0.90
15650, 1966, 2612.40, 812.77, 2743.36, 1071.64, 0, 0.94
15650, 1993, 2817.37, 787.75, 2947.77, 1040.53, 0, 0.96
15650, 1891, 774.63, 488.48, 851.29, 645.92, 0, 0.44
15675, 1619, 2121.49, 845.25, 2249.87, 1118.93, 0, 0.97
15675, 1869, 1643.30, 769.53, 1774.11, 1012.53, 0, 0.82
15675, 1897, 1859.41, 831.48, 1994.89, 1090.94, 0, 0.93
15675, 1904, 2269.71, 934.79, 2403.93, 1175.73, 0, 0.80
15675, 1919, 2313.92, 786.79, 2446.88, 1029.73, 0, 0.96
15675, 1920, 2202.43, 1049.57, 2343.51, 1360.50, 0, 0.90
15675, 1966, 2611.91, 814.11, 2742.51, 1071.86, 0, 0.94
15675, 1993, 2820.58, 768.60, 2946.57, 1019.48, 0, 0.50
15675, 1891, 774.98, 490.75, 851.94, 644.89, 0, 0.31
15700, 1619, 2119.36, 844.66, 2249.73, 1120.28, 0, 0.97
15700, 1869, 1643.44, 769.70, 1774.32, 1013.52, 0, 0.92
15700, 1897, 1858.06, 829.93, 1993.97, 1090.68, 0, 0.94
15700, 1904, 2271.34, 934.92, 2403.63, 1172.62, 0, 0.81
15700, 1919, 2313.66, 786.96, 2446.56, 1027.94, 0, 0.96
15700, 1920, 2202.03, 1048.90, 2342.65, 1359.77, 0, 0.88
15700, 1966, 2610.93, 813.34, 2741.94, 1072.63, 0, 0.93
15700, 1993, 2819.38, 765.68, 2945.50, 1017.13, 1, 0.84
15700, 1891, 775.80, 490.37, 852.08, 644.44, 0, 0.31
15725, 1619, 2118.50, 833.37, 2246.53, 1099.18, 0, 0.96
15725, 1869, 1644.05, 766.69, 1774.83, 1010.71, 0, 0.49
15725, 1897, 1866.27, 803.93, 1995.32, 1064.74, 0, 0.95
15725, 1904, 2269.05, 940.93, 2403.28, 1168.31, 0, 0.61
15725, 1919, 2288.38, 756.02, 2416.46, 1003.33, 0, 0.95
15725, 1920, 2200.23, 1049.33, 2342.84, 1362.16, 0, 0.88
15725, 1966, 2609.20, 786.74, 2730.20, 1037.53, 0, 0.94
15725, 1993, 2814.55, 742.54, 2937.62, 985.25, 0, 0.90
15725, 1891, 777.05, 490.28, 850.66, 643.23, 0, 0.39
15750, 1919, 2256.81, 801.63, 2390.33, 1045.45, 0, 0.97
15750, 1920, 2203.49, 1019.85, 2336.11, 1315.51, 0, 0.90
15775, 1919, 2233.15, 805.61, 2351.49, 1052.94, 0, 0.88
15775, 1891, 777.91, 493.71, 851.01, 644.66, 0, 0.83
15800, 2003, 2252.58, 630.53, 2348.43, 832.03, 0, 0.94
15800, 2009, 2049.13, 409.29, 2114.27, 532.93, 0, 0.63
15800, 1891, 780.52, 491.37, 848.96, 645.59, 0, 0.34
15850, 2031, 334.25, 959.61, 533.69, 1289.36, 3, 0.99
15900, 2031, 336.12, 1093.05, 514.39, 1443.10, 0, 0.89
15925, 1891, 777.89, 509.77, 850.13, 647.47, 0, 0.74
15975, 1891, 776.47, 498.18, 851.90, 646.52, 0, 0.68
16050, 1891, 774.93, 483.86, 853.93, 643.07, 0, 0.52
16075, 1891, 778.82, 494.21, 852.32, 644.37, 0, 0.26
16100, 1891, 777.38, 489.86, 849.35, 639.35, 0, 0.47
16125, 1891, 775.75, 488.39, 849.07, 629.60, 0, 0.27
16150, 1891, 774.32, 486.62, 850.05, 639.79, 0, 0.68
16150, 2009, 2045.18, 401.59, 2110.89, 545.33, 0, 0.78
16175, 1891, 774.73, 486.21, 850.21, 644.00, 0, 0.59
16175, 2097, 3703.70, 872.55, 3938.41, 1130.95, 0, 0.83
16175, 1993, 2789.40, 497.24, 2948.98, 670.22, 0, 0.84
16200, 1891, 774.60, 487.01, 850.14, 645.62, 0, 0.54
16200, 2097, 3697.22, 880.58, 3911.10, 1121.13, 0, 0.87
16225, 2097, 3697.07, 880.69, 3897.90, 1122.48, 0, 0.85
16250, 2097, 3696.38, 880.65, 3896.83, 1123.66, 0, 0.92
16275, 2097, 3694.89, 880.92, 3900.27, 1121.46, 0, 0.87
16275, 1993, 2828.28, 509.11, 2931.60, 699.02, 0, 0.92
16275, 1891, 776.97, 487.85, 849.76, 645.48, 0, 0.42
16300, 2097, 3696.53, 882.80, 3903.74, 1125.22, 0, 0.89
16300, 1891, 776.01, 491.29, 851.28, 645.48, 0, 0.27
16325, 2097, 3698.56, 882.27, 3904.42, 1128.44, 0, 0.90
16325, 1891, 778.38, 508.64, 851.34, 647.32, 0, 0.60
16350, 2097, 3698.18, 882.50, 3904.72, 1129.89, 0, 0.84
16350, 1891, 779.36, 501.25, 849.90, 645.76, 0, 0.72
16375, 2097, 3699.16, 881.38, 3903.51, 1131.90, 0, 0.75
16375, 1891, 777.40, 492.59, 850.37, 645.99, 0, 0.57
16400, 2097, 3700.01, 880.67, 3906.14, 1134.13, 0, 0.87
16400, 1891, 776.20, 488.13, 848.90, 644.92, 0, 0.72
16425, 2097, 3700.14, 880.33, 3905.71, 1133.86, 0, 0.85
16425, 1891, 775.85, 486.45, 848.87, 644.88, 0, 0.70
16450, 2097, 3699.99, 880.94, 3905.00, 1134.52, 0, 0.52
16450, 1891, 776.50, 486.25, 847.94, 645.05, 0, 0.61
16450, 2009, 2018.03, 387.53, 2101.62, 533.52, 0, 0.79
16475, 2097, 3697.21, 884.40, 3905.82, 1135.04, 0, 0.94
16475, 1891, 777.76, 486.84, 847.34, 640.13, 0, 0.69
16500, 2097, 3695.83, 881.61, 3906.07, 1137.47, 0, 0.79
16500, 1891, 777.67, 488.67, 847.05, 643.37, 0, 0.32
16525, 2097, 3697.88, 882.52, 3904.68, 1133.30, 0, 0.72
16525, 1891, 776.83, 489.75, 849.05, 644.16, 0, 0.32
16550, 2097, 3695.94, 881.21, 3899.31, 1126.03, 0, 0.63
16550, 1891, 777.67, 486.15, 853.57, 643.43, 0, 0.64
16575, 2097, 3676.47, 884.39, 3888.69, 1126.42, 0, 0.46
16650, 2169, 3584.91, 711.31, 3762.59, 898.51, 0, 0.80
16700, 2184, 300.70, 498.79, 382.51, 643.45, 0, 0.72
16700, 2169, 3678.51, 700.58, 3885.18, 900.70, 0, 0.92
16725, 2184, 293.87, 503.63, 376.63, 647.95, 0, 0.53
16800, 2201, 2640.93, 925.07, 2803.41, 1217.38, 0, 0.86
16825, 2201, 2640.56, 924.84, 2805.61, 1208.96, 0, 0.92
16850, 2201, 2640.66, 924.90, 2806.02, 1214.56, 0, 0.91
16875, 2201, 2641.25, 924.29, 2806.81, 1215.93, 0, 0.89
16875, 2097, 3719.43, 817.03, 3907.11, 1047.03, 0, 0.93
16900, 2201, 2640.01, 925.45, 2804.59, 1214.55, 0, 0.89
16925, 2201, 2638.56, 927.70, 2801.97, 1214.99, 0, 0.39
16950, 2201, 2638.45, 927.39, 2803.13, 1217.50, 0, 0.91
16975, 2201, 2637.93, 925.19, 2803.21, 1214.35, 0, 0.92
17000, 2201, 2637.55, 925.91, 2802.01, 1216.32, 0, 0.84
17025, 2201, 2636.11, 923.67, 2798.25, 1209.35, 1, 0.65
17050, 2201, 2639.21, 927.90, 2799.43, 1212.91, 0, 0.75
17075, 2201, 2637.21, 925.94, 2801.95, 1216.28, 0, 0.91
17075, 1891, 805.46, 455.79, 925.54, 603.20, 0, 0.86
17100, 2201, 2637.43, 925.08, 2803.02, 1215.42, 0, 0.91
17125, 2201, 2639.60, 927.15, 2803.19, 1214.94, 0, 0.87
17125, 2222, 1494.80, 603.88, 1601.61, 792.09, 0, 0.76
17150, 2201, 2640.26, 927.22, 2802.65, 1213.91, 0, 0.87
17150, 2222, 1488.53, 612.41, 1604.42, 844.36, 0, 0.58
17175, 2201, 2639.09, 895.49, 2796.04, 1174.06, 0, 0.92
17175, 2222, 1492.86, 607.10, 1601.29, 803.88, 0, 0.78
17200, 2201, 2648.29, 840.29, 2795.67, 1104.04, 0, 0.91
17200, 2222, 1494.94, 611.46, 1599.35, 780.33, 0, 0.49
17225, 2201, 2657.57, 804.76, 2798.38, 1055.78, 0, 0.88
17225, 2222, 1495.97, 609.40, 1597.50, 761.73, 0, 0.75
17250, 2201, 2660.35, 799.78, 2800.80, 1047.20, 0, 0.80
17250, 2222, 1494.47, 607.12, 1597.73, 757.51, 0, 0.89
17275, 2201, 2661.60, 793.96, 2804.28, 1044.82, 0, 0.94
17275, 2222, 1494.69, 607.38, 1598.78, 761.66, 0, 0.88
17300, 2201, 2661.37, 792.03, 2806.02, 1044.48, 0, 0.91
17300, 2222, 1494.55, 607.04, 1596.95, 762.93, 0, 0.87
17325, 2201, 2661.33, 792.24, 2806.16, 1046.02, 0, 0.91
17325, 2222, 1495.59, 605.68, 1599.73, 767.36, 0, 0.84
17350, 2201, 2661.31, 792.86, 2807.03, 1045.91, 0, 0.93
17350, 2222, 1496.61, 604.18, 1600.47, 765.97, 0, 0.86
17375, 2201, 2661.28, 794.06, 2806.88, 1047.02, 0, 0.92
17375, 2222, 1497.24, 608.49, 1600.60, 776.86, 0, 0.81
17400, 2201, 2661.27, 794.49, 2807.03, 1046.97, 0, 0.94
17400, 2222, 1497.10, 609.32, 1601.19, 783.41, 0, 0.92
17425, 2201, 2661.88, 795.77, 2806.80, 1046.24, 0, 0.93
17425, 2222, 1497.19, 609.85, 1602.00, 785.12, 0, 0.85
17450, 2201, 2661.21, 795.92, 2806.33, 1042.56, 0, 0.92
17450, 2222, 1497.29, 610.24, 1601.92, 787.70, 0, 0.90
17475, 2201, 2660.12, 795.46, 2807.31, 1040.32, 0, 0.91
17475, 2222, 1497.70, 610.83, 1600.71, 786.85, 0, 0.92
17475, 2237, 1307.30, 651.70, 1410.33, 862.80, 0, 0.92
17500, 2201, 2660.61, 795.92, 2804.94, 1043.23, 0, 0.93
17500, 2222, 1495.45, 611.98, 1600.85, 786.59, 0, 0.89
17500, 2245, 3966.11, 835.29, 4081.83, 1025.80, 0, 0.44
17525, 2201, 2661.52, 795.89, 2803.86, 1046.44, 0, 0.93
17525, 2222, 1495.37, 612.75, 1600.45, 785.15, 0, 0.89
17525, 2245, 3970.04, 836.48, 4080.03, 1025.91, 0, 0.37
17550, 2201, 2660.87, 797.01, 2804.21, 1046.69, 0, 0.90
17550, 2245, 3966.31, 835.99, 4080.76, 1024.37, 0, 0.48
17575, 2201, 2661.82, 798.74, 2804.92, 1047.03, 0, 0.94
17575, 2245, 3971.03, 827.63, 4078.28, 1025.66, 0, 0.60
17575, 2222, 1496.09, 611.88, 1600.79, 783.73, 0, 0.89
17600, 2201, 2660.72, 795.96, 2806.29, 1050.73, 0, 0.85
17600, 2245, 3969.52, 831.86, 4081.07, 1026.27, 0, 0.47
17600, 2222, 1496.14, 611.51, 1602.32, 785.46, 0, 0.88
17625, 2201, 2661.42, 796.54, 2804.92, 1049.54, 0, 0.92
17625, 2245, 3955.51, 823.40, 4074.53, 1023.84, 0, 0.55
17625, 2222, 1495.12, 612.01, 1602.09, 786.14, 0, 0.92
17650, 2201, 2661.62, 796.67, 2804.19, 1050.53, 0, 0.93
17650, 2245, 3963.53, 823.56, 4085.15, 1023.54, 0, 0.85
17650, 2222, 1496.06, 610.64, 1601.63, 787.65, 0, 0.89
17650, 2273, 2318.94, 749.06, 2433.73, 1002.92, 0, 0.75
17675, 2201, 2660.76, 796.32, 2805.49, 1051.86, 0, 0.92
17675, 2245, 3964.20, 830.64, 4089.05, 1024.37, 0, 0.53
17675, 2222, 1496.99, 611.72, 1601.85, 787.58, 0, 0.91
17675, 2273, 2319.71, 748.02, 2435.87, 1003.49, 0, 0.59
17700, 2201, 2660.01, 796.30, 2806.05, 1043.35, 0, 0.96
17700, 2245, 3966.02, 831.66, 4090.71, 1025.52, 0, 0.61
17700, 2222, 1495.51, 611.72, 1601.82, 788.14, 0, 0.90
17700, 2273, 2317.23, 748.49, 2432.22, 1000.93, 0, 0.65
17700, 2281, 3966.77, 832.92, 4090.89, 1025.91, 1, 0.56
17725, 2201, 2661.79, 796.65, 2805.41, 1048.58, 0, 0.94
17725, 2245, 3965.92, 832.10, 4091.82, 1026.35, 1, 0.64
17725, 2222, 1494.62, 612.87, 1601.24, 786.69, 0, 0.83
17725, 2273, 2315.69, 750.37, 2432.40, 1000.05, 0, 0.76
17725, 2281, 3966.16, 832.57, 4091.56, 1026.54, 0, 0.59
17725, 2283, 1736.22, 724.08, 1859.63, 965.28, 0, 0.96
17750, 2201, 2661.27, 798.31, 2804.08, 1045.57, 0, 0.94
17750, 2245, 3967.79, 832.04, 4091.84, 1027.71, 1, 0.52
17750, 2222, 1493.62, 610.54, 1601.22, 787.92, 0, 0.83
17750, 2273, 2317.16, 752.55, 2440.25, 999.92, 0, 0.85
17750, 2281, 3968.19, 832.17, 4091.38, 1027.97, 0, 0.67
17750, 2283, 1743.66, 719.87, 1863.19, 964.57, 0, 0.95
17775, 2201, 2661.05, 797.81, 2804.22, 1039.50, 0, 0.94
17775, 2245, 3966.62, 832.20, 4091.63, 1026.63, 1, 0.58
17775, 2222, 1503.44, 588.42, 1604.77, 756.73, 0, 0.70
17775, 2273, 2318.62, 750.55, 2436.08, 998.16, 0, 0.63
17775, 2281, 3966.69, 832.27, 4091.10, 1026.64, 0, 0.68
17775, 2283, 1746.95, 719.63, 1863.94, 963.68, 0, 0.95
17800, 2201, 2655.80, 798.06, 2811.82, 1027.93, 0, 0.62
17800, 2273, 2315.98, 749.17, 2435.29, 998.88, 0, 0.75
17800, 2281, 3943.48, 827.27, 4088.08, 1026.48, 0, 0.77
17800, 2283, 1746.85, 717.88, 1864.57, 955.54, 0, 0.70
17825, 2201, 2659.17, 798.73, 2805.19, 1040.66, 0, 0.93
17825, 2273, 2317.13, 750.01, 2433.86, 997.45, 0, 0.66
17825, 2283, 1752.62, 716.40, 1865.27, 951.48, 0, 0.92
17825, 2245, 4001.08, 808.80, 4095.33, 1025.31, 0, 0.36
17850, 2201, 2659.47, 796.37, 2805.08, 1047.20, 0, 0.85
17850, 2273, 2319.53, 750.94, 2436.02, 996.74, 0, 0.72
17850, 2283, 1776.14, 662.36, 1885.23, 881.31, 0, 0.95
17850, 2245, 3944.35, 780.25, 4090.48, 1022.04, 1, 0.51
17850, 2281, 3927.22, 776.98, 4087.80, 1021.33, 0, 0.71
17875, 2201, 2659.61, 780.89, 2799.81, 1012.59, 0, 0.94
17875, 2273, 2316.45, 747.64, 2433.61, 991.44, 0, 0.93
17900, 2201, 2670.77, 705.97, 2801.70, 926.12, 0, 0.88
17925, 2330, 2092.84, 702.42, 2211.41, 925.38, 0, 0.96
17950, 2343, 2644.99, 525.23, 2726.64, 701.81, 0, 0.78
17950, 2345, 2033.59, 514.96, 2128.52, 698.31, 0, 0.84
18175, 2345, 2027.01, 465.42, 2106.22, 609.63, 0, 0.81
18550, 2330, 2073.39, 644.18, 2193.79, 857.52, 3, 0.78
18650, 2457, 3768.71, 936.53, 4036.98, 1196.36, 0, 0.86
18675, 2458, 2264.92, 875.39, 2402.59, 1146.97, 0, 0.94
18700, 2458, 2265.90, 877.75, 2404.69, 1146.40, 0, 0.93
18700, 2460, 3543.36, 918.97, 3830.99, 1178.81, 0, 0.62
18725, 2458, 2266.48, 875.46, 2407.42, 1145.42, 0, 0.94
18725, 2460, 3482.80, 915.03, 3776.93, 1174.71, 0, 0.68
18750, 2458, 2265.94, 872.71, 2407.69, 1145.09, 0, 0.94
18750, 2466, 1465.23, 666.52, 1576.87, 894.20, 0, 0.88
18750, 2468, 1066.34, 496.18, 1235.14, 663.92, 0, 0.88
18775, 2458, 2266.04, 883.72, 2400.12, 1146.86, 0, 0.88
18775, 2466, 1472.34, 659.60, 1578.20, 888.87, 0, 0.87
18775, 2473, 1268.20, 557.66, 1468.58, 743.72, 0, 0.65
18775, 2330, 2057.81, 537.71, 2229.32, 720.21, 0, 0.86
18800, 2458, 2267.33, 878.85, 2403.37, 1145.66, 0, 0.93
18800, 2466, 1459.17, 638.61, 1571.63, 883.24, 0, 0.57
18800, 2481, 3547.26, 690.03, 3756.73, 897.43, 0, 0.77
18825, 2458, 2251.54, 856.65, 2391.89, 1142.59, 0, 0.86
18825, 2460, 3327.80, 851.97, 3572.51, 1087.33, 0, 0.82
18825, 2473, 1312.24, 623.50, 1464.32, 831.47, 0, 0.92
18850, 2458, 2259.50, 865.72, 2400.50, 1143.91, 0, 0.93
18850, 2460, 3357.42, 793.34, 3587.25, 1008.16, 0, 0.92
18850, 2466, 1469.45, 683.47, 1654.75, 906.66, 0, 0.77
18875, 2458, 2263.22, 872.00, 2402.01, 1143.58, 0, 0.93
18900, 2458, 2265.76, 871.62, 2402.70, 1144.88, 0, 0.93
18925, 2458, 2267.15, 872.43, 2399.14, 1144.28, 0, 0.91
18925, 2521, 2513.85, 919.30, 2667.19, 1218.48, 0, 0.94
18950, 2458, 2266.17, 870.51, 2402.48, 1145.45, 0, 0.80
18950, 2521, 2513.67, 913.25, 2660.09, 1215.47, 0, 0.95
18950, 2526, 2348.77, 1026.34, 2476.11, 1313.88, 0, 0.86
18975, 2458, 2274.10, 869.58, 2404.77, 1146.89, 0, 0.93
18975, 2521, 2517.77, 917.60, 2653.81, 1206.30, 0, 0.90
18975, 2526, 2343.60, 1026.43, 2475.90, 1314.63, 0, 0.88
18975, 2533, 2116.11, 948.14, 2257.47, 1248.42, 0, 0.85
18975, 2535, 1245.35, 559.54, 1409.57, 736.44, 1, 0.63
18975, 2536, 2620.98, 813.00, 2759.70, 1080.89, 1, 0.98
18975, 2537, 1245.35, 559.54, 1409.57, 736.44, 3, 0.39
19000, 2458, 2275.70, 866.71, 2403.49, 1146.19, 0, 0.86
19000, 2521, 2519.11, 918.79, 2651.69, 1207.13, 0, 0.92
19000, 2526, 2341.23, 1027.06, 2475.90, 1318.09, 0, 0.84
19000, 2533, 2110.62, 953.02, 2253.00, 1238.22, 0, 0.89
19000, 2536, 2617.02, 808.10, 2756.89, 1068.52, 1, 0.97
19025, 2458, 2277.15, 865.02, 2406.09, 1148.41, 0, 0.95
19025, 2521, 2519.46, 919.84, 2651.71, 1208.35, 0, 0.93
19025, 2526, 2340.81, 1029.79, 2475.03, 1318.16, 0, 0.82
19025, 2533, 2110.22, 961.48, 2254.84, 1234.25, 0, 0.85
19025, 2536, 2615.65, 808.68, 2753.04, 1068.67, 1, 0.95
19050, 2458, 2276.70, 864.87, 2404.46, 1149.57, 0, 0.92
19050, 2521, 2518.74, 919.49, 2649.70, 1210.91, 0, 0.92
19050, 2526, 2339.42, 1029.32, 2474.52, 1316.44, 0, 0.85
19050, 2533, 2110.48, 958.77, 2255.34, 1235.27, 0, 0.87
19050, 2536, 2614.69, 808.42, 2753.67, 1069.59, 1, 0.91
19050, 2543, 2742.03, 932.86, 2885.17, 1228.73, 0, 0.84
19075, 2458, 2275.85, 867.59, 2404.76, 1149.44, 0, 0.74
19075, 2521, 2517.87, 919.63, 2650.27, 1211.56, 0, 0.91
19075, 2526, 2338.19, 1028.58, 2475.12, 1317.02, 0, 0.82
19075, 2533, 2111.17, 961.30, 2253.81, 1234.79, 0, 0.83
19075, 2536, 2615.25, 811.60, 2754.54, 1074.80, 1, 0.95
19075, 2543, 2742.50, 922.94, 2882.09, 1219.01, 0, 0.90
19100, 2458, 2277.02, 866.18, 2405.69, 1151.80, 0, 0.81
19100, 2521, 2517.00, 917.15, 2652.08, 1214.14, 0, 0.91
19100, 2526, 2339.65, 1030.58, 2474.30, 1314.70, 0, 0.66
19100, 2533, 2109.87, 958.28, 2254.75, 1232.43, 0, 0.84
19100, 2536, 2616.34, 810.81, 2754.94, 1076.71, 1, 0.96
19100, 2543, 2748.41, 919.24, 2885.07, 1212.55, 0, 0.91
19125, 2458, 2278.15, 866.22, 2407.48, 1151.50, 0, 0.97
19125, 2521, 2517.39, 918.17, 2651.30, 1213.11, 0, 0.92
19125, 2526, 2342.70, 1032.44, 2475.57, 1313.85, 0, 0.88
19125, 2533, 2113.10, 959.82, 2255.62, 1232.21, 0, 0.84
19125, 2536, 2616.76, 808.57, 2754.15, 1079.46, 1, 0.96
19125, 2543, 2742.07, 920.24, 2884.73, 1210.54, 0, 0.90
19150, 2458, 2276.20, 867.91, 2407.11, 1151.13, 0, 0.96
19150, 2521, 2517.06, 919.62, 2649.33, 1212.60, 0, 0.88
19150, 2526, 2341.39, 1032.88, 2475.55, 1314.18, 0, 0.84
19150, 2533, 2111.65, 961.67, 2254.55, 1234.68, 0, 0.83
19150, 2536, 2617.94, 808.77, 2753.59, 1079.92, 1, 0.95
19150, 2543, 2740.24, 921.32, 2885.24, 1210.14, 0, 0.91
19150, 2547, 762.74, 1316.03, 947.08, 1717.82, 0, 0.92
19175, 2458, 2275.97, 867.42, 2403.81, 1149.85, 0, 0.95
19175, 2521, 2517.47, 916.57, 2650.56, 1213.28, 0, 0.91
19175, 2526, 2341.59, 1025.26, 2475.05, 1313.64, 0, 0.81
19175, 2533, 2111.90, 962.14, 2255.27, 1234.43, 0, 0.84
19175, 2536, 2616.97, 811.05, 2753.69, 1084.60, 1, 0.90
19175, 2543, 2740.08, 922.26, 2884.61, 1207.69, 0, 0.90
19175, 2547, 771.73, 1300.33, 956.77, 1693.59, 0, 0.77
19200, 2458, 2272.66, 868.64, 2401.84, 1151.14, 0, 0.80
19200, 2521, 2516.43, 916.65, 2651.24, 1213.48, 0, 0.92
19200, 2526, 2343.30, 1023.97, 2473.73, 1314.38, 0, 0.78
19200, 2533, 2112.60, 962.12, 2253.80, 1236.27, 0, 0.86
19200, 2536, 2618.47, 809.85, 2754.76, 1080.08, 1, 0.96
19200, 2543, 2741.30, 922.35, 2884.91, 1208.78, 0, 0.91
19200, 2547, 773.48, 1294.52, 956.37, 1685.50, 0, 0.88
19200, 2554, 3879.50, 805.24, 4070.95, 977.68, 0, 0.53
19200, 2481, 3606.35, 717.96, 3829.59, 924.14, 0, 0.96
19225, 2458, 2274.45, 869.48, 2403.21, 1149.70, 0, 0.87
19225, 2521, 2516.16, 917.59, 2651.25, 1213.21, 0, 0.91
19225, 2526, 2343.73, 1025.86, 2472.29, 1313.46, 0, 0.84
19225, 2533, 2110.58, 957.95, 2251.36, 1233.42, 0, 0.85
19225, 2536, 2618.63, 809.89, 2754.92, 1078.85, 1, 0.89
19225, 2543, 2741.61, 923.72, 2884.52, 1211.61, 0, 0.89
19225, 2547, 769.37, 1289.07, 954.14, 1686.38, 0, 0.88
19225, 2554, 3875.06, 811.55, 4073.88, 979.42, 0, 0.32
19225, 2558, 2271.41, 869.04, 2401.86, 1151.64, 0, 0.32
19250, 2458, 2277.08, 869.38, 2405.47, 1147.51, 0, 0.73
19250, 2521, 2516.17, 918.02, 2651.75, 1214.70, 0, 0.92
19250, 2526, 2343.84, 1025.17, 2472.34, 1316.08, 0, 0.85
19250, 2533, 2108.70, 960.95, 2250.44, 1232.08, 0, 0.83
19250, 2536, 2618.16, 809.54, 2755.49, 1079.44, 1, 0.96
19250, 2543, 2743.56, 923.51, 2885.29, 1211.61, 0, 0.89
19250, 2547, 772.90, 1290.64, 956.21, 1687.85, 0, 0.87
19250, 2554, 3868.87, 747.71, 4079.85, 964.78, 3, 0.45
19250, 2558, 2272.56, 869.97, 2403.54, 1150.26, 0, 0.51
19275, 2458, 2277.81, 868.58, 2405.50, 1146.96, 0, 0.90
19275, 2521, 2516.01, 920.20, 2650.07, 1214.71, 0, 0.89
19275, 2526, 2343.63, 1031.56, 2472.35, 1314.60, 0, 0.75
19275, 2533, 2109.50, 957.36, 2250.12, 1231.97, 0, 0.79
19275, 2536, 2618.39, 811.00, 2755.44, 1079.72, 1, 0.95
19275, 2543, 2743.19, 924.67, 2882.45, 1212.06, 0, 0.91
19275, 2547, 771.11, 1292.05, 950.13, 1688.00, 0, 0.71
19300, 2458, 2278.16, 865.57, 2404.68, 1146.28, 0, 0.96
19300, 2521, 2515.44, 918.28, 2651.73, 1215.04, 0, 0.90
19300, 2526, 2342.41, 1028.10, 2472.07, 1314.44, 0, 0.81
19300, 2533, 2108.45, 957.75, 2249.33, 1231.07, 0, 0.86
19300, 2536, 2617.72, 810.92, 2755.52, 1077.14, 1, 0.95
19300, 2543, 2742.04, 922.39, 2883.86, 1210.93, 0, 0.92
19300, 2547, 772.24, 1293.62, 941.91, 1692.69, 0, 0.92
19325, 2458, 2278.58, 867.26, 2404.81, 1147.08, 0, 0.89
19325, 2521, 2516.46, 919.59, 2649.50, 1213.04, 0, 0.91
19325, 2526, 2345.24, 1030.41, 2472.76, 1312.75, 0, 0.84
19325, 2533, 2111.33, 958.56, 2252.56, 1232.25, 0, 0.90
19325, 2536, 2617.34, 811.44, 2755.10, 1078.99, 1, 0.96
19325, 2543, 2738.07, 923.12, 2885.15, 1212.18, 0, 0.87
19325, 2547, 772.69, 1300.29, 937.54, 1689.50, 0, 0.94
19350, 2458, 2279.27, 865.83, 2404.68, 1146.67, 0, 0.95
19350, 2521, 2516.36, 917.53, 2651.90, 1213.34, 0, 0.90
19350, 2526, 2346.15, 1032.48, 2472.67, 1313.26, 0, 0.85
19350, 2533, 2111.54, 958.18, 2254.03, 1232.44, 0, 0.86
19350, 2536, 2618.85, 811.94, 2754.43, 1081.59, 1, 0.97
19350, 2543, 2738.82, 923.16, 2885.24, 1210.28, 0, 0.90
19350, 2547, 770.41, 1301.06, 938.11, 1692.01, 0, 0.51
19375, 2458, 2278.72, 865.33, 2405.40, 1144.92, 0, 0.95
19375, 2521, 2515.56, 917.38, 2652.18, 1213.46, 0, 0.92
19375, 2526, 2343.65, 1030.37, 2472.56, 1313.96, 0, 0.79
19375, 2533, 2110.55, 961.25, 2252.12, 1232.50, 0, 0.88
19375, 2536, 2618.12, 812.00, 2755.21, 1078.59, 1, 0.97
19375, 2543, 2741.41, 923.77, 2883.93, 1209.82, 0, 0.92
19375, 2547, 768.24, 1298.83, 939.82, 1699.06, 0, 0.62
19400, 2458, 2278.39, 866.44, 2407.39, 1143.09, 0, 0.95
19400, 2521, 2516.47, 917.47, 2650.98, 1213.69, 0, 0.92
19400, 2526, 2344.42, 1031.16, 2473.22, 1314.00, 0, 0.84
19400, 2533, 2108.90, 960.65, 2252.57, 1232.79, 0, 0.85
19400, 2536, 2618.14, 810.42, 2754.76, 1078.66, 1, 0.96
19400, 2543, 2742.33, 924.52, 2882.48, 1210.84, 0, 0.91
19400, 2547, 763.59, 1304.30, 945.74, 1706.58, 0, 0.98
19425, 2458, 2277.49, 866.51, 2407.12, 1145.02, 0, 0.93
19425, 2521, 2516.40, 916.05, 2652.32, 1213.96, 0, 0.92
19425, 2526, 2345.55, 1031.33, 2473.31, 1313.29, 0, 0.83
19425, 2533, 2111.37, 959.79, 2252.36, 1232.75, 0, 0.87
19425, 2536, 2617.60, 810.89, 2754.61, 1075.89, 1, 0.98
19425, 2543, 2741.45, 924.22, 2883.40, 1211.76, 0, 0.90
19425, 2547, 761.31, 1306.39, 951.08, 1708.93, 0, 0.97
19450, 2458, 2278.08, 866.74, 2407.42, 1146.94, 0, 0.97
19450, 2521, 2516.43, 916.51, 2650.75, 1213.38, 0, 0.92
19450, 2526, 2344.14, 1029.31, 2473.06, 1314.10, 0, 0.82
19450, 2533, 2110.34, 956.99, 2252.68, 1235.19, 0, 0.89
19450, 2536, 2618.33, 809.39, 2754.23, 1080.43, 1, 0.97
19450, 2543, 2741.21, 924.70, 2885.62, 1212.31, 0, 0.86
19450, 2547, 763.43, 1309.57, 948.89, 1707.99, 0, 0.98
19475, 2458, 2277.13, 863.75, 2407.17, 1146.07, 0, 0.97
19475, 2521, 2516.73, 916.41, 2650.53, 1213.18, 0, 0.90
19475, 2526, 2343.61, 1029.58, 2472.70, 1314.41, 0, 0.82
19475, 2533, 2109.54, 956.69, 2252.43, 1235.28, 0, 0.85
19475, 2536, 2618.35, 810.55, 2755.67, 1081.73, 1, 0.97
19475, 2543, 2739.19, 923.84, 2887.56, 1211.03, 0, 0.87
19475, 2547, 764.89, 1305.08, 946.06, 1708.64, 0, 0.94
19500, 2458, 2278.03, 866.85, 2406.54, 1145.28, 0, 0.95
19500, 2521, 2517.01, 917.23, 2650.94, 1215.23, 0, 0.92
19500, 2526, 2343.83, 1033.42, 2471.51, 1312.64, 0, 0.75
19500, 2533, 2111.14, 954.88, 2254.49, 1234.89, 0, 0.78
19500, 2536, 2619.08, 810.60, 2757.24, 1078.39, 1, 0.97
19500, 2543, 2741.89, 916.90, 2884.66, 1195.90, 0, 0.94
19500, 2547, 765.31, 1302.53, 938.81, 1697.09, 0, 0.85
19525, 2458, 2276.76, 867.96, 2405.31, 1144.16, 0, 0.90
19525, 2521, 2516.92, 915.82, 2650.94, 1216.31, 0, 0.91
19525, 2526, 2344.33, 1030.48, 2472.72, 1312.14, 0, 0.84
19525, 2533, 2110.53, 954.39, 2253.91, 1236.61, 0, 0.84
19525, 2536, 2623.54, 812.62, 2757.98, 1076.48, 1, 0.85
19525, 2543, 2742.83, 915.74, 2881.17, 1188.25, 0, 0.93
19525, 2547, 764.57, 1299.66, 946.59, 1696.22, 0, 0.96
19550, 2458, 2272.95, 872.37, 2400.61, 1145.75, 0, 0.92
19550, 2521, 2516.99, 918.47, 2650.63, 1216.91, 0, 0.91
19550, 2526, 2343.46, 1024.68, 2472.85, 1313.93, 0, 0.79
19550, 2533, 2110.56, 957.29, 2253.85, 1234.19, 0, 0.85
19550, 2536, 2628.95, 814.39, 2754.65, 1074.62, 1, 0.89
19550, 2543, 2744.29, 913.47, 2880.04, 1186.20, 0, 0.95
19550, 2547, 763.81, 1297.82, 949.96, 1700.20, 0, 0.84
19575, 2458, 2277.10, 870.61, 2403.25, 1146.98, 0, 0.87
19575, 2521, 2516.98, 916.68, 2652.39, 1216.69, 0, 0.93
19575, 2526, 2343.51, 1028.54, 2472.96, 1311.54, 0, 0.78
19575, 2533, 2110.56, 956.98, 2254.34, 1234.39, 0, 0.86
19575, 2536, 2626.96, 815.46, 2754.48, 1073.41, 1, 0.92
19575, 2543, 2746.39, 909.70, 2880.21, 1185.40, 0, 0.94
19575, 2547, 760.25, 1299.55, 947.29, 1699.73, 0, 0.88
19600, 2458, 2280.84, 871.05, 2406.19, 1144.82, 0, 0.87
19600, 2521, 2516.97, 917.44, 2652.09, 1216.84, 0, 0.92
19600, 2526, 2342.57, 1031.47, 2472.98, 1312.84, 0, 0.78
19600, 2533, 2110.12, 959.24, 2254.46, 1231.99, 0, 0.87
19600, 2543, 2747.73, 906.54, 2881.95, 1178.44, 0, 0.95
19600, 2547, 762.08, 1299.88, 949.77, 1703.21, 0, 0.93
19625, 2458, 2281.46, 869.44, 2407.90, 1146.99, 0, 0.92
19625, 2521, 2516.48, 918.66, 2651.54, 1216.90, 0, 0.89
19625, 2526, 2343.74, 1031.03, 2475.07, 1315.39, 0, 0.86
19625, 2533, 2109.89, 957.84, 2253.13, 1231.77, 0, 0.77
19625, 2543, 2748.03, 906.87, 2885.26, 1180.05, 0, 0.94
19625, 2547, 764.33, 1301.21, 940.32, 1698.10, 0, 0.90
19625, 2536, 2625.41, 813.44, 2755.68, 1083.22, 1, 0.90
19650, 2458, 2282.90, 867.75, 2407.48, 1148.00, 0, 0.95
19650, 2521, 2515.94, 918.10, 2651.45, 1216.47, 0, 0.89
19650, 2526, 2342.67, 1030.29, 2472.89, 1314.13, 0, 0.85
19650, 2533, 2110.90, 959.56, 2253.98, 1230.80, 0, 0.86
19650, 2543, 2747.04, 908.44, 2885.31, 1181.30, 0, 0.94
19650, 2536, 2633.32, 813.74, 2758.03, 1085.02, 1, 0.87
19675, 2458, 2282.05, 867.94, 2407.16, 1146.36, 0, 0.96
19675, 2521, 2515.64, 918.34, 2651.33, 1214.57, 0, 0.90
19675, 2526, 2342.13, 1030.47, 2471.07, 1313.17, 0, 0.73
19675, 2533, 2110.17, 961.44, 2250.08, 1228.28, 0, 0.89
19675, 2543, 2744.68, 912.68, 2884.49, 1184.12, 0, 0.95
19675, 2536, 2629.39, 813.11, 2759.05, 1077.45, 1, 0.95
19700, 2458, 2282.50, 868.99, 2407.31, 1147.71, 0, 0.85
19700, 2521, 2515.95, 921.00, 2649.81, 1215.75, 0, 0.89
19700, 2526, 2342.61, 1031.63, 2474.59, 1314.34, 0, 0.86
19700, 2533, 2110.28, 960.34, 2249.82, 1229.67, 0, 0.86
19700, 2543, 2747.89, 911.64, 2881.43, 1183.31, 0, 0.95
19700, 2536, 2622.49, 810.50, 2756.16, 1079.16, 1, 0.96
19725, 2458, 2282.04, 868.01, 2406.44, 1147.64, 0, 0.93
19725, 2521, 2515.84, 921.71, 2649.72, 1216.09, 0, 0.91
19725, 2526, 2345.17, 1030.24, 2475.44, 1314.24, 0, 0.86
19725, 2533, 2111.46, 959.72, 2249.76, 1229.46, 0, 0.86
19725, 2543, 2749.58, 907.62, 2883.60, 1180.45, 0, 0.93
19725, 2536, 2620.60, 809.78, 2759.37, 1083.21, 1, 0.96
19725, 2481, 3696.79, 775.87, 3862.53, 985.13, 0, 0.44
19750, 2458, 2280.78, 866.88, 2407.08, 1147.54, 0, 0.94
19750, 2521, 2516.31, 919.34, 2651.41, 1216.81, 0, 0.91
19750, 2526, 2343.02, 1030.81, 2474.65, 1314.57, 0, 0.84
19750, 2533, 2110.58, 960.57, 2249.16, 1230.05, 0, 0.88
19750, 2543, 2751.21, 909.31, 2884.61, 1181.88, 0, 0.95
19750, 2536, 2622.25, 809.25, 2760.21, 1082.62, 1, 0.95
19750, 2591, 1467.95, 711.28, 1591.04, 950.11, 0, 0.74
19775, 2458, 2281.79, 865.83, 2407.49, 1147.55, 0, 0.94
19775, 2521, 2516.70, 919.45, 2651.19, 1216.82, 0, 0.90
19775, 2526, 2341.38, 1031.00, 2473.49, 1313.09, 0, 0.83
19775, 2533, 2110.33, 960.12, 2248.54, 1230.15, 0, 0.84
19775, 2543, 2749.82, 904.33, 2883.17, 1180.18, 0, 0.93
19775, 2536, 2617.70, 809.85, 2758.83, 1084.10, 1, 0.96
19775, 2591, 1471.55, 714.22, 1599.47, 947.24, 0, 0.75
19800, 2458, 2282.17, 867.05, 2407.27, 1147.73, 0, 0.89
19800, 2521, 2516.26, 919.29, 2649.28, 1216.50, 0, 0.91
19800, 2526, 2342.60, 1033.68, 2473.39, 1311.23, 0, 0.74
19800, 2533, 2111.16, 959.37, 2249.29, 1230.80, 0, 0.83
19800, 2543, 2752.66, 905.73, 2883.14, 1180.51, 0, 0.94
19800, 2536, 2617.77, 808.95, 2759.16, 1085.11, 1, 0.95
19800, 2591, 1469.39, 712.10, 1593.04, 947.94, 0, 0.84
19825, 2458, 2282.64, 867.36, 2407.82, 1145.90, 0, 0.83
19825, 2521, 2516.49, 919.90, 2649.09, 1215.10, 0, 0.89
19825, 2526, 2343.86, 1032.35, 2475.88, 1314.89, 0, 0.88
19825, 2533, 2111.48, 958.57, 2251.61, 1231.57, 0, 0.83
19825, 2543, 2751.72, 905.87, 2884.60, 1181.54, 0, 0.90
19825, 2536, 2616.72, 810.89, 2759.04, 1086.94, 1, 0.93
19825, 2591, 1470.56, 711.61, 1594.26, 950.95, 0, 0.62
19850, 2458, 2282.81, 866.92, 2408.13, 1145.74, 0, 0.93
19850, 2521, 2516.18, 919.91, 2649.93, 1215.97, 0, 0.87
19850, 2526, 2343.49, 1033.14, 2473.68, 1314.00, 0, 0.84
19850, 2533, 2111.42, 958.63, 2251.61, 1231.44, 0, 0.81
19850, 2543, 2751.06, 909.36, 2883.93, 1185.68, 0, 0.93
19850, 2536, 2616.69, 810.46, 2759.28, 1086.40, 1, 0.95
19850, 2591, 1468.27, 710.59, 1593.75, 955.43, 0, 0.75
19875, 2458, 2282.89, 866.36, 2407.71, 1146.25, 0, 0.96
19875, 2521, 2516.19, 919.86, 2651.18, 1217.66, 0, 0.91
19875, 2526, 2344.03, 1035.22, 2473.84, 1313.38, 0, 0.83
19875, 2533, 2110.60, 956.74, 2251.94, 1229.92, 0, 0.48
19875, 2543, 2750.01, 907.00, 2882.20, 1184.52, 0, 0.94
19875, 2536, 2617.12, 809.63, 2758.85, 1084.78, 1, 0.95
19875, 2591, 1469.38, 711.77, 1593.16, 953.00, 0, 0.85
19900, 2458, 2282.36, 865.09, 2408.10, 1148.29, 0, 0.96
19900, 2521, 2516.41, 919.37, 2649.81, 1217.64, 0, 0.90
19900, 2526, 2343.19, 1036.27, 2473.95, 1313.52, 0, 0.71
19900, 2533, 2112.17, 960.73, 2251.30, 1227.93, 0, 0.88
19900, 2543, 2748.15, 909.85, 2880.43, 1186.02, 0, 0.93
19900, 2536, 2621.31, 809.38, 2760.44, 1082.56, 1, 0.97
19900, 2591, 1469.53, 711.49, 1593.34, 951.06, 0, 0.75
19925, 2458, 2282.03, 865.17, 2407.85, 1147.96, 0, 0.91
19925, 2521, 2516.61, 920.00, 2650.65, 1217.70, 0, 0.92
19925, 2526, 2343.58, 1037.35, 2473.46, 1312.29, 0, 0.81
19925, 2533, 2113.47, 954.37, 2252.70, 1229.18, 0, 0.79
19925, 2543, 2741.74, 907.76, 2881.00, 1186.53, 0, 0.94
19925, 2536, 2612.04, 803.64, 2751.51, 1073.41, 1, 0.97
19925, 2591, 1474.15, 711.48, 1598.29, 941.00, 0, 0.39
19925, 2481, 3759.39, 782.30, 3985.68, 968.94, 1, 0.73
19950, 2458, 2278.84, 865.80, 2407.91, 1144.83, 0, 0.95
19950, 2521, 2516.91, 921.11, 2650.73, 1216.59, 0, 0.91
19950, 2526, 2344.83, 1032.86, 2475.12, 1314.75, 0, 0.85
19950, 2533, 2115.22, 956.48, 2250.81, 1229.43, 0, 0.86
19950, 2543, 2775.62, 853.04, 2908.41, 1131.09, 0, 0.85
19950, 2536, 2611.57, 799.06, 2747.24, 1065.62, 1, 0.98
19950, 2591, 1467.87, 712.69, 1592.54, 950.15, 0, 0.62
19975, 2458, 2289.82, 860.70, 2415.02, 1124.99, 0, 0.93
19975, 2521, 2516.66, 914.64, 2661.81, 1213.87, 0, 0.93
19975, 2526, 2345.09, 1027.82, 2474.91, 1300.97, 0, 0.84
19975, 2533, 2108.72, 913.58, 2243.60, 1185.19, 0, 0.91
19975, 2543, 2792.84, 824.16, 2924.67, 1089.32, 0, 0.62
19975, 2536, 2616.77, 761.11, 2750.87, 1007.50, 1, 0.97
19975, 2605, 692.11, 522.48, 826.18, 680.10, 0, 0.53
20000, 2458, 2298.29, 794.53, 2414.14, 1033.88, 0, 0.89
20000, 2526, 2379.68, 961.47, 2498.06, 1228.60, 0, 0.85
20000, 2605, 682.82, 523.24, 813.33, 676.81, 0, 0.79
20025, 2605, 671.44, 524.96, 805.26, 673.22, 0, 0.62
20050, 2605, 664.81, 529.87, 795.67, 675.70, 0, 0.41
20050, 2620, 2435.04, 638.70, 2530.12, 827.36, 0, 0.88
20050, 2621, 2377.12, 395.76, 2454.73, 537.02, 0, 0.87
20075, 2605, 658.76, 529.32, 792.97, 676.19, 0, 0.53
20100, 2605, 662.09, 529.97, 788.53, 676.83, 0, 0.29
20100, 2533, 2079.13, 791.02, 2208.44, 1046.42, 0, 0.88
20125, 2605, 665.82, 528.60, 786.96, 676.26, 0, 0.35
20225, 2526, 2394.96, 840.48, 2539.85, 1076.15, 0, 0.87
20250, 2655, 2325.05, 1335.75, 2538.09, 1752.13, 3, 0.63
20250, 2458, 2310.87, 635.92, 2457.47, 866.21, 0, 0.91
20275, 2543, 2817.34, 673.90, 2920.52, 898.67, 0, 0.95
20275, 2605, 657.69, 519.54, 783.62, 675.49, 0, 0.34
20300, 2621, 2331.39, 410.21, 2431.34, 574.04, 0, 0.78
20350, 2655, 2279.27, 1228.07, 2449.81, 1606.92, 0, 0.89
20375, 2678, 1280.73, 577.83, 1378.35, 720.45, 0, 0.86
20400, 2678, 1262.59, 564.57, 1373.26, 707.98, 0, 0.53
20400, 2533, 2056.28, 560.11, 2147.67, 743.99, 0, 0.90
20425, 2678, 1244.03, 558.64, 1344.78, 727.66, 0, 0.75
20800, 2605, 627.63, 518.99, 762.84, 673.63, 0, 0.37
20925, 2678, 1023.74, 534.67, 1170.21, 713.68, 0, 0.95
20975, 2748, 1702.68, 631.61, 1881.74, 831.49, 0, 0.67
21150, 2678, 941.34, 537.35, 1124.14, 714.10, 0, 0.34
21200, 2748, 1668.84, 619.98, 1849.53, 842.11, 0, 0.57
21525, 2800, 2269.06, 707.17, 2391.37, 937.17, 0, 0.95
21550, 2800, 2271.96, 702.92, 2395.16, 934.93, 0, 0.95
21575, 2800, 2271.10, 702.74, 2396.12, 936.32, 0, 0.95
21600, 2800, 2270.77, 703.99, 2394.32, 936.02, 0, 0.95
21625, 2800, 2272.51, 705.82, 2392.96, 935.71, 0, 0.94
21650, 2800, 2274.65, 706.71, 2391.06, 933.16, 0, 0.93
21675, 2800, 2274.78, 706.20, 2390.38, 934.33, 0, 0.95
21700, 2800, 2274.45, 705.56, 2388.42, 933.15, 0, 0.95
21700, 2813, 2118.71, 726.95, 2237.56, 958.71, 0, 0.94
21725, 2800, 2274.89, 707.86, 2388.25, 934.96, 0, 0.93
21725, 2813, 2121.62, 725.79, 2239.91, 955.05, 0, 0.90
21750, 2800, 2274.74, 706.14, 2390.11, 936.35, 0, 0.94
21750, 2813, 2123.13, 725.33, 2241.37, 953.53, 0, 0.91
21750, 2678, 778.59, 505.15, 869.22, 668.75, 0, 0.93
21775, 2800, 2275.09, 705.54, 2389.55, 934.63, 0, 0.95
21775, 2813, 2122.47, 725.02, 2240.47, 954.06, 0, 0.91
21775, 2678, 779.26, 509.16, 863.81, 668.67, 0, 0.70
21800, 2800, 2274.88, 705.96, 2391.20, 936.65, 0, 0.93
21800, 2813, 2121.66, 724.53, 2239.93, 953.71, 0, 0.90
21800, 2678, 770.87, 506.78, 858.91, 665.25, 0, 0.54
21825, 2800, 2277.54, 705.57, 2388.98, 908.48, 0, 0.95
21825, 2813, 2122.11, 725.36, 2239.80, 952.13, 0, 0.90
21825, 2678, 768.57, 503.98, 857.82, 663.94, 0, 0.64
21825, 2823, 777.42, 506.24, 866.51, 669.78, 0, 0.31
21850, 2800, 2278.77, 705.78, 2389.49, 912.19, 0, 0.92
21850, 2813, 2128.64, 722.65, 2243.36, 909.17, 0, 0.69
21850, 2678, 766.51, 503.96, 857.42, 664.83, 0, 0.93
21875, 2800, 2276.40, 705.74, 2389.96, 926.42, 0, 0.94
21875, 2813, 2124.72, 724.25, 2240.70, 941.14, 0, 0.87
21875, 2678, 767.12, 502.76, 858.42, 665.60, 0, 0.30
21875, 2823, 777.14, 505.57, 866.93, 671.73, 0, 0.71
21900, 2800, 2275.50, 705.56, 2388.37, 931.87, 0, 0.93
21900, 2813, 2122.76, 724.16, 2239.89, 949.04, 0, 0.89
21900, 2827, 2734.21, 1233.65, 2963.30, 1642.89, 3, 0.91
21900, 2823, 794.41, 509.81, 887.76, 675.84, 0, 0.90
21925, 2800, 2275.46, 705.00, 2390.24, 935.42, 0, 0.95
21925, 2813, 2121.44, 724.29, 2238.30, 952.95, 0, 0.88
21925, 2827, 2763.50, 1147.60, 2965.98, 1517.13, 3, 0.87
21950, 2800, 2275.73, 706.33, 2391.87, 936.77, 0, 0.95
21950, 2813, 2121.04, 723.41, 2237.17, 954.85, 0, 0.85
21950, 2827, 2768.27, 1064.52, 2957.27, 1397.22, 2, 0.88
21975, 2800, 2274.88, 706.05, 2392.86, 937.78, 0, 0.93
21975, 2813, 2121.23, 726.47, 2237.91, 955.11, 0, 0.88
21975, 2827, 2762.43, 983.74, 2944.81, 1293.70, 2, 0.57
22000, 2800, 2274.76, 705.18, 2393.20, 937.05, 0, 0.95
22000, 2813, 2120.50, 725.88, 2237.00, 955.03, 0, 0.88
22000, 2827, 2773.44, 947.51, 2947.81, 1240.79, 2, 0.95
22025, 2800, 2273.98, 703.56, 2392.80, 935.92, 0, 0.96
22025, 2813, 2119.46, 724.98, 2237.92, 955.52, 0, 0.89
22050, 2800, 2274.66, 716.78, 2385.76, 934.92, 0, 0.90
22050, 2813, 2124.08, 729.97, 2236.20, 956.03, 0, 0.79
22075, 2800, 2272.80, 708.20, 2390.35, 931.00, 0, 0.94
22075, 2813, 2121.88, 726.77, 2237.19, 952.90, 0, 0.79
22100, 2800, 2274.17, 706.60, 2391.75, 934.74, 0, 0.95
22100, 2813, 2121.60, 725.72, 2238.50, 953.85, 0, 0.88
22125, 2800, 2275.23, 674.44, 2388.18, 893.18, 0, 0.94
22125, 2813, 2121.15, 711.24, 2235.24, 934.40, 0, 0.90
22125, 2863, 2737.57, 1348.64, 2952.34, 1755.48, 0, 0.93
22175, 2800, 2275.85, 652.04, 2383.79, 859.38, 0, 0.54
22325, 2800, 2244.54, 619.79, 2343.56, 825.94, 0, 0.90
22525, 2800, 2210.39, 629.46, 2318.44, 836.89, 0, 0.92
22750, 2948, 2367.65, 402.22, 2456.00, 564.54, 0, 0.88
22775, 2948, 2371.58, 461.02, 2470.81, 644.00, 0, 0.93
22900, 2958, 2516.13, 1368.07, 2752.52, 1831.00, 0, 0.60
22925, 2958, 2509.06, 1386.03, 2744.95, 1851.13, 0, 0.40
22950, 2958, 2504.67, 1391.31, 2736.91, 1862.41, 0, 0.25
22975, 2958, 2500.31, 1392.88, 2727.35, 1845.03, 0, 0.43
23000, 2958, 2500.36, 1392.82, 2723.89, 1835.19, 0, 0.41
23000, 2972, 2505.07, 1380.24, 2738.10, 1831.60, 0, 0.33
23025, 2958, 2499.40, 1392.69, 2725.05, 1837.40, 0, 0.29
23025, 2972, 2504.72, 1379.88, 2739.23, 1835.32, 0, 0.31
23050, 2958, 2499.25, 1393.32, 2724.26, 1841.05, 0, 0.45
23050, 2975, 2520.40, 725.10, 2639.96, 949.93, 0, 0.96
23075, 2958, 2499.32, 1394.82, 2721.65, 1838.82, 0, 0.69
23075, 2975, 2523.30, 722.12, 2645.78, 949.24, 0, 0.96
23100, 2958, 2499.73, 1393.27, 2721.76, 1837.74, 0, 0.55
23100, 2975, 2523.97, 721.75, 2649.52, 953.08, 0, 0.94
23125, 2958, 2500.24, 1393.62, 2723.46, 1838.05, 0, 0.41
23125, 2975, 2523.04, 721.95, 2650.77, 953.83, 0, 0.96
23150, 2975, 2522.18, 722.66, 2650.93, 955.21, 0, 0.96
23175, 2975, 2524.25, 722.85, 2651.14, 951.80, 0, 0.96
23200, 2975, 2522.09, 722.52, 2649.52, 947.91, 0, 0.96
23200, 2958, 2506.31, 1386.69, 2738.50, 1840.16, 0, 0.36
23225, 2975, 2523.26, 724.00, 2649.17, 951.53, 0, 0.97
23225, 2958, 2507.18, 1383.55, 2740.60, 1835.40, 0, 0.48
23250, 2975, 2522.68, 723.47, 2648.81, 949.07, 0, 0.96
23250, 2958, 2503.04, 1390.45, 2726.64, 1830.12, 0, 0.82
23250, 3001, 2106.68, 747.64, 2257.82, 1018.76, 0, 0.98
23250, 3002, 2737.20, 794.17, 2868.44, 1029.33, 1, 0.55
23275, 2975, 2523.56, 722.30, 2642.96, 946.50, 0, 0.90
23275, 2958, 2501.28, 1397.18, 2719.59, 1823.69, 0, 0.85
23275, 3001, 2106.77, 742.70, 2255.83, 1009.29, 0, 0.98
23275, 3002, 2737.92, 789.92, 2868.42, 1026.52, 3, 0.42
23275, 3013, 2739.50, 787.55, 2873.99, 1025.70, 3, 0.36
23300, 2975, 2525.34, 721.96, 2641.85, 944.77, 0, 0.95
23300, 2958, 2500.10, 1396.59, 2721.13, 1828.95, 0, 0.81
23300, 3001, 2107.17, 739.59, 2255.39, 1004.69, 0, 0.96
23300, 3002, 2737.38, 789.38, 2868.96, 1024.26, 1, 0.63
23300, 3013, 2737.69, 789.26, 2870.25, 1024.41, 3, 0.28
23300, 3014, 2327.99, 789.64, 2458.72, 981.54, 0, 0.79
23325, 2975, 2525.42, 721.96, 2641.39, 945.44, 0, 0.94
23325, 2958, 2500.09, 1397.63, 2719.92, 1829.17, 0, 0.82
23325, 3001, 2109.41, 737.82, 2247.68, 1000.92, 0, 0.59
23325, 3014, 2326.71, 786.87, 2455.98, 962.40, 0, 0.75
23350, 2975, 2532.81, 721.39, 2643.88, 938.58, 0, 0.55
23350, 2958, 2499.20, 1397.12, 2721.06, 1832.30, 0, 0.78
23350, 3001, 2108.24, 737.95, 2252.39, 1003.40, 0, 0.97
23350, 3014, 2327.67, 786.32, 2448.92, 959.07, 0, 0.79
23350, 3002, 2738.16, 790.64, 2873.07, 1025.45, 1, 0.72
23375, 2975, 2528.22, 721.85, 2643.43, 943.23, 0, 0.95
23375, 2958, 2500.90, 1395.78, 2718.43, 1827.74, 0, 0.83
23375, 3001, 2107.64, 737.35, 2254.55, 1006.28, 0, 0.98
23375, 3014, 2328.61, 787.37, 2455.55, 970.04, 0, 0.85
23375, 3002, 2752.42, 787.37, 2877.44, 1015.84, 1, 0.80
23400, 2975, 2526.30, 722.66, 2643.46, 944.87, 0, 0.96
23400, 3001, 2107.35, 738.31, 2254.92, 1006.01, 0, 0.97
23400, 3014, 2328.04, 788.69, 2457.83, 974.96, 0, 0.80
23400, 3002, 2742.92, 789.53, 2873.32, 1022.05, 1, 0.87
23425, 2975, 2524.85, 721.98, 2642.89, 947.03, 0, 0.95
23425, 3001, 2107.50, 738.09, 2255.54, 1005.29, 0, 0.96
23425, 3014, 2327.51, 789.48, 2458.55, 975.52, 0, 0.84
23425, 3002, 2739.57, 789.79, 2873.00, 1024.18, 1, 0.84
23425, 3028, 2739.54, 786.74, 2877.51, 1025.45, 1, 0.50
23450, 2975, 2524.68, 722.45, 2642.45, 947.69, 0, 0.96
23450, 3001, 2107.17, 739.81, 2255.44, 1004.97, 0, 0.98
23450, 3014, 2327.87, 788.64, 2459.19, 974.51, 0, 0.86
23450, 3002, 2740.22, 789.96, 2872.85, 1025.68, 1, 0.72
23450, 3028, 2743.08, 786.93, 2878.91, 1026.16, 1, 0.76
23475, 2975, 2524.75, 722.07, 2643.05, 947.36, 0, 0.95
23475, 3001, 2107.26, 740.10, 2255.84, 1005.19, 0, 0.97
23475, 3014, 2327.83, 788.12, 2459.34, 977.59, 0, 0.87
23475, 3002, 2739.36, 790.30, 2873.31, 1024.79, 1, 0.43
23475, 3028, 2741.93, 787.63, 2879.53, 1024.90, 1, 0.66
23500, 2975, 2525.06, 721.77, 2643.40, 947.02, 0, 0.96
23500, 3001, 2107.21, 740.91, 2255.78, 1006.28, 0, 0.97
23500, 3014, 2328.54, 787.55, 2459.34, 974.82, 0, 0.87
23500, 3002, 2739.59, 789.49, 2873.22, 1025.29, 1, 0.61
23500, 3028, 2742.21, 786.65, 2879.81, 1025.27, 1, 0.60
23525, 2975, 2524.39, 720.78, 2642.83, 946.30, 0, 0.90
23525, 3001, 2107.29, 739.96, 2256.30, 1007.91, 0, 0.98
23525, 3014, 2325.59, 784.09, 2460.29, 1011.74, 0, 0.73
23525, 3002, 2739.15, 790.05, 2873.09, 1026.22, 1, 0.49
23525, 3028, 2741.70, 786.84, 2879.71, 1026.25, 1, 0.50
23550, 2975, 2524.47, 720.24, 2643.38, 948.48, 0, 0.95
23550, 3001, 2107.06, 737.71, 2256.87, 1008.21, 0, 0.95
23550, 3014, 2326.17, 783.80, 2460.01, 995.23, 0, 0.77
23550, 3002, 2738.47, 789.29, 2872.25, 1026.26, 1, 0.57
23550, 3028, 2740.92, 787.12, 2878.90, 1025.98, 1, 0.42
23575, 2975, 2524.22, 720.78, 2643.89, 949.37, 0, 0.96
23575, 3001, 2106.73, 737.84, 2256.14, 1006.83, 0, 0.96
23575, 3014, 2325.61, 785.11, 2460.38, 995.93, 0, 0.77
23575, 3002, 2738.79, 789.31, 2871.93, 1027.36, 1, 0.66
23575, 3028, 2741.74, 786.81, 2879.06, 1027.45, 1, 0.49
23575, 2958, 2504.51, 1387.37, 2681.02, 1790.81, 0, 0.91
23600, 2975, 2524.51, 721.15, 2642.90, 945.47, 0, 0.94
23600, 3001, 2107.14, 737.68, 2255.83, 1006.23, 0, 0.96
23600, 3014, 2325.03, 786.07, 2460.34, 1021.85, 0, 0.75
23600, 3002, 2739.14, 789.21, 2871.83, 1025.89, 1, 0.61
23600, 3028, 2741.99, 786.84, 2878.56, 1026.53, 1, 0.79
23625, 2975, 2527.43, 719.98, 2645.63, 950.32, 0, 0.88
23625, 3001, 2106.90, 737.65, 2256.09, 1006.13, 0, 0.97
23625, 3014, 2326.21, 786.28, 2459.21, 1004.36, 0, 0.73
23625, 3002, 2740.35, 789.59, 2871.30, 1024.52, 1, 0.72
23625, 3028, 2743.86, 787.36, 2877.92, 1026.24, 1, 0.82
23650, 2975, 2526.65, 718.25, 2649.96, 915.71, 0, 0.91
23650, 3001, 2106.95, 738.43, 2255.93, 1007.27, 0, 0.97
23650, 3014, 2326.93, 787.55, 2454.62, 985.69, 0, 0.77
23650, 3002, 2738.53, 790.17, 2871.60, 1025.86, 1, 0.96
23650, 3028, 2741.14, 787.23, 2878.14, 1026.26, 1, 0.50
23675, 2975, 2531.06, 714.66, 2650.43, 903.87, 0, 0.84
23675, 3001, 2107.22, 738.21, 2254.76, 1007.84, 0, 0.96
23675, 3014, 2328.57, 784.03, 2452.38, 972.98, 0, 0.58
23675, 3002, 2738.45, 790.84, 2871.44, 1025.52, 1, 0.85
23675, 3028, 2740.65, 788.43, 2878.38, 1025.77, 1, 0.57
23675, 3047, 2517.79, 824.56, 2631.50, 1068.35, 0, 0.90
23700, 2975, 2525.97, 717.76, 2654.68, 898.84, 0, 0.90
23700, 3001, 2106.52, 738.40, 2255.62, 1007.90, 0, 0.96
23700, 3002, 2739.78, 788.99, 2872.50, 1025.62, 1, 0.51
23700, 3028, 2742.63, 787.43, 2879.22, 1026.46, 1, 0.73
23700, 3047, 2515.57, 827.71, 2636.43, 1054.65, 0, 0.63
23725, 2975, 2522.96, 717.03, 2653.47, 891.31, 0, 0.92
23725, 3001, 2106.91, 738.43, 2255.93, 1008.28, 0, 0.96
23725, 3002, 2738.70, 789.04, 2871.70, 1021.15, 1, 0.96
23725, 3047, 2515.69, 817.83, 2633.70, 1062.18, 0, 0.89
23725, 3014, 2326.53, 786.33, 2454.25, 983.50, 0, 0.74
23750, 2975, 2522.19, 716.68, 2651.89, 887.75, 0, 0.94
23750, 3001, 2106.65, 738.23, 2255.47, 1008.13, 0, 0.96
23750, 3002, 2738.86, 789.24, 2867.16, 1023.03, 1, 0.96
23750, 3047, 2517.04, 821.81, 2632.80, 1065.05, 0, 0.89
23750, 3068, 2890.82, 781.46, 3002.15, 1027.03, 0, 0.71
23750, 3014, 2327.00, 788.46, 2455.12, 982.19, 0, 0.83
23775, 2975, 2522.01, 717.17, 2654.65, 890.74, 0, 0.93
23775, 3001, 2106.55, 736.68, 2255.31, 1007.55, 0, 0.96
23775, 3002, 2738.18, 789.55, 2862.94, 1024.26, 1, 0.92
23775, 3047, 2518.20, 826.53, 2633.93, 1067.66, 0, 0.91
23775, 3068, 2894.93, 775.03, 3006.60, 1011.22, 0, 0.88
23775, 3014, 2326.69, 789.05, 2454.82, 981.23, 0, 0.81
23800, 2975, 2524.35, 715.64, 2654.80, 893.04, 0, 0.93
23800, 3001, 2106.43, 735.73, 2256.04, 1008.49, 0, 0.97
23800, 3002, 2738.06, 791.04, 2860.90, 1027.40, 1, 0.95
23800, 3047, 2518.23, 825.19, 2634.52, 1069.40, 0, 0.90
23800, 3068, 2895.97, 772.77, 3008.02, 1006.90, 0, 0.81
23800, 3014, 2324.75, 789.18, 2454.42, 990.93, 0, 0.80
23825, 2975, 2523.52, 715.89, 2655.06, 892.39, 0, 0.92
23825, 3001, 2106.58, 736.34, 2256.66, 1007.86, 0, 0.95
23825, 3002, 2738.08, 791.74, 2862.32, 1026.99, 1, 0.89
23825, 3047, 2517.33, 824.41, 2634.50, 1071.73, 0, 0.90
23825, 3068, 2899.52, 773.52, 3009.36, 1007.85, 0, 0.29
23825, 3014, 2324.26, 788.63, 2455.03, 991.74, 0, 0.76
23850, 2975, 2523.08, 716.12, 2656.22, 891.06, 0, 0.93
23850, 3001, 2106.68, 736.92, 2256.92, 1007.07, 0, 0.96
23850, 3002, 2737.32, 791.17, 2862.10, 1027.16, 1, 0.93
23850, 3047, 2517.25, 823.07, 2634.17, 1070.95, 0, 0.89
23850, 3014, 2325.14, 788.29, 2454.96, 983.20, 0, 0.83
23875, 2975, 2524.24, 715.91, 2656.60, 889.14, 0, 0.92
23875, 3001, 2105.74, 735.65, 2255.60, 1007.83, 0, 0.98
23875, 3002, 2737.42, 790.93, 2862.44, 1027.18, 1, 0.95
23875, 3047, 2518.17, 825.53, 2634.02, 1071.35, 0, 0.91
23875, 3014, 2323.66, 787.61, 2456.31, 1033.05, 0, 0.83
23900, 2975, 2523.92, 715.13, 2656.74, 889.64, 0, 0.95
23900, 3001, 2107.10, 736.54, 2255.95, 1007.03, 0, 0.95
23900, 3002, 2737.31, 790.58, 2863.26, 1026.09, 1, 0.89
23900, 3047, 2518.10, 826.63, 2634.31, 1070.18, 0, 0.91
23900, 3014, 2324.36, 787.39, 2456.17, 1012.09, 0, 0.84
23900, 3068, 2900.79, 771.02, 3012.02, 1010.79, 0, 0.57
23925, 2975, 2524.18, 715.81, 2654.61, 889.37, 0, 0.92
23925, 3001, 2106.81, 737.48, 2255.37, 1006.47, 0, 0.95
23925, 3002, 2736.04, 791.16, 2862.78, 1026.50, 1, 0.90
23925, 3047, 2519.39, 825.52, 2635.04, 1069.89, 0, 0.88
23925, 3014, 2325.32, 788.51, 2455.64, 995.62, 0, 0.84
23925, 3082, 1832.86, 730.31, 1968.34, 967.05, 3, 0.79
23925, 3068, 2899.12, 769.82, 3010.77, 1011.14, 0, 0.67
23950, 2975, 2524.10, 716.01, 2655.32, 890.27, 0, 0.90
23950, 3001, 2106.68, 737.50, 2256.02, 1007.56, 0, 0.96
23950, 3002, 2737.13, 791.64, 2862.52, 1026.20, 1, 0.96
23950, 3047, 2518.03, 825.19, 2634.05, 1069.52, 0, 0.90
23950, 3014, 2324.98, 788.86, 2454.76, 988.64, 0, 0.83
23950, 3082, 1825.71, 724.02, 1961.96, 958.27, 3, 0.85
23975, 2975, 2522.14, 717.18, 2656.16, 890.18, 0, 0.94
23975, 3001, 2107.31, 737.66, 2256.25, 1007.76, 0, 0.95
23975, 3002, 2737.41, 791.86, 2862.09, 1026.31, 1, 0.95
23975, 3047, 2517.57, 824.81, 2633.42, 1069.81, 0, 0.91
23975, 3014, 2324.37, 789.96, 2455.82, 993.45, 0, 0.86
23975, 3082, 1821.65, 723.28, 1960.04, 957.63, 3, 0.81
23975, 3068, 2899.28, 770.36, 3010.99, 1011.75, 0, 0.87
24000, 2975, 2524.42, 717.38, 2655.70, 891.51, 0, 0.92
24000, 3001, 2108.48, 736.58, 2255.82, 1006.98, 0, 0.98
24000, 3002, 2738.63, 793.61, 2862.46, 1027.13, 0, 0.63
24000, 3047, 2517.60, 824.11, 2633.40, 1070.19, 0, 0.89
24000, 3014, 2324.57, 788.97, 2455.83, 999.77, 0, 0.84
24000, 3082, 1818.48, 722.53, 1956.73, 956.52, 3, 0.58
24000, 3068, 2899.17, 770.40, 3011.39, 1012.88, 0, 0.89
24025, 2975, 2524.22, 716.37, 2655.59, 889.35, 0, 0.93
24025, 3001, 2108.73, 736.64, 2254.98, 1006.30, 0, 0.95
24025, 3002, 2737.49, 794.82, 2862.35, 1027.50, 1, 0.94
24025, 3047, 2517.84, 826.34, 2633.52, 1071.13, 0, 0.89
24025, 3014, 2324.21, 788.70, 2455.44, 995.50, 0, 0.85
24025, 3082, 1818.93, 720.90, 1947.19, 951.70, 3, 0.60
24025, 3068, 2899.82, 770.19, 3011.44, 1013.11, 0, 0.59
24050, 2975, 2522.44, 716.57, 2656.40, 893.47, 0, 0.86
24050, 3001, 2111.72, 737.36, 2254.77, 1006.47, 0, 0.96
24050, 3002, 2736.83, 790.50, 2860.14, 1033.19, 1, 0.94
24050, 3047, 2516.66, 825.24, 2633.65, 1068.51, 0, 0.91
24050, 3014, 2322.35, 788.45, 2459.09, 1040.14, 0, 0.82
24050, 3082, 1819.61, 720.10, 1946.88, 955.72, 3, 0.38
24050, 3068, 2896.88, 773.00, 3012.01, 1010.76, 0, 0.88
24075, 2975, 2522.56, 717.83, 2653.05, 896.11, 0, 0.91
24075, 3001, 2113.20, 737.63, 2255.08, 1006.64, 0, 0.96
24075, 3002, 2738.80, 788.26, 2858.12, 1001.83, 1, 0.82
24075, 3047, 2518.17, 828.38, 2633.44, 1071.45, 0, 0.90
24075, 3014, 2323.11, 788.81, 2458.41, 1032.09, 0, 0.79
24075, 3082, 1812.59, 722.98, 1948.27, 959.73, 3, 0.37
24075, 3068, 2898.74, 767.26, 3013.94, 998.51, 0, 0.81
24075, 3102, 3199.46, 865.95, 3323.67, 1116.89, 0, 0.95
24075, 3105, 1990.29, 737.88, 2084.66, 958.57, 1, 0.58
24100, 2975, 2522.80, 718.04, 2655.45, 893.44, 0, 0.94
24100, 3001, 2114.06, 737.68, 2254.66, 1006.73, 0, 0.94
24100, 3002, 2740.47, 786.02, 2858.45, 988.70, 1, 0.55
24100, 3047, 2518.07, 829.57, 2633.16, 1073.43, 0, 0.92
24100, 3014, 2323.61, 788.44, 2457.54, 1022.47, 0, 0.82
24100, 3082, 1813.00, 722.45, 1948.81, 953.32, 3, 0.41
24100, 3068, 2899.38, 766.18, 3014.83, 994.27, 0, 0.76
24100, 3102, 3200.47, 870.74, 3322.04, 1114.47, 0, 0.93
24100, 3105, 1990.21, 738.79, 2082.43, 960.75, 1, 0.54
24100, 3110, 2740.94, 785.57, 2858.61, 984.15, 0, 0.41
24125, 2975, 2526.87, 715.46, 2655.14, 890.64, 0, 0.90
24125, 3001, 2114.64, 737.92, 2254.81, 1006.65, 0, 0.95
24125, 3002, 2740.84, 785.20, 2858.19, 983.38, 1, 0.62
24125, 3047, 2517.72, 824.15, 2633.31, 1073.66, 0, 0.92
24125, 3014, 2322.84, 789.31, 2456.14, 1015.78, 0, 0.82
24125, 3082, 1818.27, 719.70, 1948.72, 938.67, 3, 0.63
24125, 3068, 2902.87, 763.74, 3013.67, 983.58, 0, 0.48
24125, 3102, 3191.95, 861.27, 3310.63, 1103.07, 0, 0.69
24125, 3105, 1998.16, 742.77, 2083.74, 955.70, 1, 0.27
24125, 3110, 2740.88, 785.21, 2858.39, 983.07, 0, 0.53
24125, 2958, 2458.96, 1361.41, 2672.24, 1760.97, 0, 0.83
24150, 2975, 2520.40, 706.42, 2647.76, 893.22, 0, 0.93
24150, 3001, 2114.28, 736.32, 2254.84, 1006.16, 0, 0.97
24150, 3047, 2516.94, 826.02, 2633.15, 1072.82, 0, 0.92
24150, 3014, 2321.47, 788.47, 2457.69, 1046.00, 0, 0.83
24150, 3082, 1816.16, 718.94, 1948.37, 943.67, 3, 0.79
24150, 3068, 2909.96, 762.70, 3018.94, 954.14, 0, 0.42
24150, 3105, 1992.22, 740.29, 2082.55, 958.52, 1, 0.29
24150, 3110, 2738.96, 786.62, 2859.38, 1005.29, 1, 0.94
24150, 3120, 1814.34, 723.50, 1952.44, 963.33, 3, 0.38
24175, 2975, 2512.83, 698.90, 2640.35, 903.29, 0, 0.90
24175, 3001, 2115.25, 737.17, 2254.49, 1005.92, 0, 0.96
24175, 3047, 2518.25, 820.84, 2636.52, 1070.42, 0, 0.90
24175, 3014, 2320.02, 790.03, 2457.22, 1055.06, 0, 0.91
24175, 3082, 1814.91, 722.14, 1951.14, 955.21, 3, 0.39
24175, 3068, 2904.14, 761.23, 3019.57, 959.00, 1, 0.45
24175, 3105, 1994.78, 741.27, 2086.70, 961.69, 1, 0.37
24175, 3110, 2737.17, 788.86, 2858.06, 1022.98, 0, 0.82
24175, 3120, 1814.81, 724.02, 1953.09, 962.26, 1, 0.39
24175, 3002, 2737.69, 788.10, 2857.47, 1016.63, 1, 0.28
24200, 2975, 2510.08, 698.96, 2644.98, 907.03, 0, 0.95
24200, 3001, 2117.46, 735.46, 2254.99, 1006.27, 0, 0.86
24200, 3047, 2517.51, 817.15, 2648.28, 1060.00, 0, 0.66
24200, 3014, 2320.67, 790.04, 2457.21, 1047.10, 0, 0.83
24200, 3082, 1821.22, 723.75, 1954.10, 960.22, 3, 0.44
24200, 3068, 2898.90, 780.14, 3007.38, 992.34, 0, 0.91
24200, 3105, 1993.18, 732.31, 2082.29, 937.32, 1, 0.45
24200, 3120, 1822.83, 724.66, 1955.49, 962.66, 1, 0.45
24225, 2975, 2508.72, 702.13, 2643.06, 901.75, 0, 0.92
24225, 3001, 2114.44, 733.89, 2255.33, 1007.86, 0, 0.96
24225, 3047, 2516.20, 816.94, 2645.03, 1061.09, 0, 0.57
24225, 3014, 2322.10, 791.02, 2458.58, 1029.95, 0, 0.69
24225, 3082, 1822.65, 724.03, 1957.45, 960.48, 1, 0.46
24225, 3068, 2897.73, 785.37, 3004.84, 1009.04, 0, 0.78
24225, 3105, 1991.13, 733.36, 2081.79, 950.18, 1, 0.50
24225, 3120, 1824.12, 724.44, 1958.70, 960.93, 3, 0.73
24225, 3002, 2741.35, 787.66, 2859.99, 1021.29, 0, 0.83
24250, 2975, 2502.35, 697.29, 2639.38, 887.51, 0, 0.91
24250, 3001, 2116.74, 723.61, 2255.30, 985.94, 0, 0.65
24250, 3047, 2512.96, 785.80, 2635.25, 1038.15, 0, 0.75
24250, 3014, 2321.06, 790.59, 2457.79, 1022.37, 0, 0.82
24250, 3082, 1822.97, 725.02, 1957.20, 963.45, 3, 0.66
24250, 3068, 2883.72, 763.58, 2985.87, 987.31, 0, 0.46
24250, 3105, 1990.51, 733.08, 2085.20, 956.15, 1, 0.43
24250, 3120, 1824.18, 725.31, 1958.02, 963.54, 1, 0.55
24250, 3134, 2620.11, 880.28, 2755.82, 1136.37, 0, 0.59
24250, 3135, 3096.21, 793.61, 3208.74, 1032.67, 0, 0.66
24250, 3002, 2743.05, 786.20, 2861.35, 1019.07, 0, 0.38
24275, 2975, 2477.12, 660.03, 2608.90, 856.41, 0, 0.96
24275, 3047, 2503.70, 752.37, 2619.89, 1003.09, 0, 0.45
24275, 3014, 2286.38, 743.79, 2430.27, 987.99, 0, 0.85
24275, 3082, 1822.70, 724.10, 1956.53, 960.77, 3, 0.82
24275, 3105, 1998.75, 731.27, 2098.91, 953.71, 1, 0.75
24275, 3120, 1823.65, 724.22, 1957.08, 960.41, 1, 0.33
24275, 3134, 2628.41, 851.35, 2752.75, 1100.27, 0, 0.60
24275, 3002, 2729.34, 747.63, 2841.40, 978.09, 1, 0.62
24300, 2975, 2447.41, 661.79, 2556.51, 865.59, 0, 0.92
24300, 3047, 2500.95, 836.26, 2627.07, 1084.97, 0, 0.85
24300, 3082, 1805.04, 674.50, 1928.15, 901.73, 3, 0.85
24300, 3144, 2122.32, 572.69, 2248.75, 774.84, 0, 0.80
24300, 3145, 2634.30, 626.24, 2748.85, 806.79, 0, 0.69
24325, 3068, 2909.76, 725.08, 3024.73, 951.38, 0, 0.92
24325, 3002, 2685.81, 714.06, 2795.67, 926.30, 0, 0.95
24350, 3162, 2296.31, 477.74, 2375.46, 637.92, 0, 0.91
24350, 2958, 2567.39, 1364.44, 2764.46, 1788.18, 0, 0.94
24375, 3176, 883.65, 423.78, 956.15, 564.88, 0, 0.89
24400, 3196, 2619.95, 484.80, 2717.60, 652.96, 0, 0.83
24425, 3196, 2594.88, 540.71, 2707.88, 721.77, 0, 0.86
24450, 2975, 2324.51, 565.43, 2515.42, 745.60, 0, 0.90
24475, 2975, 2313.60, 559.81, 2514.96, 739.51, 0, 0.92
24500, 2975, 2310.23, 557.96, 2515.21, 734.51, 0, 0.94
24525, 2975, 2310.77, 555.00, 2517.04, 734.78, 0, 0.95
24550, 2975, 2314.83, 555.43, 2521.35, 733.31, 0, 0.96
24550, 3001, 2124.54, 827.78, 2256.51, 1106.42, 0, 0.93
24575, 2975, 2318.43, 556.21, 2528.18, 735.97, 0, 0.94
24575, 3144, 2173.03, 524.32, 2258.62, 701.57, 0, 0.92
24625, 2975, 2335.12, 562.11, 2529.61, 736.88, 0, 0.71
24650, 2975, 2339.66, 561.48, 2535.76, 736.91, 0, 0.35
24650, 3135, 3038.53, 789.79, 3233.20, 1040.65, 0, 0.92
24700, 2975, 2349.98, 563.40, 2551.86, 739.00, 0, 0.59
24725, 2975, 2354.53, 561.48, 2558.14, 741.78, 0, 0.80
24750, 2975, 2356.61, 561.23, 2560.01, 741.18, 0, 0.90
24775, 2975, 2357.62, 561.44, 2563.39, 741.97, 0, 0.94
24800, 2975, 2272.00, 557.16, 2475.27, 734.39, 0, 0.96
25125, 3176, 881.52, 464.80, 1018.82, 613.60, 0, 0.84
25350, 3294, 374.77, 424.02, 499.77, 558.06, 0, 0.41
25350, 3135, 2994.01, 791.09, 3234.30, 1038.10, 0, 0.67
25375, 3294, 371.72, 434.62, 499.35, 563.03, 0, 0.31
25500, 3294, 374.33, 423.74, 502.59, 563.08, 0, 0.55
25575, 3302, 1345.46, 593.46, 1494.82, 785.70, 0, 0.88
25600, 3304, 973.45, 543.52, 1108.50, 715.70, 0, 0.85
25625, 3294, 360.87, 440.84, 494.17, 561.91, 0, 0.39
25700, 3294, 367.23, 430.89, 491.13, 558.53, 0, 0.31
25725, 3294, 366.96, 424.08, 491.26, 560.07, 0, 0.65
25725, 3302, 1333.37, 562.29, 1461.32, 720.95, 0, 0.52
25750, 3294, 368.64, 428.62, 487.92, 560.14, 0, 0.70
25750, 3135, 3039.99, 805.80, 3266.44, 1050.16, 0, 0.82
25775, 3335, 3722.07, 910.29, 3987.13, 1162.36, 0, 0.96
25800, 3294, 369.84, 428.92, 486.15, 561.80, 0, 0.53
25950, 3352, 2142.60, 793.44, 2269.25, 1071.71, 0, 0.90
25975, 3352, 2145.92, 784.84, 2270.54, 1060.64, 0, 0.90
26000, 3352, 2145.89, 783.31, 2269.97, 1060.05, 0, 0.32
26025, 3352, 2145.02, 782.83, 2268.54, 1059.32, 0, 0.82
26025, 3363, 2358.38, 778.70, 2543.83, 1081.52, 1, 0.88
26050, 3352, 2146.37, 782.96, 2268.18, 1056.20, 0, 0.88
26050, 3363, 2360.77, 776.32, 2544.72, 1079.64, 1, 0.84
26075, 3352, 2148.31, 785.19, 2269.12, 1057.40, 0, 0.88
26075, 3363, 2364.05, 775.33, 2544.53, 1077.77, 1, 0.86
26075, 3302, 1288.82, 498.98, 1443.65, 674.25, 0, 0.94
26100, 3352, 2149.79, 784.95, 2270.45, 1058.69, 0, 0.86
26100, 3363, 2363.89, 772.68, 2543.66, 1073.25, 1, 0.65
26100, 3370, 3972.40, 826.46, 4095.51, 1080.53, 0, 0.55
26125, 3352, 2148.51, 785.26, 2270.86, 1059.90, 0, 0.89
26125, 3363, 2364.62, 771.95, 2545.43, 1076.32, 1, 0.86
26125, 3370, 3972.56, 826.20, 4095.50, 1081.63, 0, 0.56
26150, 3352, 2149.37, 785.03, 2271.56, 1057.72, 0, 0.89
26150, 3363, 2364.49, 773.37, 2545.79, 1078.89, 1, 0.92
26150, 3370, 3972.00, 832.10, 4095.58, 1082.82, 0, 0.79
26175, 3352, 2149.08, 784.77, 2270.63, 1057.31, 0, 0.90
26175, 3363, 2363.90, 773.97, 2546.14, 1079.48, 1, 0.91
26175, 3370, 3971.41, 831.98, 4095.62, 1082.06, 0, 0.78
26200, 3352, 2149.08, 785.82, 2269.96, 1057.24, 0, 0.90
26200, 3363, 2363.08, 775.57, 2545.45, 1078.50, 1, 0.91
26200, 3370, 3972.24, 834.88, 4095.62, 1082.12, 0, 0.75
26225, 3352, 2148.78, 786.53, 2269.04, 1057.29, 0, 0.87
26225, 3363, 2362.63, 776.25, 2545.03, 1079.41, 1, 0.87
26225, 3370, 3975.21, 835.57, 4095.83, 1081.01, 0, 0.80
26250, 3352, 2147.91, 786.53, 2269.43, 1058.15, 0, 0.87
26250, 3363, 2362.08, 776.59, 2544.39, 1080.06, 1, 0.85
26250, 3370, 3976.33, 834.99, 4095.91, 1081.14, 0, 0.81
26275, 3352, 2147.18, 785.66, 2269.34, 1057.82, 0, 0.90
26275, 3363, 2362.17, 775.11, 2544.93, 1079.00, 1, 0.82
26275, 3370, 3978.21, 833.39, 4095.95, 1077.37, 0, 0.82
26300, 3352, 2148.36, 786.77, 2268.68, 1057.55, 0, 0.88
26300, 3363, 2362.14, 775.30, 2544.63, 1078.41, 1, 0.62
26300, 3370, 3990.84, 837.12, 4096.00, 1071.87, 0, 0.68
26325, 3352, 2149.90, 786.95, 2269.27, 1056.02, 0, 0.87
26325, 3363, 2359.33, 774.56, 2538.50, 1072.78, 1, 0.58
26325, 3381, 2361.48, 775.25, 2541.69, 1076.38, 1, 0.40
26350, 3352, 2148.26, 786.37, 2268.68, 1057.13, 0, 0.88
26350, 3363, 2358.21, 774.08, 2536.53, 1071.61, 1, 0.63
26350, 3370, 3985.65, 835.42, 4096.00, 1074.38, 0, 0.63
26375, 3352, 2150.21, 785.78, 2268.44, 1056.74, 0, 0.86
26375, 3363, 2356.78, 772.88, 2535.82, 1070.11, 1, 0.67
26375, 3370, 3979.35, 834.73, 4096.00, 1079.48, 0, 0.76
26400, 3352, 2150.40, 786.10, 2267.87, 1058.50, 0, 0.87
26400, 3363, 2361.05, 738.01, 2531.57, 1019.44, 1, 0.84
26425, 3352, 2145.61, 784.21, 2269.95, 1058.85, 0, 0.92
26425, 3363, 2354.22, 692.42, 2523.52, 957.77, 1, 0.38
26425, 3386, 2673.48, 624.82, 2783.02, 836.69, 1, 0.43
26450, 3352, 2159.34, 724.71, 2273.00, 974.32, 0, 0.95
26450, 3387, 3646.64, 707.68, 3784.99, 926.26, 0, 0.97
26500, 3398, 1977.07, 407.94, 2049.53, 546.26, 0, 0.85
26550, 3410, 824.33, 586.54, 927.94, 805.32, 0, 0.96
26575, 3410, 832.18, 555.04, 927.42, 743.35, 0, 0.94
26650, 3410, 868.02, 508.67, 964.61, 686.24, 0, 0.79
26725, 3425, 751.42, 490.60, 838.07, 652.51, 0, 0.83
26750, 3425, 755.88, 512.10, 842.47, 682.12, 0, 0.59
26775, 3425, 752.64, 520.86, 841.22, 695.16, 0, 0.70
26775, 3427, 3277.19, 994.60, 3507.22, 1267.26, 0, 0.72
26775, 3429, 3582.60, 941.86, 3731.15, 1203.27, 0, 0.81
26800, 3427, 3173.97, 952.81, 3429.17, 1242.70, 0, 0.88
26800, 3429, 3576.17, 938.39, 3732.94, 1193.09, 0, 0.83
26825, 3425, 751.19, 524.20, 840.75, 698.46, 0, 0.70
26850, 3434, 2801.45, 679.52, 2962.90, 900.10, 0, 0.80
26850, 3435, 2062.22, 486.69, 2194.10, 674.16, 0, 0.91
26850, 3425, 752.83, 525.36, 840.73, 697.95, 0, 0.59
26875, 3425, 753.63, 526.17, 840.60, 697.93, 0, 0.62
26900, 3425, 754.00, 524.71, 841.55, 696.99, 0, 0.75
26900, 3441, 3644.58, 941.75, 3942.75, 1210.22, 0, 0.94
26925, 3425, 753.24, 523.35, 842.48, 697.36, 0, 0.72
26925, 3441, 3627.75, 929.66, 3927.90, 1208.82, 0, 0.71
26925, 3410, 972.88, 371.06, 1046.04, 494.14, 0, 0.81
26950, 3425, 754.03, 524.40, 842.02, 698.31, 0, 0.36
26950, 3441, 3637.17, 922.42, 3931.74, 1209.44, 0, 0.94
26950, 3370, 3904.36, 772.91, 4088.93, 1001.63, 0, 0.88
26975, 3425, 757.75, 547.07, 842.66, 698.39, 0, 0.51
26975, 3441, 3634.59, 921.49, 3951.25, 1208.49, 0, 0.77
27000, 3425, 755.43, 530.62, 839.94, 697.16, 0, 0.61
27000, 3441, 3635.68, 935.32, 3950.89, 1207.53, 0, 0.76
27000, 3470, 1969.24, 339.91, 2047.72, 473.74, 0, 0.62
27025, 3425, 755.61, 528.86, 836.72, 694.81, 0, 0.37
27025, 3441, 3631.03, 930.92, 3937.53, 1204.03, 0, 0.60
27050, 3425, 753.92, 524.14, 839.75, 694.11, 0, 0.62
27050, 3441, 3609.96, 923.15, 3905.41, 1205.10, 0, 0.90
27075, 3425, 752.79, 522.89, 841.36, 693.65, 0, 0.65
27075, 3441, 3572.93, 914.24, 3869.78, 1203.64, 0, 0.66
27100, 3425, 752.90, 521.92, 842.10, 692.49, 0, 0.74
27125, 3425, 753.53, 526.25, 838.61, 695.23, 0, 0.50
27125, 3441, 3557.77, 919.77, 3861.08, 1200.77, 0, 0.50
27150, 3425, 752.91, 524.24, 839.62, 695.10, 0, 0.62
27150, 3441, 3555.72, 919.97, 3859.40, 1200.12, 0, 0.72
27175, 3425, 753.73, 523.13, 841.42, 694.87, 0, 0.58
27175, 3441, 3552.82, 922.35, 3859.30, 1200.13, 0, 0.60
27200, 3425, 752.04, 524.31, 842.80, 697.32, 0, 0.61
27200, 3441, 3553.00, 916.71, 3856.91, 1200.36, 0, 0.89
27225, 3425, 753.17, 519.24, 842.56, 696.60, 0, 0.70
27225, 3441, 3552.79, 916.33, 3857.53, 1200.90, 0, 0.46
27250, 3425, 751.95, 521.38, 841.59, 695.53, 0, 0.63
27250, 3441, 3556.08, 915.54, 3856.70, 1199.38, 0, 0.72
27275, 3425, 753.29, 522.73, 845.44, 694.10, 0, 0.28
27275, 3441, 3555.89, 912.62, 3860.11, 1199.58, 0, 0.25
27300, 3441, 3555.03, 914.09, 3861.07, 1198.39, 0, 0.41
27325, 3441, 3467.04, 901.90, 3832.22, 1183.23, 0, 0.87
27350, 3510, 1328.23, 580.68, 1478.58, 768.25, 0, 0.78
27350, 3427, 2322.91, 648.78, 2531.29, 854.14, 0, 0.38
27350, 3370, 3791.39, 714.00, 4008.33, 922.26, 0, 0.94
27375, 3427, 2261.46, 662.01, 2441.84, 873.35, 0, 0.90
27400, 3429, 3477.21, 849.76, 3707.23, 1092.59, 0, 0.89
27825, 3370, 3629.32, 672.33, 3843.87, 881.79, 0, 0.93
27850, 3441, 3329.64, 806.37, 3542.29, 1055.53, 0, 0.93
28225, 3571, 2217.79, 667.17, 2343.63, 888.46, 0, 0.94
28250, 3571, 2206.46, 642.62, 2330.82, 853.75, 0, 0.74
28275, 3571, 2203.29, 635.42, 2327.44, 843.17, 0, 0.90
28275, 3370, 3588.63, 622.35, 3789.04, 823.74, 0, 0.94
28300, 3571, 2204.21, 632.19, 2327.14, 842.27, 0, 0.91
28325, 3571, 2201.26, 630.49, 2327.07, 842.01, 0, 0.84
28350, 3571, 2199.30, 629.27, 2327.06, 840.94, 0, 0.89
28375, 3571, 2198.21, 628.67, 2327.17, 841.94, 0, 0.95
28400, 3571, 2200.52, 626.61, 2327.79, 844.03, 0, 0.95
28425, 3571, 2202.49, 624.92, 2326.96, 844.31, 0, 0.95
28450, 3571, 2201.74, 626.60, 2326.21, 843.33, 0, 0.95
28450, 3584, 2657.56, 676.48, 2773.04, 914.33, 0, 0.95
28475, 3571, 2201.08, 628.13, 2326.60, 843.38, 0, 0.95
28475, 3584, 2655.68, 676.85, 2772.60, 915.01, 0, 0.95
28500, 3571, 2201.69, 628.48, 2327.62, 843.10, 0, 0.94
28500, 3584, 2656.50, 677.33, 2772.54, 915.69, 0, 0.95
28525, 3571, 2201.58, 629.52, 2326.45, 844.40, 0, 0.93
28525, 3584, 2655.61, 677.11, 2771.89, 917.46, 0, 0.94
28550, 3571, 2201.26, 630.45, 2325.78, 843.87, 0, 0.90
28550, 3584, 2655.65, 677.48, 2773.56, 918.09, 0, 0.93
28550, 3589, 2359.57, 719.33, 2475.98, 948.45, 1, 0.90
28575, 3571, 2201.43, 634.01, 2325.45, 844.73, 1, 0.70
28575, 3584, 2636.11, 646.31, 2750.31, 875.24, 0, 0.96
28575, 3589, 2356.36, 717.74, 2477.01, 942.86, 1, 0.88
28600, 3571, 2204.97, 623.46, 2322.64, 834.65, 0, 0.86
28600, 3589, 2363.23, 690.34, 2472.25, 911.62, 1, 0.59
29000, 3640, 742.62, 456.74, 863.04, 599.94, 0, 0.47
29025, 3640, 783.21, 457.02, 904.45, 609.92, 0, 0.91
29075, 3650, 3672.47, 964.03, 3968.28, 1225.94, 2, 0.72
29100, 3650, 3635.59, 962.67, 3934.35, 1225.32, 2, 0.73
29125, 3650, 3610.90, 959.72, 3905.52, 1224.22, 2, 0.78
29150, 3650, 3598.55, 957.88, 3898.37, 1223.02, 2, 0.68
29175, 3650, 3594.06, 957.04, 3895.35, 1223.52, 2, 0.80
29200, 3650, 3589.08, 953.42, 3893.46, 1223.94, 2, 0.75
29225, 3650, 3585.37, 952.07, 3893.13, 1223.60, 2, 0.77
29250, 3650, 3586.03, 952.12, 3891.71, 1223.91, 2, 0.53
29275, 3650, 3587.02, 954.78, 3893.89, 1224.56, 2, 0.52
29300, 3650, 3584.53, 956.39, 3886.43, 1223.67, 2, 0.69
29325, 3650, 3583.89, 955.28, 3885.19, 1224.46, 2, 0.72
29325, 3695, 3403.70, 826.55, 3604.98, 1082.71, 0, 0.56
29325, 3696, 3401.74, 857.46, 3612.78, 1090.30, 0, 0.54
29350, 3650, 3582.35, 953.98, 3883.82, 1223.58, 2, 0.82
29375, 3650, 3587.59, 962.85, 3863.28, 1220.03, 2, 0.44
29400, 3650, 3586.24, 962.30, 3843.54, 1217.04, 2, 0.41
29450, 3650, 3546.63, 948.70, 3854.00, 1214.66, 2, 0.54
29525, 3728, 692.49, 535.27, 811.96, 694.90, 0, 0.71
29550, 3737, 947.01, 548.29, 1082.36, 710.09, 0, 0.84
29575, 3741, 1623.29, 580.51, 1800.76, 775.51, 0, 0.91
29600, 3749, 1890.68, 803.79, 2044.34, 1094.52, 0, 0.95
29625, 3749, 1894.82, 787.11, 2044.81, 1072.42, 0, 0.97
29650, 3749, 1897.64, 785.99, 2045.55, 1066.46, 0, 0.97
29675, 3749, 1895.75, 781.19, 2044.16, 1063.73, 0, 0.97
29700, 3749, 1895.84, 781.36, 2045.26, 1059.90, 0, 0.97
29725, 3749, 1896.10, 782.87, 2045.00, 1065.92, 0, 0.96
29750, 3749, 1896.00, 784.94, 2044.05, 1065.07, 0, 0.96
29775, 3749, 1896.67, 784.12, 2043.95, 1061.83, 0, 0.97
29800, 3749, 1897.37, 785.52, 2042.59, 1062.14, 0, 0.97
29825, 3749, 1895.04, 784.46, 2042.52, 1062.50, 0, 0.97
29850, 3749, 1897.97, 776.24, 2042.52, 1058.50, 0, 0.54
29875, 3749, 1897.55, 776.52, 2045.15, 1060.81, 0, 0.98
29900, 3749, 1897.52, 777.70, 2045.60, 1063.22, 0, 0.97
29900, 3696, 3298.68, 870.72, 3497.54, 1131.50, 0, 0.94
29925, 3749, 1898.32, 777.51, 2047.00, 1064.63, 0, 0.97
29950, 3749, 1897.39, 776.80, 2046.87, 1065.03, 0, 0.97
29950, 3771, 3979.98, 885.12, 4093.84, 1144.23, 0, 0.90
29975, 3749, 1897.33, 776.26, 2046.91, 1064.92, 0, 0.97
29975, 3771, 3991.62, 881.57, 4095.70, 1145.27, 0, 0.79
30000, 3749, 1896.48, 777.03, 2045.22, 1064.00, 0, 0.97
30000, 3771, 3994.45, 879.50, 4096.00, 1145.40, 0, 0.70
30025, 3749, 1896.24, 777.25, 2044.18, 1062.91, 0, 0.98
30025, 3771, 3995.16, 879.92, 4096.00, 1144.29, 0, 0.85
30050, 3749, 1896.52, 776.49, 2046.19, 1063.05, 0, 0.97
30050, 3771, 3993.57, 880.48, 4096.00, 1144.11, 0, 0.83
30075, 3749, 1896.59, 774.83, 2046.63, 1061.49, 0, 0.98
30075, 3771, 3994.97, 880.92, 4096.00, 1143.41, 0, 0.85
30075, 3775, 2161.27, 799.91, 2312.09, 1066.21, 0, 0.68
30075, 3776, 2.46, 921.12, 156.74, 1102.25, 0, 0.36
30100, 3749, 1896.19, 774.85, 2046.37, 1061.45, 0, 0.97
30100, 3771, 3995.48, 880.91, 4096.00, 1144.17, 0, 0.85
30100, 3775, 2162.63, 797.79, 2314.02, 1060.98, 0, 0.71
30100, 3776, 2.66, 921.69, 156.43, 1098.10, 0, 0.35
30125, 3749, 1896.85, 774.96, 2046.70, 1061.86, 0, 0.97
30125, 3771, 3993.23, 882.05, 4096.00, 1144.61, 0, 0.81
30125, 3775, 2163.76, 798.06, 2313.77, 1059.38, 0, 0.77
30125, 3776, 2.51, 922.02, 156.65, 1100.11, 0, 0.40
30150, 3749, 1897.65, 772.34, 2044.84, 1060.17, 0, 0.95
30150, 3771, 3992.52, 881.93, 4096.00, 1146.57, 0, 0.80
30150, 3775, 2162.39, 796.25, 2313.39, 1058.76, 0, 0.78
30150, 3776, 2.11, 921.93, 157.04, 1099.77, 0, 0.35
30175, 3749, 1896.50, 775.72, 2044.85, 1062.08, 0, 0.97
30175, 3775, 2162.21, 796.93, 2313.97, 1060.28, 0, 0.77
30175, 3776, 2.31, 921.50, 156.58, 1101.50, 0, 0.40
30200, 3749, 1896.70, 774.26, 2046.42, 1062.66, 0, 0.97
30200, 3775, 2162.27, 797.19, 2314.38, 1060.69, 0, 0.76
30200, 3776, 3.03, 921.00, 156.23, 1100.77, 0, 0.31
30200, 3771, 3991.57, 882.74, 4096.00, 1144.09, 0, 0.86
30225, 3749, 1896.14, 775.62, 2046.81, 1062.76, 0, 0.97
30225, 3775, 2162.54, 795.97, 2314.96, 1059.64, 0, 0.86
30225, 3776, 2.70, 922.39, 156.69, 1099.56, 0, 0.30
30225, 3771, 3991.30, 882.37, 4096.00, 1144.31, 0, 0.81
30250, 3749, 1895.51, 775.95, 2045.13, 1062.97, 0, 0.97
30250, 3775, 2162.53, 796.45, 2314.89, 1058.30, 0, 0.84
30250, 3776, 2.93, 922.09, 155.93, 1099.55, 0, 0.29
30250, 3771, 3992.06, 882.23, 4096.00, 1144.56, 0, 0.86
30275, 3749, 1896.16, 775.05, 2046.95, 1063.77, 0, 0.97
30275, 3775, 2162.43, 796.53, 2315.24, 1059.54, 0, 0.82
30275, 3776, 3.20, 922.57, 156.23, 1099.85, 0, 0.35
30275, 3771, 3993.02, 882.58, 4096.00, 1145.50, 0, 0.79
30300, 3749, 1895.78, 776.70, 2046.24, 1065.13, 0, 0.97
30300, 3775, 2161.98, 795.91, 2316.56, 1062.39, 0, 0.47
30300, 3776, 3.23, 923.47, 156.61, 1101.05, 0, 0.35
30300, 3771, 3993.09, 882.70, 4096.00, 1144.91, 0, 0.84
30325, 3749, 1896.46, 776.44, 2046.77, 1063.59, 0, 0.97
30325, 3776, 3.14, 923.78, 155.78, 1100.71, 0, 0.31
30325, 3771, 3993.84, 881.50, 4096.00, 1145.36, 0, 0.83
30350, 3749, 1896.07, 776.35, 2047.96, 1061.95, 0, 0.97
30350, 3776, 3.82, 923.67, 155.80, 1099.96, 0, 0.35
30350, 3771, 3993.73, 881.32, 4096.00, 1144.25, 0, 0.82
30350, 3775, 2162.57, 796.05, 2316.02, 1063.02, 0, 0.69
30375, 3749, 1897.98, 777.06, 2048.21, 1062.45, 0, 0.97
30375, 3771, 3993.43, 881.54, 4096.00, 1145.02, 0, 0.84
30400, 3749, 1897.88, 777.30, 2047.93, 1062.90, 0, 0.98
30400, 3771, 3993.51, 881.73, 4096.00, 1145.32, 0, 0.83
30400, 3776, 4.28, 922.00, 156.15, 1099.99, 0, 0.31
30400, 3775, 2163.76, 798.87, 2317.85, 1063.75, 0, 0.39
30425, 3749, 1896.64, 777.87, 2046.83, 1063.20, 0, 0.97
30425, 3771, 3993.85, 881.67, 4096.00, 1145.45, 0, 0.84
30425, 3776, 3.49, 922.47, 156.14, 1098.49, 0, 0.32
30425, 3775, 2162.03, 800.47, 2318.27, 1062.95, 0, 0.55
30450, 3749, 1896.72, 777.93, 2045.92, 1063.33, 0, 0.97
30450, 3771, 3994.14, 881.93, 4096.00, 1145.42, 0, 0.82
30450, 3776, 3.91, 921.60, 155.49, 1099.59, 0, 0.27
30475, 3749, 1896.07, 778.22, 2045.01, 1062.61, 0, 0.97
30475, 3771, 3995.49, 882.25, 4096.00, 1144.06, 0, 0.89
30475, 3776, 3.41, 921.77, 155.45, 1099.88, 0, 0.37
30500, 3749, 1896.62, 778.63, 2045.57, 1061.55, 0, 0.97
30500, 3771, 3995.50, 881.89, 4096.00, 1143.97, 0, 0.84
30500, 3776, 3.91, 922.93, 155.90, 1100.76, 0, 0.38
30525, 3749, 1895.96, 778.65, 2045.50, 1061.53, 0, 0.98
30525, 3771, 3994.54, 879.76, 4096.00, 1145.63, 0, 0.82
30525, 3776, 3.73, 921.54, 156.20, 1099.99, 0, 0.39
30525, 3775, 2164.57, 801.20, 2317.77, 1063.18, 0, 0.41
30550, 3749, 1896.28, 778.43, 2045.45, 1061.25, 0, 0.98
30550, 3771, 3993.19, 881.26, 4096.00, 1144.99, 0, 0.84
30550, 3776, 3.64, 922.01, 156.04, 1100.19, 0, 0.29
30550, 3775, 2164.81, 799.12, 2315.77, 1063.38, 0, 0.68
30575, 3749, 1895.77, 778.08, 2044.85, 1062.63, 0, 0.97
30575, 3771, 3993.46, 880.93, 4096.00, 1145.56, 0, 0.81
30575, 3776, 3.90, 923.05, 156.52, 1100.32, 0, 0.36
30600, 3749, 1895.13, 777.33, 2045.14, 1063.75, 0, 0.97
30600, 3771, 3994.59, 880.98, 4096.00, 1145.40, 0, 0.82
30600, 3776, 3.75, 923.20, 156.04, 1100.54, 0, 0.38
30600, 3775, 2164.26, 799.69, 2318.18, 1065.04, 0, 0.30
30625, 3749, 1895.94, 776.85, 2045.49, 1064.03, 0, 0.98
30625, 3771, 3993.87, 881.36, 4096.00, 1145.02, 0, 0.84
30625, 3776, 3.62, 922.78, 156.42, 1100.45, 0, 0.39
30625, 3775, 2164.21, 800.18, 2317.56, 1065.28, 0, 0.93
30650, 3749, 1895.57, 772.17, 2046.26, 1063.01, 0, 0.97
30650, 3771, 3994.64, 881.88, 4096.00, 1144.78, 0, 0.84
30650, 3776, 3.39, 923.61, 155.42, 1099.13, 0, 0.35
30650, 3775, 2163.61, 800.38, 2315.22, 1063.08, 0, 0.74
30675, 3749, 1882.99, 719.06, 2025.42, 980.77, 0, 0.90
30675, 3776, 3.17, 922.94, 155.40, 1099.78, 0, 0.35
30675, 3775, 2163.34, 800.95, 2314.15, 1063.92, 0, 0.86
30700, 3776, 4.35, 922.66, 155.36, 1099.37, 0, 0.29
30700, 3775, 2167.36, 799.41, 2313.89, 1060.60, 0, 0.80
30725, 3776, 4.30, 923.41, 155.63, 1098.66, 0, 0.27
30725, 3775, 2168.86, 770.81, 2312.10, 1024.92, 0, 0.56
30750, 3776, 3.93, 924.08, 155.29, 1098.72, 0, 0.31
30750, 3830, 2077.33, 267.51, 2171.65, 363.43, 0, 0.38
30800, 3776, 4.20, 922.88, 156.48, 1099.47, 0, 0.30
30825, 3776, 4.80, 923.04, 155.71, 1097.14, 0, 0.26
30850, 3776, 4.18, 923.34, 155.65, 1097.58, 0, 0.39
30875, 3776, 3.88, 922.13, 155.80, 1097.58, 0, 0.34
30900, 3776, 3.65, 923.06, 155.49, 1098.00, 0, 0.42
30925, 3776, 3.06, 921.27, 155.41, 1096.68, 0, 0.36
30925, 3907, 1417.70, 407.56, 1496.95, 546.77, 0, 0.91
30950, 3776, 4.48, 922.58, 155.86, 1096.67, 0, 0.26
30975, 3776, 3.55, 922.19, 155.31, 1096.30, 0, 0.36
30975, 3749, 1858.43, 734.00, 2001.86, 978.94, 0, 0.76
31150, 3954, 3190.94, 463.43, 3286.07, 619.26, 0, 0.74
31150, 3776, 4.39, 924.13, 154.71, 1095.00, 0, 0.27
31225, 3771, 3879.51, 895.16, 4093.22, 1151.90, 0, 0.52
31225, 3776, 4.72, 925.27, 155.07, 1096.77, 0, 0.26
31250, 3983, 1821.36, 333.06, 1889.40, 444.51, 0, 0.70
31250, 3776, 4.63, 924.20, 155.18, 1096.30, 0, 0.27
31275, 3771, 3908.09, 915.13, 4086.32, 1194.28, 0, 0.86
31300, 3992, 3625.83, 955.54, 3870.30, 1226.72, 0, 0.97
31300, 3776, 4.71, 924.42, 155.03, 1097.04, 0, 0.34
31350, 4003, 3416.89, 938.17, 3708.85, 1202.58, 0, 0.71
31350, 3776, 4.73, 925.09, 155.13, 1097.33, 0, 0.25
31375, 4003, 3414.55, 934.64, 3706.74, 1200.94, 0, 0.45
31375, 3776, 5.07, 924.87, 155.14, 1096.45, 0, 0.28
31400, 4003, 3411.52, 934.55, 3706.91, 1200.94, 0, 0.78
31400, 3776, 4.76, 924.87, 155.22, 1095.63, 0, 0.29
31425, 4003, 3409.90, 936.19, 3706.09, 1200.08, 0, 0.64
31425, 3776, 4.89, 923.90, 154.81, 1095.24, 0, 0.27
31450, 4003, 3409.73, 936.49, 3705.45, 1200.62, 0, 0.64
31475, 4003, 3409.26, 936.02, 3707.22, 1201.59, 0, 0.76
31475, 3776, 3.83, 924.93, 155.49, 1095.66, 0, 0.33
31500, 4003, 3409.72, 937.94, 3707.51, 1201.40, 0, 0.76
31500, 3776, 4.49, 924.72, 155.26, 1095.59, 0, 0.36
31525, 4003, 3409.83, 942.84, 3707.84, 1201.29, 0, 0.56
31525, 3776, 4.82, 924.17, 155.50, 1095.35, 0, 0.26
31550, 3776, 4.28, 925.35, 155.76, 1096.04, 0, 0.34
31575, 3776, 4.24, 925.84, 155.85, 1096.20, 0, 0.31
31600, 3776, 3.16, 924.78, 155.80, 1097.80, 0, 0.41
31625, 3776, 3.07, 924.52, 156.30, 1098.00, 0, 0.39
31625, 4037, 1042.69, 586.10, 1157.64, 781.13, 1, 0.84
31650, 3776, 3.41, 923.55, 156.44, 1097.70, 0, 0.39
31650, 4037, 1079.14, 594.43, 1210.50, 789.87, 0, 0.94
31650, 3771, 3722.83, 984.16, 4021.51, 1268.18, 0, 0.90
31675, 3776, 3.90, 924.31, 156.49, 1096.45, 0, 0.30
31675, 4054, 722.48, 623.04, 838.75, 830.08, 0, 0.43
31700, 3776, 3.00, 922.83, 156.63, 1097.36, 0, 0.32
31700, 4054, 708.71, 611.78, 819.26, 822.23, 3, 0.44
31700, 4057, 2161.10, 842.32, 2300.58, 1117.47, 0, 0.94
31725, 3776, 3.42, 925.24, 156.89, 1095.60, 0, 0.33
31725, 4054, 704.68, 604.21, 814.32, 821.56, 3, 0.48
31725, 4057, 2170.91, 804.17, 2308.80, 1084.31, 0, 0.79
31750, 3776, 3.02, 924.60, 156.11, 1096.01, 0, 0.34
31750, 4054, 706.34, 605.36, 811.95, 822.63, 3, 0.48
31750, 4057, 2173.80, 793.61, 2311.84, 1067.53, 0, 0.95
31750, 4072, 707.93, 607.07, 813.92, 823.58, 0, 0.34
31775, 3776, 3.47, 924.15, 157.46, 1094.64, 0, 0.31
31775, 4054, 691.07, 583.57, 798.22, 789.08, 0, 0.59
31775, 4057, 2173.84, 791.84, 2310.78, 1070.15, 0, 0.89
31800, 3776, 2.65, 923.96, 156.42, 1096.08, 0, 0.43
31800, 4057, 2170.54, 796.78, 2308.65, 1068.22, 0, 0.90
31800, 4078, 2365.58, 791.30, 2497.05, 1041.94, 1, 0.77
31825, 3776, 3.14, 923.54, 157.47, 1098.50, 0, 0.42
31825, 4057, 2168.75, 798.87, 2308.40, 1068.19, 0, 0.93
31825, 4078, 2365.08, 783.60, 2496.80, 1038.84, 1, 0.85
31825, 4083, 2365.37, 780.94, 2496.58, 1036.44, 0, 0.35
31850, 4057, 2168.06, 798.49, 2309.73, 1069.02, 0, 0.84
31850, 4078, 2365.67, 780.84, 2499.14, 1034.14, 1, 0.59
31850, 4083, 2365.77, 781.05, 2499.05, 1033.94, 0, 0.61
31850, 4090, 841.91, 534.20, 963.61, 707.23, 0, 0.83
31875, 4057, 2168.56, 798.14, 2308.05, 1068.07, 0, 0.85
31875, 4078, 2367.42, 783.07, 2499.36, 1032.68, 0, 0.31
31875, 4083, 2367.51, 784.07, 2499.38, 1033.03, 1, 0.86
31875, 3776, 2.72, 923.38, 157.71, 1098.28, 0, 0.41
31900, 4057, 2168.05, 799.02, 2308.41, 1069.19, 0, 0.83
31900, 3776, 3.45, 923.83, 157.09, 1096.75, 0, 0.36
31925, 4057, 2168.29, 801.02, 2307.63, 1070.29, 0, 0.92
31925, 3776, 4.40, 924.41, 156.39, 1099.54, 0, 0.41
31925, 3992, 3743.90, 897.95, 3983.81, 1148.03, 0, 0.96
31925, 4078, 2370.53, 782.58, 2500.52, 1033.24, 1, 0.93
31950, 4057, 2167.25, 799.90, 2307.67, 1072.02, 0, 0.94
31950, 3776, 3.70, 923.97, 156.32, 1099.95, 0, 0.44
31950, 4078, 2370.72, 782.22, 2500.47, 1033.96, 1, 0.91
31975, 4057, 2167.28, 800.01, 2308.27, 1072.10, 0, 0.88
31975, 3776, 4.25, 924.29, 157.08, 1099.18, 0, 0.37
31975, 4078, 2369.16, 782.19, 2500.69, 1033.00, 1, 0.89
32000, 4057, 2166.65, 800.37, 2307.91, 1071.22, 0, 0.90
32000, 3776, 3.64, 923.16, 156.04, 1097.43, 0, 0.37
32000, 4078, 2370.75, 782.90, 2500.58, 1032.89, 1, 0.95
32025, 4057, 2166.99, 800.85, 2307.76, 1069.49, 0, 0.87
32025, 3776, 3.98, 923.15, 155.28, 1095.18, 0, 0.37
32025, 4078, 2369.05, 783.67, 2498.98, 1033.69, 1, 0.78
32050, 4057, 2167.60, 800.69, 2307.63, 1068.72, 0, 0.77
32050, 3776, 3.49, 923.99, 156.05, 1095.19, 0, 0.42
32050, 4078, 2369.55, 783.84, 2499.70, 1033.67, 1, 0.86
32075, 4057, 2169.40, 794.82, 2309.16, 1073.17, 0, 0.52
32075, 3776, 4.32, 923.83, 155.42, 1094.01, 0, 0.37
32075, 4078, 2369.51, 782.97, 2499.35, 1032.85, 1, 0.92
32100, 4057, 2167.24, 796.47, 2306.25, 1070.61, 0, 0.93
32100, 3776, 4.22, 922.73, 156.50, 1093.99, 0, 0.42
32100, 4078, 2365.21, 770.67, 2498.75, 1032.85, 0, 0.49
32125, 4057, 2168.37, 793.71, 2307.40, 1073.54, 0, 0.69
32125, 3776, 4.06, 922.57, 157.42, 1094.46, 0, 0.41
32125, 4078, 2367.57, 779.66, 2500.72, 1034.55, 1, 0.90
32125, 3992, 3856.64, 871.78, 4061.83, 1121.86, 0, 0.84
32150, 4057, 2167.97, 797.68, 2307.89, 1071.50, 0, 0.69
32150, 3776, 3.96, 924.29, 155.76, 1095.07, 0, 0.41
32150, 4078, 2367.80, 783.14, 2500.32, 1034.43, 1, 0.75
32150, 4119, 2368.11, 785.27, 2500.34, 1034.68, 0, 0.46
32175, 4057, 2168.30, 799.57, 2307.16, 1071.21, 0, 0.84
32175, 4078, 2368.29, 785.73, 2499.92, 1032.73, 0, 0.57
32175, 4119, 2368.40, 786.72, 2499.78, 1032.58, 1, 0.71
32200, 4057, 2170.56, 795.88, 2306.73, 1075.07, 0, 0.63
32200, 4078, 2368.56, 785.39, 2500.18, 1033.10, 1, 0.91
32200, 3776, 4.37, 925.93, 155.48, 1093.76, 0, 0.36
32225, 4057, 2169.50, 798.30, 2305.99, 1072.43, 0, 0.88
32225, 4078, 2367.77, 784.33, 2499.04, 1032.85, 0, 0.64
32225, 4126, 2721.71, 329.40, 2818.38, 441.82, 0, 0.50
32225, 3776, 4.50, 925.43, 155.32, 1093.78, 0, 0.42
32250, 4057, 2171.66, 795.85, 2305.91, 1075.29, 0, 0.77
32250, 4078, 2368.45, 785.38, 2498.18, 1033.09, 1, 0.88
32250, 4126, 2723.18, 324.76, 2819.82, 441.39, 0, 0.47
32250, 3776, 4.45, 924.92, 155.21, 1093.66, 0, 0.43
32250, 4128, 2169.67, 798.83, 2305.25, 1071.29, 0, 0.46
32275, 4078, 2368.27, 785.13, 2498.98, 1032.75, 1, 0.84
32275, 4126, 2719.07, 326.98, 2810.56, 442.26, 0, 0.38
32275, 3776, 4.09, 923.90, 155.79, 1094.09, 0, 0.42
32300, 4078, 2367.53, 784.44, 2498.88, 1033.02, 1, 0.84
32300, 4126, 2721.92, 315.39, 2835.71, 432.28, 0, 0.52
32300, 3776, 3.77, 923.88, 155.47, 1093.71, 0, 0.41
32300, 4131, 2367.34, 784.25, 2498.96, 1033.15, 0, 0.35
32300, 4057, 2169.90, 799.65, 2306.54, 1072.59, 0, 0.68
32325, 4078, 2367.77, 786.81, 2497.95, 1033.41, 1, 0.94
32325, 3776, 5.12, 924.55, 155.13, 1092.94, 0, 0.42
32325, 4057, 2171.31, 800.94, 2306.36, 1070.47, 0, 0.61
32350, 4078, 2367.07, 786.20, 2496.99, 1032.76, 1, 0.92
32350, 3776, 4.80, 925.64, 155.72, 1093.64, 0, 0.45
32375, 4078, 2367.37, 785.76, 2497.82, 1033.42, 0, 0.64
32375, 3776, 5.37, 924.76, 155.17, 1093.68, 0, 0.42
32375, 4139, 2367.40, 785.53, 2497.99, 1033.56, 1, 0.64
32400, 4078, 2367.99, 787.04, 2497.57, 1033.19, 1, 0.81
32400, 3776, 5.15, 926.52, 154.67, 1093.37, 0, 0.44
32400, 4139, 2368.12, 787.17, 2497.61, 1033.20, 0, 0.47
32425, 4078, 2367.47, 787.44, 2496.83, 1033.66, 1, 0.92
32425, 3776, 5.12, 925.09, 154.78, 1092.89, 0, 0.45
32425, 4057, 2171.38, 801.76, 2306.14, 1071.72, 0, 0.37
32450, 4078, 2367.51, 786.10, 2498.59, 1034.21, 1, 0.89
32450, 3776, 5.10, 926.22, 154.55, 1092.65, 0, 0.41
32450, 4057, 2171.30, 801.23, 2306.56, 1071.07, 0, 0.51
32475, 4078, 2367.62, 785.66, 2497.99, 1034.35, 1, 0.91
32475, 3776, 5.26, 926.07, 155.05, 1092.82, 0, 0.42
32475, 4057, 2174.44, 798.40, 2306.43, 1074.70, 0, 0.61
32500, 4078, 2367.51, 787.14, 2497.06, 1032.57, 1, 0.95
32500, 3776, 5.61, 927.09, 155.39, 1093.00, 0, 0.49
32500, 4057, 2172.22, 800.77, 2305.83, 1072.35, 0, 0.66
32500, 4150, 2174.54, 798.84, 2306.41, 1076.51, 0, 0.33
32525, 4078, 2366.78, 786.32, 2498.15, 1033.80, 1, 0.88
32525, 3776, 5.20, 925.76, 155.06, 1092.45, 0, 0.37
32525, 4072, 690.09, 605.45, 792.82, 769.08, 0, 0.48
32550, 4078, 2367.23, 786.93, 2498.61, 1032.81, 1, 0.84
32550, 3776, 5.37, 923.08, 154.90, 1092.85, 0, 0.40
32550, 4153, 2367.29, 786.95, 2498.82, 1032.74, 0, 0.38
32575, 3776, 5.22, 924.95, 154.83, 1093.35, 0, 0.47
32575, 4057, 2170.50, 802.30, 2306.29, 1070.50, 0, 0.76
32600, 3776, 4.77, 925.93, 155.04, 1092.84, 0, 0.41
32600, 4057, 2170.95, 801.93, 2306.07, 1069.52, 0, 0.40
32600, 4078, 2367.65, 786.90, 2498.27, 1033.18, 1, 0.91
32625, 3776, 5.17, 926.99, 155.13, 1092.74, 0, 0.40
32625, 4057, 2170.27, 801.56, 2306.33, 1069.88, 0, 0.42
32625, 4078, 2367.43, 787.26, 2497.41, 1034.22, 1, 0.94
32650, 3776, 4.57, 926.45, 154.83, 1093.42, 0, 0.48
32650, 4057, 2170.47, 802.69, 2306.46, 1069.94, 0, 0.46
32650, 4078, 2366.53, 786.38, 2498.44, 1034.98, 1, 0.91
32650, 4158, 2174.74, 797.74, 2307.36, 1078.12, 0, 0.38
32675, 3776, 4.96, 926.29, 154.08, 1093.73, 0, 0.46
32675, 4057, 2170.25, 802.10, 2306.10, 1070.09, 0, 0.53
32675, 4078, 2367.12, 786.08, 2498.11, 1034.65, 1, 0.93
32675, 4158, 2174.65, 796.77, 2306.91, 1077.63, 0, 0.51
32675, 4162, 1294.06, 660.10, 1418.03, 873.99, 3, 0.59
32700, 3776, 4.21, 926.34, 154.69, 1093.26, 0, 0.46
32700, 4057, 2170.92, 798.95, 2306.51, 1070.05, 0, 0.33
32700, 4078, 2367.32, 786.31, 2497.27, 1033.85, 1, 0.90
32700, 4158, 2174.47, 793.58, 2306.96, 1078.32, 0, 0.55
32700, 4162, 1298.57, 660.62, 1420.34, 872.66, 3, 0.53
32725, 3776, 4.14, 926.16, 154.86, 1092.89, 0, 0.47
32725, 4057, 2170.85, 797.64, 2306.12, 1069.56, 0, 0.39
32725, 4078, 2367.52, 786.86, 2496.65, 1033.46, 1, 0.95
32725, 4158, 2174.95, 792.62, 2306.33, 1077.96, 0, 0.68
32725, 4162, 1299.83, 660.08, 1413.21, 867.41, 3, 0.77
32725, 4166, 3666.70, 972.02, 3826.57, 1258.29, 0, 0.85
32750, 3776, 4.62, 926.38, 154.36, 1092.90, 0, 0.47
32750, 4057, 2171.41, 798.73, 2306.53, 1070.09, 0, 0.44
32750, 4078, 2367.73, 786.98, 2497.10, 1033.83, 1, 0.93
32750, 4158, 2175.86, 794.70, 2307.10, 1078.61, 0, 0.58
32750, 4162, 1298.70, 657.48, 1412.25, 867.51, 3, 0.72
32750, 4166, 3660.29, 953.00, 3819.85, 1235.56, 0, 0.87
32775, 3776, 4.10, 925.67, 153.67, 1092.17, 0, 0.33
32775, 4057, 2170.53, 798.87, 2306.41, 1069.98, 0, 0.49
32775, 4078, 2368.25, 786.53, 2498.01, 1034.29, 1, 0.93
32775, 4158, 2174.08, 794.13, 2306.65, 1077.76, 0, 0.69
32775, 4162, 1298.83, 659.68, 1411.10, 869.01, 3, 0.52
32775, 4166, 3657.76, 947.54, 3815.48, 1227.34, 0, 0.95
32775, 4170, 1298.43, 660.00, 1411.56, 869.83, 0, 0.47
32800, 3776, 3.75, 925.15, 154.42, 1092.68, 0, 0.47
32800, 4057, 2171.54, 799.45, 2305.74, 1068.94, 0, 0.62
32800, 4078, 2368.25, 787.30, 2497.98, 1034.25, 1, 0.93
32800, 4158, 2175.34, 794.42, 2306.12, 1078.11, 0, 0.57
32800, 4162, 1298.42, 661.08, 1411.70, 872.40, 0, 0.27
32800, 4166, 3656.34, 947.18, 3817.64, 1225.81, 0, 0.92
32800, 4170, 1298.09, 661.30, 1412.34, 873.18, 3, 0.69
32825, 3776, 5.46, 926.36, 153.77, 1092.02, 0, 0.49
32825, 4057, 2171.51, 799.69, 2305.88, 1069.27, 0, 0.75
32825, 4078, 2369.27, 787.06, 2497.71, 1032.79, 1, 0.95
32825, 4162, 1302.80, 658.32, 1417.75, 867.55, 3, 0.83
32825, 4166, 3657.15, 947.59, 3819.19, 1224.56, 0, 0.75
32850, 3776, 4.29, 925.40, 153.96, 1092.66, 0, 0.48
32850, 4057, 2176.58, 797.23, 2306.04, 1070.33, 0, 0.69
32850, 4078, 2368.73, 786.28, 2497.53, 1031.80, 1, 0.93
32850, 4166, 3658.91, 946.84, 3820.32, 1226.39, 0, 0.45
32875, 3776, 5.07, 926.50, 154.14, 1092.53, 0, 0.49
32875, 4057, 2179.05, 721.54, 2294.10, 958.35, 0, 0.94
32875, 4078, 2367.22, 787.09, 2498.32, 1032.89, 1, 0.91
32900, 3776, 4.59, 925.90, 154.47, 1093.06, 0, 0.49
32900, 4078, 2366.32, 775.49, 2497.11, 1017.33, 1, 0.83
32925, 3776, 4.22, 927.07, 153.88, 1094.50, 0, 0.52
32950, 3776, 3.79, 926.59, 155.44, 1095.91, 0, 0.55
32950, 4188, 2112.29, 381.71, 2189.53, 504.32, 0, 0.70
32975, 3776, 3.59, 927.01, 156.51, 1096.03, 0, 0.51
33000, 3776, 3.05, 926.58, 155.94, 1095.84, 0, 0.51
33000, 4162, 1279.60, 707.02, 1404.18, 930.92, 0, 0.79
33025, 3776, 3.84, 925.25, 156.03, 1095.04, 0, 0.57
33050, 3776, 3.18, 925.61, 156.41, 1095.81, 0, 0.59
33075, 3776, 3.80, 925.98, 156.07, 1092.68, 0, 0.62
33075, 4217, 2562.46, 398.26, 2684.93, 549.64, 0, 0.71
33075, 4218, 1069.30, 425.04, 1149.45, 555.07, 0, 0.49
33100, 3776, 2.82, 926.05, 156.59, 1095.62, 0, 0.55
33100, 4217, 2559.88, 404.37, 2677.60, 548.04, 0, 0.51
33100, 4220, 1383.23, 400.25, 1460.34, 541.27, 0, 0.82
33125, 3776, 3.23, 926.77, 152.84, 1094.82, 0, 0.34
33125, 4217, 2544.30, 408.67, 2665.06, 542.60, 0, 0.30
33125, 4220, 1380.54, 380.67, 1459.56, 505.33, 0, 0.60
33150, 3776, 2.97, 926.70, 155.05, 1096.04, 0, 0.54
33150, 4217, 2537.84, 400.12, 2671.32, 544.19, 0, 0.62
33175, 3776, 4.49, 925.22, 152.57, 1091.05, 0, 0.33
33175, 4217, 2537.20, 407.87, 2653.64, 535.65, 0, 0.59
33200, 3776, 3.55, 925.85, 154.79, 1093.73, 0, 0.57
33200, 4217, 2537.09, 406.03, 2664.47, 539.17, 0, 0.64
33200, 4218, 1072.36, 483.77, 1165.71, 649.58, 0, 0.85
33225, 3776, 3.42, 924.45, 153.35, 1094.00, 0, 0.54
33250, 3776, 2.74, 924.84, 155.41, 1095.12, 0, 0.56
33250, 4217, 2537.93, 401.34, 2663.89, 539.80, 0, 0.74
33275, 3776, 3.16, 926.52, 155.35, 1095.45, 0, 0.55
33275, 4217, 2541.42, 403.81, 2662.24, 532.63, 0, 0.42
33300, 3776, 3.20, 926.25, 155.40, 1094.31, 0, 0.51
33300, 4217, 2538.54, 403.00, 2669.09, 537.25, 0, 0.67
33325, 3776, 3.88, 926.01, 155.66, 1094.09, 0, 0.51
33325, 4264, 2445.85, 314.87, 2543.60, 416.79, 0, 0.52
33350, 3776, 4.22, 925.75, 155.44, 1094.34, 0, 0.51
33350, 4264, 2445.54, 316.63, 2544.08, 417.80, 0, 0.38
33350, 4217, 2542.09, 401.60, 2671.05, 539.62, 0, 0.54
33375, 3776, 4.49, 926.04, 155.31, 1093.57, 0, 0.45
33375, 4218, 1079.70, 602.47, 1189.18, 800.54, 3, 0.87
33400, 3776, 3.51, 927.02, 155.79, 1094.38, 0, 0.54
33400, 4264, 2449.67, 312.99, 2539.88, 410.08, 0, 0.31
33400, 4217, 2540.43, 395.49, 2664.85, 539.31, 0, 0.75
33425, 3776, 3.14, 926.10, 155.28, 1094.65, 0, 0.51
33425, 4217, 2545.59, 396.32, 2654.40, 527.61, 0, 0.40
33450, 3776, 3.11, 926.57, 155.54, 1094.90, 0, 0.52
33450, 4264, 2440.71, 312.10, 2540.64, 410.93, 0, 0.25
33475, 3776, 2.97, 924.76, 155.38, 1095.45, 0, 0.54
33475, 4162, 1242.77, 837.87, 1410.24, 1124.41, 3, 0.63
33500, 3776, 2.57, 927.10, 155.94, 1113.16, 0, 0.41
33525, 4289, 2418.91, 387.49, 2525.99, 524.24, 0, 0.70
33525, 4162, 1209.59, 830.77, 1360.74, 1104.32, 0, 0.87
33550, 4057, 2188.27, 393.77, 2321.55, 528.70, 0, 0.91
33575, 4304, 2638.35, 308.35, 2776.36, 413.95, 0, 0.46
33600, 4304, 2639.51, 306.78, 2777.04, 413.91, 0, 0.39
33600, 3776, 4.38, 924.98, 155.66, 1094.35, 0, 0.48
33625, 3776, 3.84, 925.88, 155.48, 1094.54, 0, 0.52
33650, 3776, 3.84, 925.46, 155.22, 1093.80, 0, 0.45
33650, 4289, 2457.25, 439.87, 2532.25, 594.20, 0, 0.90
33650, 4304, 2641.87, 304.31, 2778.37, 413.65, 0, 0.51
33675, 3776, 4.47, 926.07, 155.81, 1093.58, 0, 0.51
33675, 4304, 2641.45, 307.51, 2774.87, 411.89, 0, 0.33
33675, 4217, 2547.74, 375.66, 2612.77, 494.21, 0, 0.55
33725, 3776, 5.37, 925.72, 155.20, 1095.14, 0, 0.51
33750, 3776, 3.76, 927.00, 155.07, 1093.92, 0, 0.48
33800, 4331, 3035.73, 751.30, 3200.95, 1010.92, 0, 0.95
33825, 4331, 3042.09, 756.49, 3208.94, 1010.73, 0, 0.94
33825, 3776, 0.56, 913.60, 157.14, 1095.46, 0, 0.38
33850, 4331, 3041.81, 756.52, 3212.25, 1013.79, 0, 0.94
33850, 4337, 3845.77, 953.17, 4080.98, 1232.03, 0, 0.69
33850, 3776, 1.64, 913.23, 155.71, 1094.80, 0, 0.46
33875, 4331, 3044.71, 757.64, 3212.00, 1014.00, 0, 0.93
33875, 3776, 3.45, 921.17, 156.69, 1094.63, 0, 0.54
33900, 4331, 3043.99, 756.32, 3212.72, 1019.70, 0, 0.95
33900, 3776, 2.81, 922.41, 155.91, 1095.25, 0, 0.51
33925, 4331, 3039.52, 755.61, 3224.68, 969.85, 0, 0.74
33925, 3776, 3.03, 922.83, 156.27, 1095.61, 0, 0.52
33950, 4331, 3041.09, 755.63, 3216.51, 1002.11, 0, 0.93
33950, 3776, 3.05, 924.89, 156.44, 1095.71, 0, 0.51
33950, 4356, 2891.42, 403.76, 3042.24, 551.85, 0, 0.79
33975, 4331, 3043.07, 753.92, 3215.72, 998.22, 0, 0.74
33975, 3776, 3.31, 925.56, 155.86, 1095.10, 0, 0.46
34000, 4331, 3042.64, 755.41, 3213.92, 1011.90, 0, 0.93
34000, 3776, 3.87, 924.60, 156.32, 1097.28, 0, 0.47
34000, 4356, 2891.00, 401.94, 3047.51, 551.31, 0, 0.75
34025, 4331, 3041.90, 756.79, 3213.47, 1015.65, 0, 0.94
34025, 3776, 3.59, 925.12, 155.95, 1094.46, 0, 0.47
34025, 4356, 2904.10, 404.90, 3044.00, 548.02, 0, 0.65
34050, 4331, 3041.93, 756.52, 3212.29, 1020.55, 0, 0.94
34050, 3776, 4.29, 924.38, 156.85, 1094.98, 0, 0.45
34050, 4356, 2875.58, 405.70, 3034.42, 550.78, 0, 0.65
34050, 4369, 2750.03, 400.63, 2883.72, 535.81, 0, 0.61
34075, 4331, 3041.90, 756.52, 3212.11, 1018.48, 0, 0.93
34075, 3776, 3.89, 924.79, 156.22, 1094.55, 0, 0.48
34075, 4356, 2891.96, 407.81, 3035.13, 552.35, 0, 0.79
34100, 4331, 3041.79, 756.51, 3211.77, 1017.29, 0, 0.93
34100, 3776, 4.15, 925.42, 156.35, 1094.51, 0, 0.48
34100, 4356, 2885.97, 409.56, 3021.45, 547.06, 0, 0.60
34100, 4376, 2188.53, 878.19, 2343.49, 1161.29, 0, 0.92
34100, 4369, 2772.38, 412.91, 2885.89, 539.83, 0, 0.33
34125, 4331, 3042.30, 755.96, 3211.83, 1014.48, 0, 0.93
34125, 3776, 4.23, 925.70, 155.82, 1094.91, 0, 0.49
34125, 4356, 2893.38, 406.98, 3034.06, 548.55, 0, 0.87
34125, 4376, 2182.84, 869.99, 2335.23, 1147.82, 0, 0.91
34125, 4377, 3040.83, 443.85, 3180.64, 571.03, 0, 0.48
34125, 4369, 2754.71, 406.15, 2881.27, 537.44, 0, 0.71
34150, 4331, 3042.77, 756.65, 3211.52, 1010.66, 0, 0.92
34150, 3776, 3.27, 925.10, 156.76, 1094.77, 0, 0.51
34150, 4356, 2898.90, 409.86, 3027.09, 548.40, 0, 0.51
34150, 4376, 2180.87, 866.90, 2332.29, 1143.01, 0, 0.90
34150, 4377, 3059.01, 446.56, 3185.68, 567.71, 0, 0.39
34150, 4369, 2749.32, 403.51, 2881.74, 534.89, 0, 0.38
34175, 4331, 3042.74, 756.17, 3211.81, 1016.09, 0, 0.93
34175, 3776, 4.01, 926.55, 156.20, 1093.96, 0, 0.49
34175, 4356, 2903.33, 405.82, 3039.46, 549.23, 0, 0.77
34175, 4376, 2179.10, 867.01, 2333.43, 1143.18, 0, 0.92
34175, 4377, 3035.28, 430.80, 3180.97, 567.22, 0, 0.43
34175, 4369, 2751.65, 394.10, 2893.85, 536.17, 0, 0.76
34200, 4331, 3043.14, 755.78, 3211.69, 1014.23, 0, 0.92
34200, 3776, 3.70, 926.00, 156.19, 1096.14, 0, 0.45
34200, 4356, 2876.46, 406.62, 3032.44, 548.79, 0, 0.80
34200, 4376, 2177.57, 866.71, 2333.54, 1144.27, 0, 0.89
34200, 4369, 2746.67, 400.76, 2884.69, 536.09, 0, 0.56
34225, 4331, 3042.53, 756.61, 3211.35, 1014.35, 0, 0.94
34225, 3776, 3.67, 925.52, 156.30, 1095.26, 0, 0.51
34225, 4376, 2177.62, 868.13, 2333.72, 1143.96, 0, 0.87
34225, 4369, 2745.65, 405.31, 2869.67, 532.20, 0, 0.45
34225, 4337, 3860.75, 963.71, 4076.58, 1217.66, 0, 0.94
34250, 4331, 3042.05, 755.67, 3210.87, 1015.42, 0, 0.93
34250, 3776, 3.69, 926.39, 156.15, 1095.50, 0, 0.50
34250, 4376, 2177.56, 869.71, 2332.54, 1145.55, 1, 0.55
34275, 4331, 3042.16, 757.17, 3211.41, 1018.56, 0, 0.92
34275, 3776, 4.18, 918.28, 156.26, 1097.01, 0, 0.37
34275, 4376, 2179.86, 869.23, 2331.59, 1144.92, 0, 0.82
34275, 4356, 2866.55, 411.74, 3033.77, 551.95, 0, 0.68
34275, 4369, 2744.26, 402.58, 2880.17, 535.93, 0, 0.72
34300, 4331, 3044.05, 753.15, 3210.71, 1015.68, 0, 0.87
34300, 3776, 3.65, 923.09, 157.49, 1095.67, 0, 0.53
34300, 4376, 2179.92, 868.49, 2333.86, 1145.46, 0, 0.89
34325, 4331, 3042.94, 753.68, 3211.72, 1008.97, 0, 0.92
34325, 3776, 2.77, 924.08, 156.75, 1095.22, 0, 0.40
34325, 4376, 2181.73, 869.10, 2333.08, 1144.43, 0, 0.95
34325, 4356, 2907.90, 405.08, 3047.05, 551.99, 0, 0.56
34350, 4331, 3042.98, 755.18, 3212.33, 1016.65, 0, 0.94
34350, 3776, 3.35, 925.71, 156.06, 1096.58, 0, 0.46
34350, 4376, 2180.90, 868.54, 2332.59, 1143.68, 0, 0.94
34375, 4331, 3043.24, 756.79, 3212.04, 1019.60, 0, 0.94
34375, 3776, 3.67, 924.48, 155.89, 1096.18, 0, 0.46
34375, 4376, 2181.03, 867.80, 2333.91, 1143.53, 0, 0.94
34375, 4369, 2742.85, 400.81, 2885.22, 537.88, 0, 0.57
34375, 4356, 2903.32, 402.59, 3045.31, 551.32, 0, 0.76
34400, 4331, 3043.11, 756.21, 3211.79, 1019.21, 0, 0.93
34400, 3776, 3.82, 923.96, 155.91, 1095.48, 0, 0.50
34400, 4376, 2181.51, 869.08, 2333.94, 1143.57, 0, 0.95
34425, 4331, 3042.68, 757.03, 3211.44, 1020.77, 0, 0.93
34425, 3776, 3.84, 925.14, 155.70, 1094.95, 0, 0.46
34425, 4376, 2181.61, 868.60, 2334.21, 1143.55, 0, 0.93
34425, 4369, 2744.51, 391.56, 2879.17, 536.64, 0, 0.63
34425, 4356, 2898.53, 402.39, 3045.62, 550.77, 0, 0.84
34450, 4331, 3043.26, 756.44, 3210.94, 1021.00, 0, 0.94
34450, 3776, 3.62, 925.10, 155.84, 1094.42, 0, 0.48
34450, 4376, 2181.85, 868.40, 2334.95, 1143.79, 0, 0.95
34450, 4356, 2879.12, 403.25, 3031.19, 549.00, 0, 0.79
34475, 4331, 3043.17, 754.74, 3210.93, 1019.45, 0, 0.94
34475, 3776, 3.86, 924.96, 155.51, 1094.54, 0, 0.49
34475, 4376, 2180.24, 867.85, 2333.70, 1142.14, 0, 0.94
34475, 4356, 2867.67, 403.87, 3017.49, 553.40, 0, 0.95
34475, 4377, 3047.60, 440.29, 3185.77, 573.15, 0, 0.75
34500, 4331, 3043.77, 754.66, 3210.70, 1017.97, 0, 0.94
34500, 3776, 4.42, 925.34, 155.46, 1094.35, 0, 0.47
34500, 4376, 2180.84, 869.88, 2332.57, 1142.57, 0, 0.95
34500, 4356, 2897.96, 417.03, 3058.46, 556.98, 0, 0.86
34500, 4407, 350.23, 507.35, 436.12, 654.44, 0, 0.48
34500, 4369, 2703.64, 394.67, 2851.13, 534.91, 0, 0.78
34525, 4331, 3045.16, 756.51, 3210.88, 1019.07, 0, 0.94
34525, 3776, 4.06, 924.99, 155.38, 1094.55, 0, 0.44
34525, 4376, 2180.93, 872.28, 2332.55, 1142.70, 0, 0.94
34525, 4413, 2394.79, 780.95, 2533.48, 1052.31, 0, 0.93
34550, 4331, 3044.25, 755.97, 3210.38, 1018.11, 0, 0.94
34550, 3776, 3.89, 926.88, 155.71, 1093.39, 0, 0.48
34550, 4376, 2180.62, 872.52, 2331.74, 1141.63, 0, 0.94
34550, 4413, 2394.48, 781.77, 2533.81, 1047.68, 0, 0.93
34575, 4331, 3045.13, 754.39, 3210.27, 1019.37, 0, 0.93
34575, 3776, 3.73, 925.67, 155.62, 1093.69, 0, 0.48
34575, 4376, 2180.70, 872.37, 2331.90, 1142.10, 0, 0.93
34575, 4413, 2395.38, 785.10, 2535.65, 1045.66, 0, 0.93
34600, 4331, 3044.73, 755.44, 3210.63, 1019.22, 0, 0.93
34600, 3776, 4.21, 925.59, 155.77, 1093.99, 0, 0.46
34600, 4376, 2180.96, 871.21, 2332.05, 1142.84, 0, 0.94
34600, 4413, 2394.67, 785.87, 2533.94, 1050.08, 0, 0.92
34625, 4331, 3044.29, 755.52, 3210.48, 1017.85, 0, 0.93
34625, 3776, 4.48, 923.20, 156.12, 1094.06, 0, 0.51
34625, 4376, 2180.85, 871.33, 2332.26, 1142.75, 0, 0.95
34625, 4413, 2393.59, 785.36, 2533.52, 1048.90, 0, 0.91
34650, 4331, 3044.18, 756.29, 3210.34, 1015.19, 0, 0.94
34650, 3776, 4.37, 924.39, 155.95, 1093.90, 0, 0.46
34650, 4376, 2181.91, 871.36, 2331.77, 1142.53, 0, 0.94
34650, 4413, 2393.65, 785.15, 2533.33, 1052.51, 0, 0.91
34675, 4331, 3044.29, 756.52, 3210.68, 1015.85, 0, 0.93
34675, 3776, 3.93, 925.24, 156.01, 1093.88, 0, 0.48
34675, 4376, 2181.96, 871.09, 2331.66, 1142.88, 0, 0.95
34675, 4413, 2391.34, 780.86, 2534.40, 1050.65, 0, 0.93
34700, 4331, 3044.36, 756.34, 3210.38, 1016.52, 0, 0.93
34700, 3776, 3.04, 925.20, 156.14, 1092.79, 0, 0.51
34700, 4376, 2181.32, 871.43, 2333.17, 1142.94, 0, 0.95
34700, 4413, 2393.85, 782.66, 2531.96, 1049.72, 0, 0.77
34725, 4331, 3045.02, 755.66, 3211.79, 1019.09, 0, 0.94
34725, 3776, 3.38, 926.32, 156.92, 1093.99, 0, 0.51
34725, 4376, 2180.86, 871.55, 2332.39, 1143.36, 0, 0.94
34725, 4413, 2394.75, 784.16, 2532.60, 1051.85, 0, 0.91
34750, 4331, 3044.73, 756.36, 3211.36, 1022.00, 0, 0.94
34750, 3776, 4.08, 926.45, 156.39, 1092.63, 0, 0.50
34750, 4376, 2180.52, 872.56, 2332.73, 1143.44, 0, 0.95
34750, 4413, 2395.97, 784.98, 2532.72, 1050.84, 0, 0.90
34775, 4331, 3044.39, 755.88, 3210.63, 1019.65, 0, 0.94
34775, 3776, 3.84, 926.06, 156.51, 1093.29, 0, 0.50
34775, 4376, 2180.68, 872.46, 2332.05, 1143.19, 0, 0.94
34775, 4413, 2394.75, 786.34, 2531.50, 1052.40, 0, 0.92
34800, 4331, 3044.55, 755.83, 3210.87, 1020.85, 0, 0.94
34800, 3776, 4.38, 926.78, 156.66, 1095.16, 0, 0.50
34800, 4376, 2181.73, 873.26, 2332.10, 1142.26, 0, 0.95
34800, 4413, 2395.91, 785.95, 2531.36, 1050.68, 0, 0.92
34825, 4331, 3045.77, 754.61, 3211.42, 1014.99, 0, 0.92
34825, 3776, 3.67, 926.72, 155.80, 1094.23, 0, 0.52
34825, 4376, 2182.22, 872.20, 2332.46, 1142.93, 0, 0.94
34825, 4413, 2396.55, 787.79, 2531.11, 1050.50, 0, 0.91
34850, 4331, 3039.99, 754.80, 3219.11, 994.71, 0, 0.78
34850, 3776, 4.61, 926.16, 155.16, 1093.36, 0, 0.48
34850, 4376, 2182.13, 871.74, 2332.76, 1143.22, 0, 0.95
34850, 4413, 2394.84, 785.76, 2530.02, 1050.53, 0, 0.93
34875, 4331, 3041.99, 755.69, 3213.26, 1007.89, 0, 0.94
34875, 3776, 5.08, 927.03, 155.50, 1092.89, 0, 0.51
34875, 4376, 2180.88, 872.67, 2332.80, 1142.97, 0, 0.94
34875, 4413, 2394.55, 785.15, 2530.28, 1051.35, 0, 0.92
34900, 4331, 3042.98, 755.21, 3210.20, 1001.51, 0, 0.43
34900, 3776, 4.60, 926.02, 155.80, 1092.82, 0, 0.47
34900, 4376, 2181.80, 872.21, 2332.80, 1143.04, 0, 0.95
34900, 4413, 2394.39, 785.15, 2530.09, 1053.54, 0, 0.92
34900, 4444, 3286.28, 756.56, 3405.50, 983.27, 0, 0.95
34925, 4331, 3043.25, 755.59, 3209.68, 1003.32, 0, 0.92
34925, 4376, 2183.20, 872.13, 2333.81, 1143.22, 0, 0.94
34925, 4413, 2395.06, 786.15, 2529.75, 1054.77, 0, 0.91
34925, 4444, 3289.01, 750.38, 3406.26, 978.28, 0, 0.96
34925, 4448, 2732.57, 713.13, 2842.58, 885.10, 0, 0.42
34950, 4331, 3043.35, 756.43, 3208.78, 1004.67, 0, 0.93
34950, 4376, 2183.91, 871.15, 2334.33, 1143.21, 0, 0.94
34950, 4413, 2395.09, 785.58, 2529.42, 1054.60, 0, 0.91
34950, 4444, 3290.74, 753.09, 3409.18, 980.67, 0, 0.94
34950, 3776, 3.59, 924.58, 156.47, 1093.48, 0, 0.53
34975, 4331, 3046.59, 747.11, 3208.39, 1001.26, 0, 0.67
34975, 4376, 2180.24, 864.17, 2329.47, 1138.06, 0, 0.94
34975, 4413, 2396.95, 782.81, 2532.70, 1053.21, 0, 0.93
34975, 4444, 3279.73, 731.40, 3389.49, 948.01, 0, 0.84
34975, 3776, 4.22, 926.00, 155.75, 1093.61, 0, 0.49
35000, 4331, 3065.40, 702.02, 3186.96, 920.55, 0, 0.85
35000, 4413, 2377.32, 736.30, 2501.07, 985.48, 0, 0.89
35000, 3776, 3.49, 926.94, 156.03, 1092.68, 0, 0.50
35025, 3776, 4.36, 926.21, 155.65, 1092.75, 0, 0.50
35025, 4464, 3110.66, 556.22, 3223.12, 738.73, 0, 0.86
35050, 3776, 4.46, 927.03, 155.61, 1092.09, 0, 0.46
35075, 3776, 4.00, 927.00, 155.43, 1094.14, 0, 0.42
35100, 3776, 5.18, 927.45, 156.46, 1093.63, 0, 0.52
35100, 4493, 886.22, 370.81, 962.52, 494.93, 0, 0.82
35100, 4497, 3695.16, 1044.09, 4020.38, 1358.02, 0, 0.47
35125, 3776, 5.06, 926.22, 155.38, 1093.54, 0, 0.54
35125, 4497, 3581.35, 1036.23, 3885.02, 1346.27, 0, 0.95
35125, 4509, 773.31, 461.80, 877.02, 641.44, 0, 0.76
35125, 4377, 3114.41, 425.94, 3185.99, 556.56, 0, 0.76
35150, 3776, 3.43, 927.80, 156.46, 1095.69, 0, 0.55
35150, 4513, 940.95, 489.72, 1029.05, 647.56, 0, 0.56
35175, 3776, 3.36, 927.21, 156.02, 1094.92, 0, 0.51
35175, 4513, 937.23, 540.83, 1032.87, 713.79, 0, 0.80
35175, 4464, 3050.86, 516.02, 3217.72, 690.20, 0, 0.82
35200, 3776, 3.27, 927.65, 158.08, 1095.53, 0, 0.52
35200, 4532, 3946.25, 588.49, 4090.57, 778.54, 0, 0.58
35225, 3776, 4.04, 926.08, 156.51, 1095.03, 0, 0.53
35250, 3776, 3.71, 926.41, 156.52, 1094.17, 0, 0.55
35250, 4493, 922.27, 371.73, 990.53, 497.26, 0, 0.65
35275, 3776, 4.02, 927.32, 156.53, 1094.51, 0, 0.53
35300, 3776, 3.32, 926.99, 156.72, 1094.35, 0, 0.53
35325, 3776, 3.22, 926.39, 156.35, 1095.22, 0, 0.53
35325, 4560, 1364.41, 320.57, 1431.23, 438.46, 0, 0.60
35350, 3776, 3.66, 926.83, 156.69, 1094.65, 0, 0.50
35350, 4564, 766.44, 682.67, 846.20, 836.29, 0, 0.34
35375, 3776, 3.95, 928.60, 156.18, 1094.57, 0, 0.50
35400, 3776, 3.80, 927.34, 155.93, 1093.76, 0, 0.51
35425, 3776, 4.08, 927.77, 156.07, 1095.86, 0, 0.55
35450, 3776, 3.64, 927.94, 155.72, 1096.01, 0, 0.53
35475, 3776, 4.91, 927.41, 155.07, 1095.91, 0, 0.52
35500, 3776, 4.04, 927.00, 155.58, 1095.76, 0, 0.54
35525, 3776, 4.26, 926.95, 156.28, 1095.00, 0, 0.54
35550, 3776, 4.20, 926.71, 156.08, 1094.36, 0, 0.55
35550, 4376, 2099.40, 830.15, 2237.75, 1116.87, 0, 0.89
35575, 3776, 4.60, 926.63, 155.78, 1092.81, 0, 0.50
35600, 3776, 3.91, 926.57, 155.24, 1093.60, 0, 0.52
35625, 3776, 4.02, 926.67, 155.93, 1094.22, 0, 0.53
35625, 4592, 3444.02, 931.45, 3594.00, 1187.14, 0, 0.94
35650, 3776, 3.49, 926.57, 156.55, 1095.04, 0, 0.56
35675, 3776, 4.26, 925.94, 156.25, 1094.89, 0, 0.56
35675, 4596, 3236.08, 969.41, 3452.49, 1203.90, 0, 0.82
35675, 4597, 258.61, 524.11, 349.36, 669.73, 0, 0.45
35700, 3776, 3.73, 926.47, 156.10, 1094.09, 0, 0.58
35700, 4596, 3226.49, 957.08, 3445.20, 1204.29, 0, 0.86
35700, 4597, 259.04, 522.33, 350.11, 669.11, 0, 0.64
35700, 4599, 797.35, 707.97, 877.17, 864.44, 0, 0.36
35725, 3776, 3.26, 926.84, 156.77, 1094.67, 0, 0.61
35725, 4596, 3229.56, 958.27, 3443.57, 1205.19, 0, 0.91
35725, 4597, 258.60, 520.84, 349.98, 667.77, 0, 0.64
35725, 4599, 800.02, 708.59, 877.32, 865.19, 0, 0.34
35750, 3776, 4.12, 927.49, 156.38, 1093.85, 0, 0.54
35750, 4596, 3199.69, 980.40, 3422.66, 1203.19, 0, 0.88
35750, 4597, 258.73, 521.07, 349.69, 668.18, 0, 0.52
35775, 3776, 3.23, 926.68, 157.00, 1094.34, 0, 0.58
35775, 4596, 3189.93, 974.67, 3415.72, 1201.82, 0, 0.89
35775, 4597, 256.97, 520.07, 349.46, 673.56, 0, 0.59
35775, 4599, 799.93, 705.23, 879.27, 867.04, 0, 0.38
35800, 3776, 4.15, 926.63, 156.68, 1093.82, 0, 0.53
35800, 4596, 3134.31, 950.70, 3366.38, 1202.32, 0, 0.91
35825, 3776, 4.12, 926.01, 156.60, 1095.11, 0, 0.52
35850, 3776, 4.78, 927.36, 156.66, 1095.25, 0, 0.53
35875, 3776, 4.36, 926.36, 156.35, 1094.71, 0, 0.54
35900, 3776, 3.53, 925.60, 156.84, 1095.14, 0, 0.54
35900, 4622, 953.46, 923.50, 1099.84, 1251.17, 0, 0.94
35900, 4596, 3130.58, 1002.97, 3317.66, 1289.95, 3, 0.87
35925, 3776, 2.48, 925.05, 156.68, 1096.28, 0, 0.56
35925, 4592, 3435.36, 928.63, 3582.96, 1189.90, 0, 0.80
35950, 3776, 3.69, 925.27, 155.26, 1091.90, 0, 0.46
35950, 4634, 1787.24, 593.48, 1947.49, 780.11, 0, 0.90
35950, 4592, 3449.02, 906.95, 3595.73, 1178.57, 0, 0.77
35950, 4599, 770.91, 708.13, 903.18, 962.95, 0, 0.93
35975, 3776, 3.29, 925.85, 156.78, 1094.92, 0, 0.55
35975, 4634, 1766.89, 560.32, 1933.47, 737.91, 0, 0.70
35975, 4592, 3446.25, 911.03, 3589.90, 1171.76, 3, 0.35
35975, 4641, 2699.66, 682.08, 2890.05, 907.53, 0, 0.96
35975, 4649, 2139.39, 639.29, 2335.68, 843.13, 0, 0.74
36000, 3776, 2.79, 926.05, 157.08, 1095.43, 0, 0.57
36000, 4592, 3456.79, 896.83, 3602.29, 1174.24, 0, 0.59
36000, 4659, 1830.78, 614.72, 2025.32, 819.97, 0, 0.87
36000, 4376, 2093.44, 848.45, 2240.41, 1136.12, 1, 0.96
36025, 3776, 1.97, 925.89, 157.09, 1095.53, 0, 0.53
36025, 4592, 3455.84, 899.17, 3601.10, 1174.08, 0, 0.88
36025, 4664, 3764.80, 762.64, 3943.18, 1003.77, 0, 0.68
36025, 4376, 2095.23, 850.08, 2239.28, 1135.13, 1, 0.96
36025, 4641, 2783.44, 675.22, 2991.76, 897.55, 0, 0.94
36050, 3776, 3.16, 924.82, 157.46, 1094.51, 0, 0.53
36050, 4592, 3459.19, 891.54, 3606.49, 1173.43, 0, 0.65
36050, 4664, 3812.29, 789.29, 4028.80, 1030.78, 0, 0.88
36050, 4376, 2094.47, 851.05, 2239.34, 1135.38, 1, 0.97
36050, 4634, 1749.88, 545.72, 1924.88, 739.65, 0, 0.76
36075, 3776, 3.41, 926.71, 157.57, 1095.62, 0, 0.55
36075, 4592, 3455.23, 890.60, 3604.65, 1173.48, 0, 0.78
36075, 4376, 2096.12, 850.63, 2239.16, 1135.08, 1, 0.97
36075, 4564, 724.30, 597.59, 854.77, 791.44, 0, 0.80
36075, 4641, 2962.11, 658.41, 3168.46, 875.75, 0, 0.93
36100, 3776, 3.27, 926.39, 157.53, 1094.65, 0, 0.58
36100, 4592, 3460.41, 887.89, 3607.58, 1175.25, 0, 0.52
36100, 4376, 2097.84, 850.40, 2239.29, 1133.31, 1, 0.96
36125, 3776, 3.65, 926.04, 157.13, 1094.78, 0, 0.53
36125, 4592, 3460.41, 887.03, 3607.36, 1172.99, 0, 0.81
36125, 4376, 2097.79, 845.72, 2238.55, 1133.36, 1, 0.85
36150, 3776, 3.33, 925.31, 156.97, 1094.51, 0, 0.56
36150, 4592, 3455.49, 892.80, 3604.53, 1172.28, 0, 0.84
36150, 4376, 2096.44, 847.71, 2240.11, 1133.93, 1, 0.97
36175, 3776, 2.57, 926.77, 157.29, 1094.07, 0, 0.57
36175, 4592, 3455.63, 905.43, 3599.08, 1170.69, 0, 0.52
36175, 4376, 2095.80, 848.72, 2241.30, 1135.08, 1, 0.97
36175, 4688, 2452.43, 822.72, 2591.21, 1094.87, 0, 0.89
36200, 3776, 2.89, 926.93, 157.56, 1094.29, 0, 0.52
36200, 4592, 3461.54, 894.58, 3600.85, 1173.77, 0, 0.63
36200, 4376, 2094.69, 849.56, 2240.56, 1135.81, 1, 0.97
36200, 4688, 2452.23, 823.26, 2588.00, 1093.19, 0, 0.88
36200, 4634, 1656.79, 513.93, 1811.33, 694.33, 0, 0.92
36225, 4592, 3460.76, 892.23, 3604.77, 1172.81, 0, 0.54
36225, 4376, 2095.58, 850.53, 2241.27, 1135.08, 1, 0.97
36225, 4688, 2451.84, 824.32, 2590.27, 1094.61, 0, 0.89
36250, 4592, 3461.36, 892.18, 3606.92, 1173.11, 0, 0.47
36250, 4376, 2095.46, 851.59, 2239.93, 1134.49, 1, 0.97
36250, 4688, 2451.98, 823.76, 2588.69, 1094.14, 0, 0.90
36275, 4592, 3458.44, 894.80, 3605.86, 1173.19, 0, 0.81
36275, 4376, 2095.24, 852.65, 2239.84, 1134.65, 1, 0.98
36275, 4688, 2453.45, 824.51, 2591.61, 1092.79, 0, 0.88
36300, 4592, 3457.53, 895.08, 3605.36, 1173.70, 0, 0.87
36300, 4376, 2096.18, 850.95, 2240.65, 1134.23, 1, 0.98
36300, 4688, 2453.84, 822.03, 2591.79, 1093.29, 0, 0.91
36325, 4592, 3455.96, 895.16, 3604.75, 1172.25, 0, 0.85
36325, 4376, 2096.18, 850.71, 2239.96, 1134.90, 1, 0.98
36325, 4688, 2456.40, 822.59, 2591.87, 1093.43, 0, 0.92
36325, 3776, 5.76, 923.82, 156.51, 1192.73, 0, 0.81
36350, 4592, 3455.69, 894.58, 3604.69, 1173.11, 0, 0.85
36350, 4376, 2095.50, 849.47, 2239.82, 1134.16, 1, 0.97
36350, 4688, 2455.62, 823.00, 2591.01, 1094.30, 0, 0.92
36350, 3776, 17.27, 918.15, 162.81, 1212.17, 0, 0.65
36375, 4592, 3455.92, 895.01, 3604.74, 1172.42, 0, 0.41
36375, 4376, 2096.46, 850.26, 2239.98, 1133.03, 1, 0.97
36375, 4688, 2456.82, 823.13, 2590.36, 1093.55, 0, 0.92
36375, 3776, 11.86, 906.00, 160.33, 1209.96, 0, 0.74
36400, 4592, 3459.66, 891.67, 3608.30, 1175.50, 0, 0.62
36400, 4376, 2096.49, 849.86, 2239.67, 1134.29, 1, 0.98
36400, 4688, 2454.61, 823.21, 2590.07, 1092.37, 0, 0.91
36425, 4592, 3454.10, 904.18, 3605.12, 1173.08, 0, 0.93
36425, 4376, 2096.59, 851.26, 2239.40, 1134.57, 1, 0.97
36425, 4688, 2454.15, 823.73, 2589.90, 1092.86, 0, 0.91
36425, 4634, 1489.08, 444.44, 1633.06, 607.57, 0, 0.81
36450, 4592, 3454.78, 898.62, 3606.18, 1173.87, 0, 0.58
36450, 4376, 2097.04, 851.38, 2238.11, 1133.32, 1, 0.98
36450, 4688, 2456.61, 825.32, 2589.82, 1090.28, 0, 0.90
36475, 4592, 3456.12, 896.62, 3605.94, 1174.30, 0, 0.66
36475, 4376, 2096.95, 851.72, 2238.83, 1134.33, 1, 0.98
36475, 4688, 2456.83, 824.64, 2588.79, 1087.59, 0, 0.87
36475, 4708, 3113.20, 610.42, 3298.53, 805.03, 0, 0.82
36475, 4713, 3463.10, 892.31, 3608.28, 1178.50, 0, 0.37
36500, 4592, 3450.86, 908.58, 3602.83, 1172.12, 0, 0.44
36500, 4376, 2096.25, 850.30, 2240.00, 1134.80, 1, 0.97
36500, 4688, 2453.89, 823.82, 2589.96, 1091.59, 0, 0.91
36500, 4713, 3449.39, 913.94, 3599.08, 1174.35, 0, 0.43
36500, 4717, 1387.61, 673.36, 1517.42, 920.62, 3, 0.73
36525, 4592, 3451.81, 900.35, 3604.11, 1172.87, 0, 0.91
36525, 4376, 2090.38, 848.40, 2240.11, 1135.10, 1, 0.97
36525, 4688, 2454.79, 824.02, 2590.16, 1093.08, 0, 0.89
36525, 4717, 1394.05, 672.97, 1519.68, 915.26, 3, 0.96
36550, 4592, 3453.76, 897.73, 3604.82, 1172.38, 0, 0.51
36550, 4376, 2088.70, 850.66, 2235.45, 1136.38, 1, 0.97
36550, 4688, 2454.69, 824.81, 2589.98, 1093.84, 0, 0.88
36550, 4717, 1397.80, 671.87, 1524.90, 917.15, 3, 0.73
36550, 4649, 2206.19, 601.81, 2381.18, 808.36, 0, 0.82
36550, 4713, 3458.67, 896.42, 3606.23, 1175.96, 0, 0.39
36575, 4592, 3455.62, 896.74, 3605.08, 1173.64, 0, 0.85
36575, 4376, 2087.66, 851.95, 2231.94, 1134.46, 1, 0.97
36575, 4688, 2457.87, 825.17, 2590.37, 1093.20, 0, 0.93
36575, 4717, 1399.48, 671.61, 1524.54, 918.63, 3, 0.90
36575, 4659, 1887.09, 532.20, 2032.78, 707.62, 0, 0.95
36600, 4592, 3459.73, 893.58, 3602.72, 1173.91, 0, 0.49
36600, 4376, 2087.75, 853.44, 2231.63, 1134.94, 1, 0.94
36600, 4688, 2458.73, 824.76, 2591.86, 1090.27, 0, 0.94
36600, 4717, 1397.99, 671.03, 1523.25, 918.06, 3, 0.69
36625, 4592, 3461.90, 893.02, 3605.68, 1174.19, 0, 0.59
36625, 4376, 2084.44, 853.97, 2232.85, 1135.25, 1, 0.97
36625, 4688, 2459.17, 824.83, 2590.45, 1093.77, 0, 0.95
36625, 4717, 1398.66, 670.62, 1524.09, 916.55, 3, 0.76
36625, 4739, 3454.55, 900.85, 3608.05, 1177.58, 3, 0.40
36650, 4592, 3461.59, 892.59, 3606.45, 1173.16, 0, 0.70
36650, 4376, 2089.61, 850.91, 2238.46, 1133.93, 1, 0.96
36650, 4688, 2457.45, 824.94, 2589.99, 1094.10, 0, 0.94
36650, 4717, 1398.52, 670.87, 1523.37, 916.65, 3, 0.71
36650, 4747, 2309.48, 906.69, 2446.66, 1130.89, 0, 0.60
36650, 4596, 2818.95, 1250.52, 3019.64, 1624.82, 0, 0.92
36675, 4592, 3460.99, 891.39, 3607.87, 1175.22, 0, 0.54
36675, 4376, 2089.93, 849.34, 2233.84, 1132.49, 1, 0.96
36675, 4688, 2458.36, 825.88, 2589.91, 1095.05, 0, 0.95
36675, 4717, 1397.51, 671.55, 1523.55, 915.87, 3, 0.77
36675, 4747, 2311.60, 896.17, 2442.93, 1123.52, 0, 0.55
36675, 4753, 2708.50, 890.95, 2869.40, 1172.82, 0, 0.95
36675, 4596, 2832.04, 1163.03, 3012.21, 1502.46, 0, 0.93
36700, 4592, 3461.35, 891.80, 3607.31, 1174.48, 0, 0.53
36700, 4376, 2089.73, 849.08, 2232.89, 1131.33, 1, 0.94
36700, 4688, 2458.65, 825.02, 2589.56, 1096.34, 0, 0.96
36700, 4717, 1396.80, 671.55, 1523.15, 916.40, 3, 0.87
36700, 4747, 2311.64, 891.34, 2439.44, 1118.15, 0, 0.65
36700, 4753, 2711.88, 868.84, 2870.98, 1105.45, 0, 0.85
36725, 4592, 3461.50, 890.89, 3607.55, 1174.91, 0, 0.76
36725, 4376, 2090.49, 848.54, 2236.13, 1132.81, 1, 0.96
36725, 4688, 2460.68, 825.46, 2593.50, 1095.65, 0, 0.96
36725, 4717, 1396.44, 671.18, 1522.98, 917.20, 3, 0.82
36725, 4747, 2310.37, 890.70, 2440.32, 1120.31, 0, 0.48
36725, 4753, 2720.74, 869.98, 2874.28, 1131.82, 0, 0.93
36750, 4592, 3462.29, 891.29, 3607.90, 1174.87, 0, 0.48
36750, 4376, 2091.00, 848.13, 2235.47, 1133.01, 1, 0.96
36750, 4688, 2459.19, 824.77, 2593.84, 1095.63, 0, 0.96
36750, 4717, 1397.43, 669.74, 1523.56, 915.19, 3, 0.85
36750, 4747, 2309.78, 890.40, 2440.70, 1120.30, 0, 0.40
36750, 4753, 2719.41, 870.79, 2878.24, 1137.17, 0, 0.91
36750, 4763, 2593.04, 945.83, 2757.32, 1225.19, 0, 0.80
36750, 4764, 2309.61, 891.75, 2441.34, 1121.41, 1, 0.40
36775, 4592, 3457.72, 893.83, 3605.61, 1173.26, 0, 0.50
36775, 4376, 2091.94, 847.66, 2235.01, 1132.32, 1, 0.94
36775, 4688, 2459.66, 825.05, 2592.59, 1094.62, 0, 0.95
36775, 4717, 1396.81, 669.81, 1522.52, 915.54, 3, 0.81
36775, 4747, 2310.75, 892.13, 2440.42, 1119.23, 0, 0.35
36775, 4753, 2720.73, 878.84, 2870.52, 1139.23, 0, 0.86
36775, 4763, 2593.16, 947.13, 2760.04, 1228.45, 0, 0.87
36775, 4764, 2310.85, 893.49, 2440.85, 1119.94, 1, 0.36
36775, 4765, 3460.31, 894.20, 3607.27, 1175.73, 0, 0.36
36800, 4376, 2090.30, 846.14, 2235.11, 1132.36, 1, 0.96
36800, 4688, 2457.97, 825.32, 2591.34, 1095.34, 0, 0.96
36800, 4717, 1397.02, 670.13, 1523.01, 915.61, 3, 0.83
36800, 4747, 2311.93, 891.43, 2442.85, 1118.76, 1, 0.30
36800, 4753, 2719.59, 878.94, 2862.87, 1142.69, 0, 0.89
36800, 4763, 2594.42, 949.04, 2761.11, 1229.97, 0, 0.85
36800, 4764, 2312.21, 892.43, 2443.47, 1119.23, 0, 0.42
36825, 4376, 2089.67, 846.47, 2232.79, 1132.63, 1, 0.94
36825, 4688, 2458.42, 824.44, 2591.29, 1094.62, 0, 0.95
36825, 4717, 1397.30, 669.10, 1522.62, 915.19, 3, 0.93
36825, 4747, 2311.49, 893.06, 2441.98, 1117.59, 0, 0.58
36825, 4753, 2719.39, 874.01, 2874.15, 1142.46, 0, 0.90
36825, 4763, 2592.91, 949.55, 2760.77, 1227.99, 0, 0.85
36825, 4592, 3462.07, 892.08, 3608.21, 1175.11, 0, 0.63
36850, 4376, 2089.51, 845.59, 2233.09, 1132.32, 1, 0.92
36850, 4688, 2457.61, 824.87, 2592.11, 1091.63, 0, 0.97
36850, 4717, 1397.22, 669.75, 1522.87, 914.24, 3, 0.89
36850, 4747, 2311.93, 893.85, 2438.70, 1116.84, 0, 0.50
36850, 4753, 2715.97, 872.77, 2872.57, 1141.83, 0, 0.90
36850, 4763, 2594.22, 950.31, 2760.70, 1226.47, 0, 0.84
36850, 4592, 3462.46, 892.29, 3608.11, 1176.38, 0, 0.59
36875, 4376, 2089.46, 846.69, 2233.83, 1132.72, 1, 0.95
36875, 4688, 2458.83, 825.22, 2591.41, 1088.76, 0, 0.97
36875, 4717, 1396.33, 670.46, 1522.72, 917.36, 3, 0.92
36875, 4747, 2312.43, 896.22, 2441.02, 1123.51, 0, 0.36
36875, 4763, 2595.90, 949.75, 2762.38, 1228.55, 0, 0.74
36875, 4592, 3462.56, 890.62, 3609.40, 1176.78, 0, 0.48
36875, 4564, 785.93, 542.75, 872.79, 710.87, 0, 0.75
36900, 4376, 2089.65, 846.12, 2231.91, 1131.40, 1, 0.90
36900, 4688, 2459.22, 824.10, 2591.68, 1090.23, 0, 0.96
36900, 4717, 1397.14, 671.64, 1522.83, 916.71, 3, 0.91
36900, 4747, 2312.29, 895.59, 2440.66, 1130.96, 0, 0.55
36900, 4763, 2594.19, 951.01, 2759.26, 1228.76, 0, 0.83
36900, 4592, 3458.45, 893.71, 3606.59, 1174.63, 0, 0.76
36900, 4753, 2718.05, 881.90, 2870.51, 1141.09, 0, 0.67
36925, 4376, 2089.61, 845.61, 2231.98, 1131.51, 1, 0.94
36925, 4688, 2461.09, 825.97, 2593.77, 1091.05, 0, 0.96
36925, 4717, 1397.98, 672.14, 1521.19, 918.53, 3, 0.89
36925, 4747, 2318.87, 897.12, 2443.24, 1129.05, 0, 0.59
36925, 4763, 2594.56, 949.08, 2760.12, 1229.33, 0, 0.83
36925, 4592, 3461.35, 891.36, 3606.99, 1174.92, 0, 0.79
36925, 4753, 2716.95, 882.97, 2872.93, 1143.07, 0, 0.67
36950, 4376, 2090.10, 847.64, 2232.36, 1132.24, 1, 0.95
36950, 4688, 2463.44, 827.05, 2594.27, 1089.81, 0, 0.97
36950, 4717, 1395.89, 671.62, 1521.00, 915.54, 3, 0.88
36950, 4747, 2320.18, 898.61, 2444.35, 1128.99, 0, 0.35
36950, 4763, 2594.47, 948.73, 2761.12, 1229.38, 0, 0.78
36950, 4592, 3462.60, 892.08, 3607.37, 1174.51, 0, 0.71
36950, 4753, 2717.63, 884.15, 2873.28, 1144.53, 0, 0.63
36975, 4376, 2088.75, 847.98, 2232.73, 1133.01, 1, 0.92
36975, 4688, 2464.05, 827.20, 2594.35, 1087.56, 0, 0.97
36975, 4717, 1398.13, 672.92, 1519.10, 915.11, 3, 0.91
36975, 4747, 2319.98, 898.49, 2446.35, 1128.12, 0, 0.58
36975, 4763, 2594.86, 946.35, 2760.59, 1230.96, 0, 0.81
36975, 4592, 3462.27, 892.34, 3607.03, 1173.65, 0, 0.62
36975, 4753, 2715.22, 877.61, 2872.66, 1144.67, 0, 0.89
37000, 4376, 2089.61, 847.07, 2234.01, 1132.09, 1, 0.87
37000, 4688, 2462.07, 827.65, 2594.32, 1088.06, 0, 0.96
37000, 4717, 1399.89, 672.29, 1522.17, 914.85, 3, 0.74
37000, 4747, 2317.47, 899.21, 2444.69, 1130.72, 0, 0.59
37000, 4763, 2593.79, 948.62, 2760.04, 1227.57, 0, 0.74
37000, 4592, 3462.08, 893.22, 3607.08, 1174.03, 0, 0.49
37000, 4753, 2715.18, 872.58, 2871.69, 1141.39, 0, 0.89
37025, 4376, 2090.68, 848.28, 2233.95, 1131.44, 1, 0.92
37025, 4688, 2462.47, 828.16, 2593.74, 1089.26, 0, 0.97
37025, 4717, 1399.60, 670.86, 1522.17, 915.35, 3, 0.71
37025, 4747, 2314.73, 899.26, 2444.78, 1128.91, 0, 0.57
37025, 4763, 2596.73, 952.38, 2757.95, 1226.65, 0, 0.83
37025, 4592, 3462.47, 893.97, 3606.94, 1174.24, 0, 0.50
37025, 4753, 2718.29, 871.17, 2869.28, 1139.57, 0, 0.93
37050, 4376, 2091.11, 849.30, 2233.47, 1131.23, 1, 0.91
37050, 4688, 2451.31, 803.28, 2581.98, 1065.14, 0, 0.94
37050, 4717, 1399.27, 671.04, 1524.00, 916.35, 3, 0.77
37050, 4747, 2312.13, 899.49, 2437.83, 1127.33, 0, 0.62
37050, 4763, 2597.51, 950.39, 2760.37, 1228.38, 0, 0.83
37050, 4592, 3473.09, 891.85, 3609.07, 1126.86, 0, 0.48
37050, 4753, 2717.13, 869.27, 2870.70, 1140.34, 0, 0.90
37075, 4376, 2092.43, 850.55, 2232.95, 1128.56, 1, 0.93
37075, 4717, 1399.43, 671.53, 1524.74, 917.16, 3, 0.82
37075, 4747, 2311.31, 866.94, 2430.32, 1088.40, 1, 0.39
37075, 4763, 2594.68, 946.37, 2760.03, 1230.20, 0, 0.82
37075, 4592, 3465.96, 892.68, 3608.94, 1159.47, 0, 0.46
37075, 4753, 2717.61, 869.75, 2871.21, 1140.17, 0, 0.91
37100, 4376, 2089.08, 852.07, 2228.75, 1132.08, 1, 0.94
37100, 4717, 1399.09, 672.40, 1525.58, 916.89, 3, 0.92
37100, 4763, 2566.76, 927.77, 2728.44, 1205.79, 0, 0.83
37100, 4592, 3464.25, 893.27, 3607.96, 1169.69, 0, 0.51
37100, 4753, 2719.75, 868.40, 2872.51, 1146.89, 0, 0.90
37125, 4717, 1397.97, 672.46, 1523.14, 916.36, 3, 0.84
37125, 4592, 3463.52, 892.53, 3607.63, 1174.24, 0, 0.69
37125, 4753, 2689.17, 818.68, 2840.93, 1079.98, 0, 0.95
37125, 4649, 2326.72, 522.08, 2412.08, 688.03, 0, 0.88
37125, 4688, 2469.21, 794.22, 2604.79, 1045.94, 0, 0.82
37150, 4592, 3469.07, 872.51, 3604.44, 1147.36, 0, 0.92
37175, 4816, 2679.05, 316.92, 2731.57, 421.31, 0, 0.56
37175, 4659, 1943.36, 450.02, 2019.78, 599.96, 0, 0.92
37175, 4649, 2337.99, 518.87, 2434.30, 683.05, 0, 0.86
37200, 4821, 1034.97, 373.40, 1100.49, 492.97, 0, 0.87
37200, 4649, 2368.62, 491.08, 2470.15, 658.02, 0, 0.85
37225, 4821, 1026.17, 359.97, 1093.66, 477.20, 0, 0.79
37475, 4596, 2618.92, 1191.36, 2794.51, 1535.18, 0, 0.98
37525, 4893, 3432.47, 1057.00, 3670.04, 1307.20, 0, 0.86
37550, 4893, 3443.99, 1065.79, 3660.75, 1304.75, 0, 0.84
37575, 4893, 3436.57, 1063.33, 3656.59, 1299.34, 0, 0.88
37575, 4649, 2532.80, 399.06, 2654.29, 536.58, 0, 0.71
37600, 4893, 3428.65, 1057.37, 3656.85, 1299.97, 0, 0.83
37625, 4893, 3427.68, 1057.50, 3656.15, 1297.69, 0, 0.88
37650, 4893, 3432.95, 1056.41, 3657.45, 1297.06, 0, 0.68
37650, 4592, 3463.34, 940.62, 3777.77, 1201.84, 3, 0.94
37675, 4908, 2523.65, 403.71, 2659.38, 537.94, 0, 0.37
37700, 4908, 2524.87, 408.73, 2647.20, 531.64, 0, 0.53
37700, 4910, 4.54, 927.87, 155.46, 1097.21, 0, 0.61
37700, 4592, 3392.89, 942.54, 3705.14, 1220.62, 3, 0.86
37725, 4908, 2523.62, 409.99, 2642.62, 532.23, 0, 0.29
37725, 4910, 3.71, 929.29, 156.71, 1095.64, 0, 0.62
37725, 4592, 3369.31, 941.82, 3680.20, 1224.90, 3, 0.93
37725, 4763, 2538.26, 800.90, 2694.49, 1074.07, 0, 0.88
37750, 4908, 2521.24, 400.76, 2666.97, 535.21, 0, 0.52
37750, 4910, 3.58, 929.51, 157.71, 1094.81, 0, 0.65
37750, 4592, 3360.84, 944.09, 3669.30, 1224.50, 3, 0.96
37775, 4908, 2482.58, 405.93, 2614.82, 537.24, 0, 0.77
37775, 4910, 3.09, 928.58, 157.58, 1094.22, 0, 0.57
37775, 4592, 3356.54, 941.62, 3664.59, 1225.74, 3, 0.87
37800, 4910, 3.44, 928.91, 157.40, 1094.78, 0, 0.60
37800, 4592, 3356.09, 941.61, 3663.30, 1227.64, 3, 0.93
37825, 4910, 2.90, 928.77, 156.47, 1093.73, 0, 0.63
37825, 4592, 3354.41, 941.42, 3658.57, 1220.62, 3, 0.90
37850, 4910, 3.26, 928.08, 156.66, 1093.03, 0, 0.61
37850, 4592, 3352.45, 939.84, 3658.76, 1220.09, 3, 0.83
37875, 4910, 2.96, 912.78, 154.80, 1094.68, 0, 0.48
37875, 4592, 3352.94, 942.33, 3660.45, 1220.32, 3, 0.92
37900, 4910, 3.23, 921.64, 155.62, 1094.25, 0, 0.57
37900, 4592, 3354.91, 944.35, 3661.43, 1222.08, 3, 0.95
37900, 4753, 2579.63, 704.45, 2844.70, 924.43, 0, 0.89
37925, 4910, 3.08, 925.51, 156.44, 1095.19, 0, 0.62
37925, 4592, 3354.25, 945.00, 3660.40, 1222.49, 3, 0.94
37925, 4753, 2578.45, 705.69, 2844.97, 924.42, 0, 0.87
37950, 4910, 3.27, 927.33, 157.01, 1094.61, 0, 0.61
37950, 4592, 3228.14, 931.59, 3543.66, 1212.79, 3, 0.95
37975, 4910, 3.57, 928.59, 157.40, 1094.84, 0, 0.63
38000, 4910, 3.50, 928.55, 157.73, 1094.76, 0, 0.63
38025, 4910, 3.58, 928.67, 157.71, 1094.83, 0, 0.56
38050, 4910, 2.51, 927.59, 158.01, 1095.03, 0, 0.62
38075, 4910, 2.99, 928.10, 157.48, 1095.09, 0, 0.63
38075, 4753, 2628.58, 716.70, 2854.19, 949.41, 0, 0.93
38100, 4910, 3.14, 928.24, 157.98, 1095.16, 0, 0.59
38125, 4910, 3.30, 928.83, 157.98, 1095.65, 0, 0.63
38150, 4910, 4.44, 929.21, 155.03, 1093.77, 0, 0.58
38175, 4910, 2.74, 930.20, 156.49, 1094.34, 0, 0.61
38200, 4910, 2.81, 929.65, 157.30, 1095.56, 0, 0.60
38225, 4910, 3.53, 930.50, 157.67, 1095.07, 0, 0.59
38250, 4910, 3.57, 930.35, 157.20, 1095.54, 0, 0.59
38275, 4910, 3.28, 929.15, 157.36, 1095.58, 0, 0.59
38300, 4910, 3.38, 929.24, 157.25, 1093.98, 0, 0.61
38325, 4910, 3.80, 930.10, 157.59, 1094.40, 0, 0.56
38350, 4910, 3.83, 930.65, 157.85, 1095.84, 0, 0.61
38375, 4910, 3.11, 929.22, 156.86, 1095.28, 0, 0.58
38400, 4910, 3.54, 928.52, 157.62, 1094.81, 0, 0.60
38425, 4910, 3.03, 929.69, 157.70, 1095.29, 0, 0.58
38450, 4910, 3.10, 930.10, 157.81, 1095.83, 0, 0.59
38475, 4910, 4.06, 929.58, 157.25, 1095.16, 0, 0.55
38500, 4910, 3.50, 929.10, 157.68, 1094.75, 0, 0.58
38525, 4910, 2.88, 929.39, 157.01, 1095.06, 0, 0.58
38550, 4910, 3.04, 928.85, 157.31, 1094.83, 0, 0.59
38575, 4910, 3.84, 929.33, 157.32, 1094.52, 0, 0.59
38600, 4910, 3.62, 929.24, 156.45, 1095.40, 0, 0.63
38625, 4910, 2.15, 929.37, 156.70, 1095.37, 0, 0.54
38650, 4910, 2.08, 928.53, 156.73, 1095.26, 0, 0.56
38675, 4910, 2.94, 929.13, 157.19, 1095.96, 0, 0.55
38700, 4910, 2.94, 929.64, 156.80, 1095.60, 0, 0.52
38725, 4910, 3.53, 929.52, 156.49, 1094.73, 0, 0.54
38750, 4910, 2.73, 911.73, 155.10, 1095.09, 0, 0.41
38775, 4910, 4.51, 921.87, 156.06, 1092.97, 0, 0.55
38800, 4910, 3.70, 927.30, 156.68, 1094.60, 0, 0.52
38825, 4910, 3.99, 928.55, 156.57, 1093.95, 0, 0.63
38850, 4910, 3.82, 930.50, 156.57, 1094.63, 0, 0.54
38875, 4910, 4.43, 929.43, 155.78, 1093.80, 0, 0.54
38900, 4910, 4.32, 930.25, 156.23, 1095.02, 0, 0.52
38925, 4910, 4.21, 929.93, 156.40, 1094.30, 0, 0.53
38975, 4910, 3.72, 929.26, 155.79, 1093.31, 0, 0.46
39000, 5022, 3257.71, 393.86, 3363.68, 519.80, 0, 0.43
39000, 4910, 3.56, 929.52, 156.04, 1092.33, 0, 0.52
39025, 4910, 2.97, 931.12, 156.52, 1093.10, 0, 0.51
39025, 5023, 2742.99, 420.70, 2836.41, 563.29, 0, 0.78
39050, 4910, 3.43, 929.51, 156.16, 1093.84, 0, 0.48
39050, 5023, 2737.62, 418.70, 2833.00, 556.42, 0, 0.55
39075, 4910, 3.06, 929.63, 156.39, 1093.89, 0, 0.52
39075, 5022, 3228.88, 396.50, 3365.90, 523.51, 0, 0.46
39100, 4910, 3.94, 929.28, 156.79, 1093.51, 0, 0.52
39100, 5022, 3227.50, 397.33, 3371.75, 523.20, 0, 0.38
39125, 4910, 3.58, 929.46, 156.33, 1093.58, 0, 0.51
39125, 5023, 2734.70, 423.53, 2832.02, 561.05, 0, 0.29
39150, 4910, 3.42, 929.29, 155.97, 1093.22, 0, 0.51
39150, 5022, 3227.42, 396.04, 3371.70, 524.67, 0, 0.74
39175, 4910, 3.07, 929.15, 156.50, 1093.03, 0, 0.55
39175, 5022, 3227.40, 399.26, 3368.62, 524.33, 0, 0.32
39175, 5023, 2734.08, 401.53, 2811.92, 540.29, 0, 0.73
39200, 4910, 3.30, 927.71, 156.16, 1092.45, 0, 0.54
39225, 4910, 3.67, 928.72, 155.82, 1092.38, 0, 0.51
39225, 5034, 2406.27, 1050.37, 2559.96, 1377.47, 0, 0.86
39225, 5022, 3227.32, 395.98, 3373.05, 524.17, 0, 0.62
39250, 4910, 3.87, 928.48, 155.62, 1091.99, 0, 0.53
39250, 5036, 2257.21, 739.61, 2381.83, 994.09, 0, 0.93
39250, 5022, 3229.32, 397.76, 3370.42, 524.24, 0, 0.77
39275, 4910, 3.76, 928.80, 155.76, 1092.68, 0, 0.53
39275, 5036, 2254.54, 733.63, 2378.29, 987.58, 0, 0.94
39275, 5022, 3229.96, 397.72, 3371.91, 522.91, 0, 0.72
39300, 4910, 3.73, 928.62, 155.88, 1093.27, 0, 0.54
39300, 5022, 3230.09, 395.95, 3369.33, 523.44, 0, 0.83
39325, 4910, 3.82, 929.03, 155.86, 1094.55, 0, 0.55
39325, 5022, 3229.40, 394.87, 3369.82, 523.48, 0, 0.77
39350, 4910, 3.45, 927.88, 156.74, 1095.62, 0, 0.61
39350, 5022, 3227.53, 395.84, 3365.82, 524.55, 0, 0.77
39375, 4910, 2.56, 929.06, 156.78, 1095.65, 0, 0.58
39375, 5022, 3227.09, 396.33, 3368.63, 524.27, 0, 0.64
39400, 4910, 7.54, 927.24, 155.29, 1094.50, 0, 0.44
39400, 5022, 3228.60, 396.69, 3373.00, 524.37, 0, 0.32
39400, 5059, 832.74, 396.29, 904.91, 530.00, 0, 0.67
39425, 5022, 3231.15, 395.00, 3370.41, 522.81, 0, 0.34
39450, 5022, 3228.79, 397.70, 3369.94, 522.32, 0, 0.26
39450, 4910, 5.08, 926.85, 154.89, 1094.34, 0, 0.58
39475, 5022, 3225.78, 396.55, 3370.43, 523.99, 0, 0.31
39475, 4910, 3.64, 928.09, 155.41, 1093.99, 0, 0.44
39500, 5022, 3229.23, 397.12, 3375.57, 522.29, 0, 0.33
39500, 4910, 3.79, 927.55, 155.55, 1095.08, 0, 0.53
39525, 4910, 2.34, 929.05, 156.81, 1096.58, 0, 0.59
39550, 4910, 2.19, 927.50, 155.81, 1094.86, 0, 0.63
39550, 5059, 800.43, 428.42, 882.14, 571.33, 0, 0.87
39550, 5022, 3229.87, 397.05, 3372.85, 522.54, 0, 0.54
39575, 4910, 2.17, 926.92, 155.80, 1094.76, 0, 0.47
39575, 5022, 3228.33, 395.44, 3372.85, 522.25, 0, 0.56
39600, 4910, 4.29, 926.53, 155.07, 1094.25, 0, 0.45
39625, 4910, 3.97, 925.67, 155.20, 1093.60, 0, 0.54
39625, 5022, 3233.57, 398.13, 3370.03, 522.59, 0, 0.62
39650, 4910, 2.75, 926.52, 156.33, 1094.88, 0, 0.62
39650, 5022, 3231.18, 397.50, 3370.88, 521.93, 0, 0.67
39675, 4910, 2.99, 925.17, 156.79, 1094.63, 0, 0.58
39675, 5059, 803.71, 477.30, 873.25, 614.04, 0, 0.67
39700, 4910, 2.61, 926.66, 156.59, 1094.85, 0, 0.60
39700, 5059, 810.75, 465.51, 877.76, 604.15, 0, 0.45
39700, 5022, 3230.47, 399.58, 3369.95, 522.33, 0, 0.58
39725, 4910, 2.51, 927.68, 157.20, 1095.11, 0, 0.61
39725, 5022, 3228.97, 399.00, 3371.43, 523.28, 0, 0.52
39750, 5022, 3231.11, 397.99, 3371.39, 522.71, 0, 0.70
39775, 5022, 3229.76, 397.53, 3371.06, 523.53, 0, 0.71
39775, 5126, 825.08, 391.52, 882.66, 508.67, 0, 0.59
39775, 4910, 2.20, 928.42, 156.70, 1094.05, 0, 0.58
39800, 5022, 3230.09, 399.03, 3370.45, 523.39, 0, 0.42
39800, 4910, 2.85, 928.24, 156.64, 1094.39, 0, 0.54
39825, 5022, 3230.43, 397.74, 3371.42, 523.04, 0, 0.71
39825, 4910, 2.88, 928.03, 157.45, 1095.30, 0, 0.60
39850, 5022, 3230.33, 397.00, 3372.29, 522.35, 0, 0.64
39850, 4910, 2.83, 927.39, 157.04, 1095.63, 0, 0.60
39875, 5022, 3229.66, 394.32, 3372.29, 523.29, 0, 0.52
39875, 4910, 3.00, 928.67, 156.33, 1095.58, 0, 0.48
39900, 4910, 3.12, 927.81, 157.05, 1095.32, 0, 0.57
39900, 5059, 762.88, 475.46, 843.22, 627.49, 0, 0.72
39925, 4910, 3.18, 927.89, 156.89, 1094.94, 0, 0.60
39925, 5059, 770.04, 484.75, 854.53, 641.86, 0, 0.47
39950, 4910, 2.41, 928.30, 156.90, 1094.30, 0, 0.60
39950, 5022, 3227.83, 396.40, 3369.26, 523.17, 0, 0.50
39975, 4910, 2.48, 928.83, 156.66, 1094.32, 0, 0.55
39975, 5022, 3229.32, 396.74, 3367.85, 523.12, 0, 0.53
40000, 4910, 2.43, 929.69, 156.62, 1095.00, 0, 0.60
40025, 4910, 2.51, 930.38, 157.36, 1095.12, 0, 0.57
40050, 4910, 1.94, 929.85, 157.17, 1096.03, 0, 0.61
40050, 5163, 3686.86, 1027.84, 3994.54, 1369.81, 0, 0.72
40050, 5022, 3227.01, 394.36, 3375.96, 522.49, 0, 0.35
40075, 4910, 2.46, 929.21, 157.73, 1096.39, 0, 0.57
40075, 5163, 3676.52, 1047.75, 3984.16, 1375.87, 0, 0.78
40100, 4910, 2.96, 929.55, 157.36, 1095.45, 0, 0.58
40100, 5163, 3667.71, 1054.42, 3969.51, 1375.97, 0, 0.61
40125, 4910, 3.38, 929.09, 157.34, 1095.19, 0, 0.57
40125, 5163, 3666.97, 1045.69, 3975.69, 1377.07, 0, 0.41
40150, 4910, 2.85, 926.33, 158.07, 1096.35, 0, 0.64
40150, 5163, 3662.80, 1054.74, 3966.13, 1375.84, 0, 0.34
40175, 4910, 2.37, 926.82, 156.26, 1095.50, 0, 0.58
40175, 5163, 3597.25, 1048.56, 3916.22, 1366.62, 0, 0.92
40275, 5192, 1620.56, 630.19, 1805.18, 778.53, 0, 0.57
40275, 5059, 727.10, 514.49, 859.47, 671.88, 0, 0.85
40275, 4910, 2.04, 930.91, 157.15, 1097.25, 0, 0.57
40300, 5192, 1703.63, 629.08, 1878.71, 823.27, 0, 0.90
40325, 5214, 3451.02, 888.13, 3678.46, 1142.05, 0, 0.90
40350, 5214, 3391.60, 827.34, 3622.44, 1076.76, 0, 0.94
40375, 4910, 8.96, 923.68, 156.82, 1098.05, 0, 0.26
40425, 5059, 756.72, 541.06, 899.78, 697.96, 0, 0.56
40450, 5224, 3696.06, 829.94, 3826.08, 1082.41, 0, 0.97
40450, 5163, 3488.51, 1000.33, 3690.56, 1253.93, 0, 0.96
40475, 5224, 3689.21, 829.92, 3823.33, 1080.28, 0, 0.97
40500, 5224, 3686.00, 818.62, 3822.75, 1078.09, 0, 0.94
40525, 5224, 3687.54, 824.01, 3822.64, 1078.51, 0, 0.97
40525, 5126, 799.88, 435.73, 910.44, 566.52, 0, 0.80
40550, 5224, 3688.53, 828.63, 3823.95, 1080.24, 0, 0.95
40575, 5224, 3688.74, 828.73, 3824.06, 1079.60, 0, 0.97
40600, 5224, 3687.54, 829.39, 3823.54, 1079.61, 0, 0.97
40625, 5224, 3687.54, 829.48, 3824.70, 1080.71, 0, 0.95
40650, 5224, 3689.25, 832.49, 3823.38, 1079.73, 0, 0.95
40675, 5224, 3688.90, 831.59, 3824.02, 1080.54, 0, 0.96
40675, 5241, 1350.02, 676.48, 1476.03, 915.07, 0, 0.55
40700, 5224, 3688.49, 830.80, 3824.02, 1080.30, 0, 0.94
40700, 5241, 1349.06, 672.80, 1478.19, 916.40, 0, 0.54
40725, 5224, 3693.67, 831.30, 3822.51, 1077.71, 0, 0.96
40725, 5241, 1349.35, 676.16, 1478.90, 917.28, 0, 0.79
40750, 5224, 3692.46, 830.34, 3822.87, 1080.77, 0, 0.96
40750, 5241, 1346.02, 679.35, 1475.97, 917.41, 0, 0.89
40775, 5224, 3690.15, 829.04, 3823.15, 1082.21, 0, 0.97
40775, 5241, 1344.08, 679.90, 1474.18, 916.68, 0, 0.69
40800, 5224, 3687.32, 829.42, 3823.43, 1081.34, 0, 0.96
40800, 5241, 1344.22, 680.42, 1472.95, 916.80, 0, 0.82
40825, 5224, 3688.76, 831.40, 3823.75, 1080.71, 0, 0.98
40825, 5241, 1346.00, 679.20, 1474.32, 917.26, 0, 0.83
40825, 5254, 2161.65, 858.74, 2314.65, 1168.72, 0, 0.94
40850, 5224, 3689.63, 831.92, 3822.76, 1080.21, 0, 0.98
40850, 5241, 1349.04, 677.54, 1477.37, 918.24, 0, 0.68
40850, 5254, 2161.89, 858.20, 2314.54, 1166.59, 0, 0.94
40875, 5224, 3689.87, 831.68, 3823.02, 1079.68, 0, 0.98
40875, 5241, 1348.59, 680.85, 1474.45, 917.30, 0, 0.71
40875, 5254, 2161.58, 857.57, 2314.74, 1164.15, 0, 0.94
40900, 5224, 3687.92, 832.17, 3822.82, 1081.21, 0, 0.96
40900, 5241, 1349.95, 685.55, 1475.26, 917.29, 0, 0.77
40900, 5254, 2162.08, 857.79, 2313.75, 1164.26, 0, 0.93
40925, 5224, 3688.89, 831.75, 3822.96, 1081.12, 0, 0.90
40925, 5241, 1346.53, 685.50, 1472.48, 901.75, 0, 0.79
40925, 5254, 2162.99, 857.69, 2313.32, 1162.94, 0, 0.94
40950, 5224, 3688.69, 830.45, 3823.06, 1080.12, 0, 0.96
40950, 5241, 1345.31, 687.78, 1465.95, 912.65, 0, 0.89
40950, 5254, 2163.40, 857.22, 2310.39, 1163.07, 0, 0.91
40975, 5224, 3688.61, 830.00, 3823.46, 1079.34, 0, 0.97
40975, 5241, 1348.09, 694.71, 1464.58, 914.75, 0, 0.70
40975, 5254, 2163.59, 858.32, 2312.11, 1164.18, 0, 0.94
40975, 5269, 1504.53, 753.19, 1603.11, 977.46, 0, 0.73
41000, 5224, 3689.15, 831.10, 3822.91, 1079.65, 0, 0.96
41000, 5241, 1347.41, 692.19, 1465.07, 915.82, 0, 0.76
41000, 5254, 2162.69, 858.44, 2314.26, 1164.90, 0, 0.93
41000, 5269, 1500.87, 755.76, 1602.18, 974.60, 0, 0.57
41025, 5224, 3689.47, 831.19, 3823.56, 1079.30, 0, 0.96
41025, 5241, 1345.13, 687.35, 1462.40, 914.94, 0, 0.83
41025, 5254, 2162.03, 857.70, 2314.45, 1164.97, 0, 0.93
41025, 5269, 1473.36, 750.97, 1577.21, 973.94, 0, 0.80
41050, 5224, 3690.55, 831.70, 3823.58, 1079.42, 0, 0.97
41050, 5241, 1344.23, 687.17, 1460.27, 915.81, 0, 0.94
41050, 5254, 2162.04, 858.29, 2314.67, 1163.47, 0, 0.94
41050, 5269, 1463.27, 751.63, 1563.65, 974.16, 0, 0.76
41050, 5287, 1635.26, 642.58, 1763.24, 848.15, 0, 0.75
41050, 5290, 1507.53, 756.89, 1601.48, 978.58, 0, 0.54
41075, 5224, 3690.33, 831.87, 3823.35, 1079.48, 0, 0.86
41075, 5241, 1343.05, 686.73, 1460.14, 915.50, 0, 0.90
41075, 5254, 2162.55, 858.36, 2314.79, 1163.92, 0, 0.93
41075, 5269, 1461.85, 750.03, 1569.60, 974.10, 0, 0.55
41075, 5287, 1636.77, 641.74, 1762.09, 849.12, 0, 0.92
41075, 5290, 1496.31, 754.84, 1600.87, 979.07, 0, 0.71
41075, 5059, 807.82, 572.81, 905.01, 760.18, 0, 0.92
41100, 5224, 3692.35, 833.19, 3822.46, 1078.86, 0, 0.69
41100, 5241, 1342.93, 686.25, 1459.39, 915.65, 0, 0.90
41100, 5254, 2163.02, 860.02, 2314.58, 1164.15, 0, 0.92
41100, 5269, 1461.89, 750.24, 1569.49, 974.48, 0, 0.84
41100, 5287, 1633.93, 644.18, 1763.55, 848.99, 0, 0.72
41100, 5296, 3692.74, 833.43, 3822.27, 1078.78, 1, 0.64
41125, 5241, 1344.16, 686.50, 1459.85, 914.88, 0, 0.91
41125, 5254, 2163.98, 861.11, 2313.79, 1164.64, 0, 0.92
41125, 5269, 1462.98, 749.70, 1566.48, 973.17, 0, 0.79
41125, 5287, 1636.89, 645.26, 1764.53, 849.77, 0, 0.81
41125, 5290, 1497.52, 754.92, 1599.52, 973.90, 0, 0.61
41150, 5241, 1344.58, 686.80, 1460.71, 914.53, 0, 0.89
41150, 5254, 2165.37, 863.26, 2313.48, 1163.87, 0, 0.93
41150, 5269, 1462.59, 750.01, 1564.71, 973.15, 0, 0.80
41150, 5287, 1637.42, 644.74, 1762.53, 848.86, 0, 0.79
41150, 5290, 1501.23, 754.94, 1599.60, 970.88, 0, 0.33
41150, 5224, 3685.73, 832.84, 3822.43, 1070.59, 0, 0.80
41175, 5241, 1344.32, 685.22, 1460.30, 915.20, 0, 0.92
41175, 5254, 2169.91, 862.20, 2311.97, 1162.66, 0, 0.33
41175, 5269, 1463.89, 750.19, 1568.96, 973.15, 0, 0.75
41175, 5287, 1637.60, 645.07, 1763.82, 849.96, 0, 0.87
41175, 5290, 1493.43, 755.30, 1598.88, 972.15, 0, 0.72
41175, 5224, 3687.74, 831.57, 3821.10, 1074.22, 0, 0.93
41200, 5241, 1343.61, 684.81, 1459.77, 913.95, 0, 0.90
41200, 5254, 2168.34, 861.16, 2313.14, 1164.82, 0, 0.90
41200, 5269, 1464.40, 750.33, 1571.80, 973.22, 0, 0.81
41200, 5287, 1636.76, 644.35, 1762.31, 850.01, 0, 0.79
41200, 5290, 1490.60, 756.09, 1598.50, 971.84, 0, 0.69
41200, 5224, 3688.86, 833.42, 3822.33, 1077.29, 0, 0.88
41225, 5241, 1344.53, 686.29, 1460.77, 915.13, 0, 0.88
41225, 5254, 2165.31, 860.47, 2313.59, 1165.48, 0, 0.94
41225, 5269, 1464.91, 750.01, 1571.62, 974.70, 0, 0.86
41225, 5287, 1635.54, 644.94, 1762.71, 850.91, 0, 0.72
41225, 5290, 1494.25, 755.68, 1599.10, 974.29, 0, 0.27
41225, 5224, 3690.86, 832.86, 3822.43, 1078.86, 0, 0.96
41225, 5307, 1961.75, 759.46, 2075.97, 1012.95, 0, 0.73
41225, 5309, 1635.18, 644.86, 1762.68, 850.96, 3, 0.39
41250, 5241, 1344.81, 686.70, 1460.82, 915.64, 0, 0.90
41250, 5254, 2164.63, 863.37, 2313.73, 1165.81, 0, 0.88
41250, 5269, 1465.48, 750.67, 1573.05, 975.50, 0, 0.75
41250, 5287, 1635.87, 645.16, 1761.90, 849.54, 0, 0.74
41250, 5290, 1490.66, 755.94, 1598.46, 975.39, 0, 0.69
41250, 5224, 3681.95, 871.27, 3820.09, 1079.87, 0, 0.80
41250, 5307, 1961.63, 760.99, 2074.16, 1012.18, 0, 0.62
41275, 5241, 1342.45, 685.60, 1458.89, 916.51, 0, 0.91
41275, 5254, 2164.40, 862.81, 2314.58, 1166.70, 0, 0.89
41275, 5269, 1465.30, 750.28, 1574.05, 974.66, 0, 0.84
41275, 5287, 1635.72, 644.99, 1761.89, 850.28, 0, 0.65
41275, 5307, 1958.90, 762.52, 2076.47, 1012.63, 0, 0.80
41300, 5241, 1342.43, 686.14, 1458.74, 915.20, 0, 0.92
41300, 5254, 2163.91, 863.38, 2314.09, 1164.73, 0, 0.90
41300, 5269, 1465.68, 750.78, 1576.62, 974.51, 0, 0.56
41300, 5287, 1635.95, 645.96, 1762.31, 850.90, 0, 0.83
41300, 5307, 1960.32, 761.47, 2074.61, 1012.03, 0, 0.64
41300, 5290, 1482.98, 756.22, 1596.29, 974.94, 0, 0.76
41300, 5224, 3687.35, 842.24, 3821.63, 1081.63, 0, 0.96
41325, 5241, 1343.83, 685.96, 1459.24, 914.13, 0, 0.92
41325, 5254, 2164.93, 863.64, 2314.57, 1164.30, 0, 0.86
41325, 5269, 1465.90, 751.91, 1574.01, 974.23, 0, 0.85
41325, 5287, 1635.83, 645.97, 1761.13, 848.80, 0, 0.83
41325, 5307, 1960.62, 763.83, 2075.37, 1010.15, 0, 0.78
41325, 5224, 3688.28, 834.59, 3823.22, 1081.38, 0, 0.96
41350, 5241, 1342.97, 691.22, 1458.90, 916.13, 0, 0.87
41350, 5254, 2164.73, 863.94, 2314.05, 1165.61, 0, 0.88
41350, 5287, 1636.51, 646.32, 1763.10, 849.77, 0, 0.73
41350, 5307, 1960.01, 764.62, 2076.50, 1011.20, 0, 0.86
41350, 5224, 3689.22, 831.49, 3823.18, 1081.33, 0, 0.91
41350, 5319, 3768.31, 425.63, 3865.49, 556.60, 0, 0.49
41350, 5290, 1487.25, 758.13, 1597.19, 975.28, 0, 0.77
41375, 5241, 1342.67, 688.80, 1458.08, 916.32, 0, 0.90
41375, 5254, 2164.84, 862.92, 2313.66, 1166.00, 0, 0.86
41375, 5287, 1631.14, 641.24, 1756.89, 846.91, 0, 0.55
41375, 5307, 1959.75, 765.44, 2075.18, 1010.75, 0, 0.61
41375, 5224, 3689.51, 830.09, 3822.85, 1080.70, 0, 0.94
41375, 5319, 3767.11, 428.45, 3867.79, 557.89, 0, 0.47
41375, 5269, 1463.94, 753.36, 1568.95, 973.40, 0, 0.80
41400, 5241, 1342.64, 686.19, 1459.27, 914.00, 0, 0.87
41400, 5254, 2165.60, 862.60, 2315.12, 1165.14, 0, 0.87
41400, 5287, 1616.68, 621.45, 1737.58, 823.19, 0, 0.81
41400, 5307, 1961.76, 750.19, 2074.89, 1005.80, 0, 0.94
41400, 5224, 3689.76, 830.45, 3822.53, 1081.27, 0, 0.94
41400, 5319, 3766.79, 430.74, 3868.08, 558.42, 0, 0.51
41400, 5269, 1465.47, 750.14, 1574.56, 974.71, 0, 0.76
41400, 5290, 1480.69, 755.39, 1592.23, 976.85, 0, 0.54
41425, 5241, 1372.34, 651.25, 1482.74, 868.64, 0, 0.80
41425, 5254, 2163.64, 843.18, 2309.29, 1138.66, 0, 0.93
41425, 5287, 1611.90, 577.20, 1723.95, 768.36, 0, 0.71
41425, 5307, 1958.03, 715.20, 2069.35, 957.45, 0, 0.89
41425, 5319, 3767.16, 425.89, 3866.68, 557.60, 0, 0.62
41425, 5290, 1482.45, 743.79, 1597.09, 964.58, 0, 0.81
41450, 5287, 1611.25, 525.23, 1712.02, 703.81, 0, 0.90
41450, 5319, 3767.15, 429.66, 3866.99, 557.87, 0, 0.45
41475, 5319, 3766.89, 426.95, 3861.34, 559.39, 0, 0.40
41500, 5319, 3765.95, 425.58, 3863.30, 561.04, 0, 0.44
41600, 5378, 3779.81, 950.01, 4013.79, 1199.54, 0, 0.90
41625, 5389, 801.19, 537.72, 896.91, 707.26, 0, 0.79
41650, 5059, 881.00, 557.69, 973.39, 742.63, 0, 0.95
41850, 5407, 3434.36, 1071.08, 3703.75, 1337.74, 0, 0.78
41875, 5407, 3433.89, 1073.32, 3704.24, 1339.35, 0, 0.54
41875, 5389, 770.21, 603.07, 874.42, 786.70, 0, 0.76
41900, 5407, 3441.88, 1077.37, 3701.16, 1328.76, 0, 0.36
42050, 5435, 3261.83, 851.24, 3450.93, 1099.54, 0, 0.71
42050, 5438, 3261.83, 851.24, 3450.93, 1099.54, 1, 0.43
42050, 5059, 938.61, 524.07, 1034.05, 714.66, 0, 0.69
42075, 5435, 3258.81, 851.42, 3449.96, 1101.09, 0, 0.79
42075, 5254, 2134.38, 860.64, 2268.73, 1125.50, 0, 0.89
42100, 5435, 3258.11, 846.75, 3453.51, 1099.64, 0, 0.78
42100, 5407, 3447.30, 1093.95, 3694.36, 1325.83, 0, 0.26
42100, 5059, 925.26, 550.34, 1032.51, 734.43, 0, 0.90
42125, 5435, 3257.34, 844.62, 3455.00, 1098.76, 0, 0.82
42150, 5435, 3256.78, 843.83, 3455.69, 1097.90, 0, 0.72
42150, 5059, 897.52, 547.02, 1005.52, 730.08, 0, 0.86
42175, 5435, 3257.32, 842.10, 3457.14, 1096.88, 0, 0.41
42200, 5435, 3256.92, 840.98, 3449.21, 1100.67, 0, 0.80
42225, 5435, 3256.16, 841.79, 3455.80, 1099.95, 0, 0.38
42225, 5407, 3444.08, 1082.17, 3725.03, 1369.30, 0, 0.79
42250, 5435, 3259.74, 841.92, 3452.09, 1100.28, 0, 0.44
42250, 5407, 3449.40, 1079.77, 3728.42, 1376.34, 0, 0.65
42275, 5435, 3254.44, 845.18, 3452.25, 1101.66, 0, 0.88
42275, 5407, 3457.29, 1082.40, 3729.24, 1377.58, 0, 0.29
42275, 5473, 3759.73, 749.56, 3937.73, 968.60, 0, 0.80
42300, 5407, 3438.27, 1079.42, 3725.48, 1377.59, 0, 0.35
42350, 5473, 3703.54, 730.16, 3915.52, 936.93, 1, 0.89
42425, 5492, 2738.02, 669.16, 2944.53, 868.38, 0, 0.83
42475, 5435, 3181.11, 783.42, 3422.27, 1042.82, 0, 0.86
42500, 5509, 3536.80, 956.04, 3802.63, 1212.90, 0, 0.85
42625, 5521, 2353.74, 734.60, 2490.70, 963.18, 0, 0.95
42650, 5521, 2362.69, 722.95, 2491.70, 946.98, 0, 0.92
42675, 5521, 2364.85, 723.53, 2492.65, 941.85, 0, 0.89
42675, 5532, 3700.60, 884.42, 3846.24, 1163.62, 0, 0.74
42700, 5521, 2365.05, 720.19, 2491.85, 941.18, 0, 0.84
42700, 5532, 3698.57, 882.80, 3845.31, 1167.92, 0, 0.64
42725, 5521, 2364.13, 720.91, 2493.13, 942.08, 0, 0.91
42725, 5532, 3698.35, 892.70, 3844.62, 1170.37, 0, 0.52
42750, 5521, 2364.26, 722.21, 2491.24, 940.72, 0, 0.73
42750, 5532, 3700.59, 890.99, 3846.85, 1170.42, 0, 0.78
42775, 5521, 2364.56, 723.34, 2491.88, 940.66, 0, 0.95
42800, 5521, 2367.25, 723.01, 2493.21, 940.41, 0, 0.92
42800, 5254, 2108.82, 991.11, 2256.36, 1294.01, 0, 0.96
42800, 5532, 3702.35, 896.96, 3844.82, 1168.23, 0, 0.62
42825, 5521, 2365.58, 722.18, 2493.37, 942.53, 0, 0.94
42825, 5532, 3700.00, 904.47, 3843.20, 1169.31, 0, 0.30
42850, 5521, 2363.65, 722.67, 2487.20, 938.54, 0, 0.78
42850, 5532, 3701.09, 895.95, 3844.53, 1167.19, 0, 0.69
42850, 5555, 2070.89, 871.79, 2198.01, 1128.00, 0, 0.93
42875, 5521, 2363.72, 724.39, 2487.97, 940.31, 0, 0.92
42875, 5532, 3700.83, 886.89, 3845.41, 1166.13, 0, 0.79
42875, 5555, 2063.18, 868.54, 2196.70, 1127.49, 0, 0.94
42900, 5521, 2364.46, 724.99, 2492.69, 939.98, 0, 0.87
42900, 5532, 3699.81, 900.49, 3843.43, 1168.47, 0, 0.65
42900, 5555, 2059.95, 872.70, 2191.24, 1124.49, 0, 0.92
42925, 5521, 2364.07, 723.51, 2494.63, 940.97, 0, 0.78
42925, 5532, 3701.10, 895.64, 3843.06, 1166.99, 0, 0.32
42925, 5555, 2064.01, 860.15, 2194.50, 1125.08, 0, 0.93
42950, 5521, 2365.23, 721.83, 2494.41, 940.30, 0, 0.86
42950, 5532, 3701.18, 889.62, 3843.32, 1166.20, 0, 0.75
42950, 5555, 2068.29, 867.27, 2196.02, 1125.50, 0, 0.94
42975, 5521, 2364.77, 723.45, 2493.89, 940.16, 0, 0.86
42975, 5532, 3700.86, 917.99, 3836.00, 1169.23, 0, 0.45
42975, 5555, 2067.32, 869.39, 2198.50, 1125.24, 0, 0.95
43000, 5521, 2363.13, 725.06, 2482.76, 932.96, 0, 0.53
43000, 5532, 3700.73, 891.63, 3841.11, 1167.22, 0, 0.85
43000, 5555, 2067.20, 871.98, 2197.34, 1126.63, 0, 0.94
43025, 5521, 2363.81, 725.03, 2489.99, 936.77, 0, 0.73
43025, 5532, 3690.17, 922.47, 3896.14, 1201.56, 0, 0.92
43025, 5555, 2067.74, 871.84, 2198.47, 1125.09, 0, 0.94
43050, 5521, 2363.91, 725.64, 2491.03, 938.53, 0, 0.78
43050, 5555, 2067.37, 872.19, 2198.86, 1124.09, 0, 0.94
43075, 5521, 2364.37, 727.07, 2491.36, 939.96, 0, 0.87
43075, 5555, 2064.27, 873.68, 2197.42, 1123.20, 0, 0.94
43075, 5532, 3699.18, 897.65, 3860.96, 1176.55, 0, 0.39
43100, 5521, 2365.51, 726.76, 2491.80, 941.57, 0, 0.85
43100, 5555, 2065.73, 873.57, 2198.73, 1124.47, 0, 0.95
43100, 5532, 3701.94, 894.94, 3848.65, 1170.02, 0, 0.68
43125, 5521, 2365.01, 725.80, 2492.24, 941.52, 0, 0.85
43125, 5555, 2067.02, 873.65, 2198.48, 1124.55, 0, 0.94
43125, 5532, 3703.04, 886.70, 3845.36, 1167.28, 0, 0.37
43150, 5521, 2365.15, 722.33, 2493.00, 942.25, 0, 0.93
43150, 5555, 2068.05, 875.49, 2198.61, 1125.89, 0, 0.95
43150, 5532, 3703.14, 884.96, 3845.60, 1166.53, 0, 0.46
43175, 5521, 2364.52, 723.30, 2492.94, 941.17, 0, 0.85
43175, 5555, 2067.59, 873.90, 2198.70, 1124.88, 0, 0.95
43175, 5532, 3703.01, 889.15, 3842.53, 1166.59, 0, 0.44
43200, 5521, 2363.69, 725.30, 2492.66, 942.15, 0, 0.92
43200, 5555, 2066.14, 874.98, 2198.74, 1125.95, 0, 0.94
43200, 5532, 3700.29, 900.09, 3839.92, 1167.58, 0, 0.37
43225, 5521, 2363.76, 726.39, 2492.31, 941.22, 0, 0.87
43225, 5555, 2067.78, 874.96, 2198.70, 1125.58, 0, 0.95
43225, 5532, 3700.10, 911.50, 3839.56, 1167.67, 0, 0.59
43250, 5521, 2364.00, 726.62, 2491.18, 938.09, 0, 0.51
43250, 5555, 2068.47, 875.48, 2198.55, 1125.26, 0, 0.94
43250, 5532, 3700.46, 896.17, 3842.15, 1166.29, 0, 0.72
43275, 5521, 2365.25, 725.09, 2490.35, 936.29, 0, 0.78
43275, 5555, 2067.68, 869.49, 2197.27, 1125.41, 0, 0.93
43275, 5532, 3701.74, 888.21, 3843.28, 1166.51, 0, 0.53
43300, 5521, 2364.31, 724.52, 2491.55, 939.72, 0, 0.74
43300, 5555, 2069.20, 868.73, 2193.26, 1124.68, 0, 0.94
43300, 5532, 3700.85, 885.14, 3843.97, 1167.31, 0, 0.60
43325, 5521, 2363.73, 723.55, 2493.46, 941.01, 0, 0.74
43325, 5555, 2073.26, 866.39, 2194.04, 1123.72, 0, 0.90
43325, 5532, 3699.79, 899.78, 3841.23, 1167.31, 0, 0.46
43325, 5639, 2124.85, 706.12, 2242.72, 945.24, 0, 0.98
43325, 5641, 2364.69, 723.26, 2492.00, 938.91, 0, 0.42
43350, 5521, 2363.42, 723.82, 2493.45, 940.91, 0, 0.92
43350, 5555, 2076.09, 851.75, 2198.83, 1112.73, 0, 0.69
43350, 5532, 3700.47, 891.55, 3842.94, 1166.13, 0, 0.51
43350, 5639, 2123.38, 705.15, 2242.04, 933.37, 0, 0.96
43375, 5521, 2362.95, 724.48, 2493.80, 941.03, 0, 0.94
43375, 5555, 2074.85, 846.06, 2189.51, 1108.77, 0, 0.64
43375, 5532, 3700.62, 905.82, 3842.01, 1166.89, 0, 0.37
43375, 5639, 2122.50, 703.70, 2241.82, 934.91, 0, 0.97
43400, 5521, 2363.25, 725.93, 2493.40, 941.43, 0, 0.86
43400, 5555, 2070.81, 848.63, 2187.01, 1105.88, 0, 0.93
43400, 5532, 3700.10, 886.51, 3844.86, 1166.25, 0, 0.85
43400, 5639, 2120.63, 703.90, 2241.40, 939.14, 0, 0.97
43425, 5521, 2362.53, 724.39, 2492.15, 941.69, 0, 0.90
43425, 5555, 2073.13, 848.38, 2187.46, 1105.54, 0, 0.92
43425, 5532, 3701.22, 883.37, 3846.12, 1166.22, 0, 0.45
43425, 5639, 2119.97, 704.18, 2241.67, 940.34, 0, 0.97
43450, 5521, 2361.92, 724.06, 2491.02, 941.73, 0, 0.93
43450, 5555, 2070.79, 845.56, 2184.61, 1105.57, 0, 0.71
43450, 5532, 3700.67, 885.06, 3844.81, 1166.73, 0, 0.51
43450, 5639, 2118.87, 705.11, 2240.86, 939.87, 0, 0.97
43475, 5521, 2361.50, 724.75, 2490.97, 940.78, 0, 0.89
43475, 5555, 2073.12, 846.66, 2189.43, 1105.89, 0, 0.82
43475, 5532, 3698.58, 906.02, 3839.80, 1164.68, 0, 0.59
43475, 5639, 2119.34, 705.06, 2239.56, 939.19, 0, 0.97
43500, 5521, 2361.72, 725.10, 2490.53, 940.50, 0, 0.89
43500, 5555, 2065.93, 844.25, 2180.31, 1093.04, 0, 0.90
43500, 5639, 2120.99, 706.27, 2240.13, 937.40, 0, 0.97
43525, 5521, 2362.27, 725.40, 2490.75, 940.49, 0, 0.89
43525, 5639, 2121.52, 707.74, 2239.65, 939.00, 0, 0.94
43525, 5532, 3696.36, 893.03, 3839.65, 1162.54, 0, 0.48
43550, 5521, 2362.09, 724.51, 2491.28, 939.84, 0, 0.81
43550, 5639, 2135.26, 667.73, 2244.36, 887.77, 0, 0.91
43550, 5532, 3688.47, 899.73, 3833.61, 1153.56, 0, 0.88
43575, 5521, 2363.22, 670.42, 2479.84, 877.94, 0, 0.88
43675, 5532, 3637.75, 825.26, 3855.71, 1067.04, 0, 0.89
43725, 5690, 901.11, 417.23, 977.60, 560.85, 0, 0.81
43750, 5695, 799.11, 520.53, 892.95, 701.21, 0, 0.86
43800, 5521, 2329.92, 552.32, 2435.17, 741.50, 0, 0.91
43850, 5555, 1963.96, 821.51, 2104.88, 1091.25, 0, 0.94
43875, 5690, 914.95, 392.29, 988.17, 523.26, 0, 0.85
43925, 5695, 767.54, 483.71, 856.72, 642.38, 0, 0.82
43950, 5695, 766.78, 481.03, 854.34, 639.36, 0, 0.65
43975, 5695, 766.25, 480.97, 854.22, 638.45, 0, 0.64
44000, 5695, 765.37, 479.93, 854.94, 638.15, 0, 0.82
44025, 5695, 766.12, 479.64, 854.37, 637.68, 0, 0.74
44050, 5695, 764.48, 480.27, 855.56, 638.60, 0, 0.75
44075, 5695, 764.54, 481.02, 855.31, 639.14, 0, 0.74
44100, 5695, 764.88, 481.71, 855.77, 639.28, 0, 0.77
44125, 5695, 764.47, 482.57, 856.43, 639.82, 0, 0.79
44150, 5695, 764.07, 482.91, 856.17, 639.54, 0, 0.80
44150, 5521, 2263.99, 436.03, 2378.43, 578.03, 0, 0.62
44175, 5695, 765.16, 481.06, 856.31, 639.36, 0, 0.57
44200, 5695, 765.37, 481.18, 855.74, 639.29, 0, 0.64
44225, 5695, 766.13, 481.09, 854.39, 639.56, 0, 0.75
44250, 5695, 766.43, 479.80, 856.56, 638.81, 0, 0.70
44300, 5695, 766.64, 480.79, 856.32, 639.97, 0, 0.69
44325, 5695, 764.68, 480.15, 856.94, 639.40, 0, 0.67
44350, 5695, 765.46, 480.78, 856.66, 640.37, 0, 0.51
44375, 5695, 766.35, 481.68, 856.81, 638.71, 0, 0.73
44400, 5695, 765.51, 482.35, 857.25, 639.32, 0, 0.75
44425, 5695, 770.73, 490.33, 905.81, 664.36, 0, 0.75
44475, 5739, 1479.20, 562.31, 1670.49, 732.95, 0, 0.69
44475, 5695, 820.90, 495.21, 951.95, 661.64, 0, 0.93
44500, 5746, 2791.09, 683.01, 3008.56, 894.82, 0, 0.86
44500, 5695, 861.77, 501.18, 983.62, 663.56, 0, 0.60
44575, 5695, 856.32, 538.35, 985.26, 717.99, 0, 0.82
44750, 5779, 2866.83, 1386.71, 3043.59, 1774.79, 0, 0.95
44775, 5779, 2859.89, 1384.54, 3038.70, 1774.61, 0, 0.91
44800, 5779, 2856.31, 1384.02, 3038.37, 1773.62, 0, 0.94
44825, 5779, 2855.93, 1383.00, 3038.15, 1776.89, 0, 0.92
44825, 5739, 1528.33, 580.33, 1704.60, 771.89, 0, 0.95
44850, 5779, 2854.12, 1380.82, 3040.50, 1778.47, 0, 0.95
44850, 5739, 1522.62, 590.58, 1701.09, 784.48, 0, 0.91
44875, 5779, 2855.53, 1379.86, 3039.84, 1778.30, 0, 0.96
44900, 5779, 2855.65, 1379.22, 3038.49, 1778.32, 0, 0.94
44925, 5779, 2856.35, 1379.76, 3038.63, 1779.54, 0, 0.93
44925, 5695, 875.95, 556.01, 1030.80, 738.58, 0, 0.84
44950, 5779, 2857.74, 1380.72, 3037.93, 1776.19, 0, 0.96
44975, 5779, 2858.14, 1382.87, 3038.47, 1776.08, 0, 0.94
44975, 5801, 1332.81, 691.89, 1465.17, 924.20, 0, 0.80
45000, 5779, 2856.26, 1384.73, 3037.66, 1775.69, 0, 0.89
45000, 5801, 1334.32, 697.86, 1462.28, 922.10, 0, 0.71
45000, 5739, 1486.73, 580.94, 1661.69, 765.61, 0, 0.77
45025, 5779, 2857.61, 1385.04, 3037.60, 1776.10, 0, 0.93
45025, 5801, 1331.65, 697.83, 1462.97, 923.59, 0, 0.71
45025, 5746, 2737.70, 741.12, 2975.26, 962.87, 0, 0.68
45050, 5779, 2856.36, 1385.63, 3036.60, 1776.67, 0, 0.93
45050, 5801, 1330.71, 699.79, 1463.12, 923.44, 0, 0.52
45075, 5779, 2858.04, 1386.03, 3036.88, 1776.49, 0, 0.92
45075, 5801, 1330.19, 699.31, 1461.99, 923.21, 0, 0.61
45100, 5779, 2856.97, 1385.15, 3036.35, 1777.28, 0, 0.91
45100, 5801, 1331.04, 698.82, 1460.79, 923.24, 0, 0.59
45100, 5821, 3309.45, 490.89, 3413.72, 652.52, 0, 0.80
45125, 5779, 2857.71, 1383.62, 3034.94, 1777.24, 0, 0.93
45125, 5801, 1331.17, 698.38, 1459.88, 923.53, 1, 0.45
45150, 5779, 2858.92, 1384.07, 3035.95, 1776.76, 0, 0.94
45150, 5801, 1331.63, 700.43, 1460.75, 924.19, 1, 0.41
45175, 5779, 2859.25, 1380.62, 3036.62, 1776.71, 0, 0.96
45175, 5801, 1331.30, 698.22, 1461.15, 923.72, 0, 0.51
45200, 5779, 2857.38, 1382.96, 3036.48, 1775.69, 0, 0.92
45200, 5801, 1331.41, 698.50, 1461.14, 923.10, 0, 0.53
45200, 5838, 2363.15, 771.19, 2484.45, 1035.35, 0, 0.90
45225, 5779, 2857.66, 1383.73, 3036.08, 1777.34, 0, 0.89
45225, 5801, 1329.99, 696.96, 1462.36, 924.29, 0, 0.63
45225, 5838, 2362.84, 770.26, 2482.06, 1034.12, 0, 0.83
45225, 5842, 2152.24, 893.52, 2290.28, 1180.28, 0, 0.89
45250, 5779, 2857.48, 1382.59, 3034.97, 1775.12, 0, 0.93
45250, 5801, 1331.00, 700.91, 1460.47, 924.16, 0, 0.47
45250, 5838, 2363.78, 770.19, 2482.43, 1034.54, 0, 0.88
45250, 5842, 2153.66, 894.26, 2291.29, 1174.03, 0, 0.91
45275, 5779, 2858.06, 1381.62, 3033.71, 1775.28, 0, 0.93
45275, 5801, 1330.78, 699.06, 1461.14, 924.25, 0, 0.73
45275, 5838, 2363.48, 770.07, 2483.94, 1034.35, 0, 0.90
45275, 5842, 2153.42, 894.50, 2290.32, 1175.45, 0, 0.88
45275, 5849, 817.28, 464.89, 901.75, 606.74, 0, 0.72
45300, 5779, 2858.81, 1381.71, 3034.89, 1775.37, 0, 0.95
45300, 5801, 1333.11, 699.86, 1463.59, 923.49, 0, 0.60
45300, 5838, 2363.35, 769.84, 2484.24, 1034.39, 0, 0.89
45300, 5842, 2156.04, 895.18, 2290.01, 1176.03, 0, 0.85
45300, 5849, 814.73, 464.79, 901.56, 606.62, 3, 0.52
45325, 5779, 2858.41, 1381.56, 3036.06, 1774.72, 0, 0.95
45325, 5801, 1333.00, 699.90, 1463.96, 923.60, 0, 0.45
45325, 5838, 2363.67, 772.27, 2485.01, 1036.78, 0, 0.91
45325, 5842, 2155.77, 894.05, 2292.08, 1178.18, 0, 0.80
45325, 5849, 814.46, 465.97, 901.28, 607.78, 3, 0.70
45350, 5779, 2857.60, 1382.76, 3036.41, 1775.81, 0, 0.93
45350, 5801, 1332.81, 699.24, 1463.97, 922.06, 0, 0.46
45350, 5838, 2363.65, 775.33, 2484.64, 1036.64, 0, 0.85
45350, 5842, 2155.40, 894.76, 2291.84, 1177.63, 0, 0.86
45375, 5779, 2857.55, 1382.07, 3035.76, 1776.62, 0, 0.94
45375, 5801, 1335.91, 698.71, 1462.94, 922.11, 0, 0.53
45375, 5838, 2363.75, 772.61, 2483.72, 1034.89, 0, 0.86
45375, 5842, 2155.11, 894.29, 2292.47, 1179.11, 0, 0.88
45400, 5779, 2858.32, 1380.39, 3035.67, 1775.38, 0, 0.93
45400, 5801, 1333.55, 699.72, 1464.40, 922.32, 0, 0.52
45400, 5838, 2363.83, 761.59, 2484.78, 989.44, 0, 0.73
45400, 5842, 2154.76, 893.44, 2292.32, 1179.97, 0, 0.91
45425, 5779, 2858.62, 1382.87, 3035.76, 1775.26, 0, 0.92
45425, 5801, 1334.70, 699.09, 1464.83, 922.86, 0, 0.64
45425, 5838, 2363.33, 768.29, 2485.43, 1019.92, 0, 0.86
45425, 5842, 2153.57, 893.62, 2290.99, 1179.75, 0, 0.78
45450, 5779, 2858.97, 1383.99, 3036.09, 1775.52, 0, 0.96
45450, 5801, 1336.77, 698.56, 1464.09, 923.81, 0, 0.83
45450, 5838, 2365.66, 770.61, 2485.69, 1030.01, 0, 0.89
45450, 5842, 2154.27, 894.61, 2289.29, 1178.06, 0, 0.87
45475, 5779, 2858.91, 1383.64, 3033.88, 1776.73, 0, 0.95
45475, 5801, 1334.66, 700.14, 1465.36, 923.91, 0, 0.50
45475, 5838, 2366.67, 769.47, 2485.72, 1033.44, 0, 0.89
45475, 5842, 2155.12, 893.99, 2290.59, 1177.58, 0, 0.91
45500, 5779, 2857.24, 1385.71, 3036.83, 1778.33, 0, 0.94
45500, 5801, 1334.81, 698.89, 1465.24, 923.44, 0, 0.63
45500, 5838, 2368.42, 769.03, 2488.53, 1034.04, 0, 0.88
45500, 5842, 2152.06, 895.57, 2288.29, 1178.48, 0, 0.72
45525, 5779, 2859.17, 1383.57, 3032.29, 1776.33, 0, 0.79
45525, 5801, 1334.03, 698.71, 1465.77, 923.71, 0, 0.61
45525, 5838, 2370.23, 772.29, 2487.22, 1033.49, 0, 0.88
45525, 5842, 2152.30, 895.13, 2290.00, 1177.68, 0, 0.88
45550, 5779, 2862.43, 1383.82, 3032.39, 1773.88, 0, 0.83
45550, 5801, 1333.88, 699.01, 1464.79, 923.13, 0, 0.64
45550, 5838, 2369.27, 769.76, 2488.85, 1034.49, 0, 0.89
45550, 5842, 2153.15, 895.37, 2290.04, 1177.94, 0, 0.89
45575, 5779, 2859.02, 1384.63, 3030.52, 1775.31, 0, 0.94
45575, 5801, 1335.83, 701.84, 1464.06, 923.55, 0, 0.48
45575, 5838, 2369.20, 770.18, 2489.80, 1034.09, 0, 0.90
45575, 5842, 2153.61, 894.80, 2291.08, 1176.70, 0, 0.93
45575, 5871, 2643.81, 942.97, 2787.31, 1230.27, 0, 0.86
45575, 5872, 1336.24, 702.43, 1463.76, 923.59, 3, 0.34
45600, 5779, 2857.44, 1381.93, 3030.40, 1775.90, 0, 0.90
45600, 5801, 1335.33, 699.93, 1464.08, 924.52, 0, 0.56
45600, 5838, 2369.80, 769.47, 2490.04, 1033.29, 0, 0.89
45600, 5842, 2153.72, 894.85, 2291.20, 1177.40, 0, 0.91
45600, 5871, 2648.28, 915.83, 2791.32, 1151.98, 0, 0.77
45600, 5849, 818.54, 502.56, 909.02, 656.11, 0, 0.83
45625, 5779, 2859.78, 1369.94, 3030.76, 1779.68, 0, 0.59
45625, 5801, 1333.41, 700.59, 1464.88, 924.25, 0, 0.62
45625, 5838, 2369.83, 769.53, 2489.46, 1034.06, 0, 0.88
45625, 5842, 2152.91, 895.30, 2291.38, 1178.86, 0, 0.90
45625, 5871, 2649.44, 906.15, 2787.84, 1084.64, 3, 0.35
45650, 5779, 2858.57, 1380.28, 3031.71, 1779.04, 0, 0.93
45650, 5801, 1334.12, 700.80, 1464.81, 923.94, 0, 0.48
45650, 5838, 2360.54, 747.81, 2479.39, 1006.97, 0, 0.89
45650, 5842, 2153.79, 895.06, 2289.74, 1176.25, 0, 0.91
45675, 5779, 2864.43, 1354.31, 3043.73, 1749.64, 0, 0.59
45675, 5842, 2153.14, 861.06, 2288.94, 1133.45, 0, 0.92
45675, 5878, 2651.86, 923.13, 2797.97, 1205.97, 3, 0.44
45675, 5879, 2654.92, 917.90, 2793.12, 1201.85, 0, 0.45
45675, 5881, 211.77, 552.50, 320.53, 726.38, 0, 0.39
45700, 5842, 2155.93, 798.25, 2287.44, 1053.86, 0, 0.92
45700, 5879, 2655.65, 919.24, 2793.84, 1204.95, 0, 0.54
45700, 5881, 211.74, 552.97, 320.32, 725.06, 0, 0.34
45700, 5739, 1402.52, 575.45, 1505.27, 771.10, 1, 0.78
45725, 5842, 2148.92, 713.81, 2268.38, 941.15, 0, 0.88
45725, 5879, 2654.78, 918.96, 2791.63, 1198.86, 0, 0.45
45725, 5881, 211.87, 552.42, 320.06, 725.60, 0, 0.34
45750, 5881, 212.96, 554.23, 320.37, 726.60, 0, 0.35
45825, 5821, 3265.85, 508.64, 3361.02, 682.74, 0, 0.73
45900, 5871, 2614.66, 568.51, 2710.53, 760.69, 0, 0.87
46025, 5739, 1332.31, 577.03, 1437.44, 780.60, 3, 0.71
46050, 5952, 1990.41, 1926.42, 2264.49, 2159.99, 1, 0.69
46075, 5955, 1962.23, 700.22, 2069.24, 917.43, 0, 0.94
46100, 5962, 1998.06, 531.44, 2078.53, 710.14, 0, 0.89
46125, 5968, 1985.52, 439.74, 2061.27, 603.97, 0, 0.79
46150, 5881, 242.80, 553.30, 324.75, 711.73, 0, 0.50
46275, 5849, 785.57, 584.24, 877.89, 780.86, 0, 0.88
46350, 5968, 2027.97, 450.81, 2110.41, 605.62, 0, 0.91
46625, 5739, 1191.25, 625.19, 1331.69, 812.53, 0, 0.43
46650, 5739, 1163.97, 549.67, 1323.34, 741.18, 0, 0.91
46650, 5955, 1880.90, 669.79, 2055.10, 883.81, 0, 0.78
46700, 5739, 1147.55, 545.92, 1299.69, 724.95, 0, 0.92
46750, 6056, 727.73, 582.79, 896.99, 781.32, 0, 0.51
46800, 6067, 1907.98, 803.17, 2050.26, 1064.88, 0, 0.85
46800, 6071, 2677.35, 748.03, 2795.89, 959.75, 0, 0.81
46800, 5955, 1873.07, 652.64, 2061.07, 854.17, 0, 0.81
