frame,track_id,x,y,w,h,class_id,conf
10,1,2604.63,734.92,2728.48,967.49,1,0.95
10,2,1420.06,613.16,1529.95,808.58,0,0.83
20,1,2605.12,734.79,2728.44,966.43,1,0.96
20,2,1420.43,614.3,1530.1,812.93,0,0.85
30,1,2606.12,736.39,2728.5,966,1,0.97
30,2,1418.71,615.59,1529.14,812.65,0,0.87
30,3,3405.97,802.22,3630.44,1038.62,3,0.55
30,4,3402.55,796.33,3611.7,1033.24,3,0.42
30,5,3401.7,803.25,3625.61,1047.56,3,0.45
40,1,2605.23,736.58,2727.91,965.51,1,0.97
40,2,1418.81,614.15,1530.36,810.04,0,0.77
40,3,3405.73,805.38,3624.94,1039.26,3,0.25
40,5,3401.43,806.74,3620.74,1047.5,3,0.59
50,1,2604.81,736.76,2728.86,965.7,1,0.98
50,2,1420.72,616.29,1527.37,810.15,0,0.83
50,3,3405.49,801.95,3612.86,1034.51,3,0.5
50,5,3403.19,806.83,3622.81,1048.14,3,0.82
60,1,2606.53,739.86,2726.8,964.83,1,0.97
60,2,1420.68,614.11,1528.58,807.58,0,0.78
60,3,3407.22,805.4,3622.61,1037.08,3,0.4
60,5,3403,808.37,3622.78,1047.59,3,0.43
70,1,2606.46,741.37,2725.3,963.46,1,0.97
70,2,1420.81,613.42,1529.1,806.77,0,0.81
70,3,3409.38,806.92,3626,1038.66,3,0.38
70,5,3403.48,808.26,3624.05,1047.87,3,0.8
70,16,2822.89,889.8,2963.29,1162.49,0,0.8
80,1,2606.23,742.54,2724.97,963.79,1,0.97
80,2,1420.59,612.89,1529.04,807.14,0,0.83
80,3,3407.29,805.18,3629.81,1039.29,3,0.56
80,5,3401.94,806.03,3626.39,1048.16,3,0.88
80,16,2820.14,840.08,2959.46,1107.25,2,0.8
80,20,3403.17,799.15,3612.99,1032.84,3,0.4
90,1,2606.16,740.04,2726.2,963.87,1,0.99
90,2,1422.94,612.28,1529.65,806.15,0,0.82
90,3,3406.21,806.58,3629.12,1040.34,3,0.43
90,5,3401.29,807.26,3625.75,1049.03,3,0.9
90,16,2816.9,814.75,2959.71,1076.35,2,0.78
90,20,3402.76,800.54,3612.95,1034.25,3,0.43
100,1,2608.12,739.47,2726.88,963.47,1,0.99
100,2,1423.35,612.52,1530.03,805.98,0,0.85
100,3,3405.82,806.9,3628.55,1040.63,3,0.42
100,5,3401.05,807.48,3625.25,1049.32,3,0.91
100,16,2813.67,812.14,2959.33,1069.56,2,0.78
100,20,3402.82,800.92,3612.65,1034.18,3,0.39
110,1,2607.73,738.05,2726.78,963.28,1,0.98
110,2,1422.53,613.57,1529.31,806.32,0,0.82
110,3,3407.44,807.11,3628.41,1040,3,0.52
110,5,3402.27,807.72,3625.14,1048.47,3,0.85
110,16,2810.81,811.58,2957.72,1069.33,2,0.72
110,20,3404.21,801.38,3613.21,1033.3,3,0.43
120,1,2607.96,737.89,2725.24,962.48,1,0.98
120,2,1422.33,614.05,1528.96,806.39,0,0.82
120,3,3408.61,806.97,3629.01,1040.29,3,0.45
120,5,3403.31,807.63,3625.63,1048.55,3,0.88
120,16,2812.51,812.59,2958.97,1070.37,2,0.75
120,20,3405.44,801.52,3613.66,1033.24,3,0.46
130,1,2607.36,738.2,2724.8,962.7,1,0.98
130,2,1422.06,614.02,1528.96,806.58,0,0.83
130,3,3408.72,806.94,3629.25,1040.32,3,0.51
130,5,3403.46,807.5,3625.85,1048.57,3,0.89
130,16,2812.97,813.78,2959.33,1071.4,2,0.75
130,20,3405.99,801.56,3612.94,1033.13,3,0.44
140,1,2606.73,738.88,2724.3,962.92,1,0.98
140,2,1421.87,613.51,1529.41,807.7,0,0.84
140,3,3408.54,807.23,3629.23,1041.48,3,0.31
140,5,3403.72,807.8,3625.73,1049.76,3,0.93
140,16,2812.91,813.63,2959.24,1071.71,2,0.59
140,20,3405.64,801.88,3612.49,1034.85,3,0.44
150,1,2606.81,739.46,2724.23,963.2,1,0.98
150,2,1418.63,613.3,1529.47,808.37,0,0.87
150,3,3408.52,807.18,3629.29,1041.88,3,0.31
150,5,3403.78,807.63,3625.69,1050.1,3,0.94
150,16,2810.71,813.85,2957.49,1072.64,2,0.67
150,20,3405.82,802.14,3611.85,1035.45,3,0.38
160,1,2606.78,739.84,2724.57,964.09,1,0.98
160,2,1420.34,613.1,1528.9,807.11,0,0.83
160,3,3408.13,806.81,3630.18,1041.75,3,0.34
160,5,3403.24,807.41,3626.39,1049.77,3,0.92
160,16,2810.18,815.07,2956.93,1073.54,2,0.6
160,20,3405.64,801.46,3612.91,1035.33,3,0.48
170,1,2606.8,739.42,2724.86,964.55,1,0.99
170,2,1420.72,612.95,1529.18,807.47,0,0.69
170,3,3407.75,806.57,3630.55,1041.99,3,0.27
170,5,3402.97,807.12,3626.57,1050.01,3,0.93
170,16,2811.67,815.67,2957.96,1074.09,2,0.5
170,20,3405.24,800.85,3613.38,1035.94,3,0.47
180,1,2606.6,738.89,2725.03,964.48,1,0.99
180,2,1420.89,612.14,1530.19,807.24,0,0.71
180,3,3408.16,806.36,3630.8,1041.91,3,0.32
180,5,3403.19,807.01,3626.75,1049.87,3,0.94
180,16,2812.36,815.81,2958.15,1074.27,2,0.63
180,20,3405.69,800.58,3613.25,1035.93,3,0.51
190,1,2605.96,738.67,2724.74,964.53,1,0.98
190,2,1420.15,608.09,1530.15,811.83,0,0.82
190,3,3407.77,806.42,3630.01,1041.1,3,0.48
190,5,3402.58,806.91,3626.51,1049.2,3,0.91
190,16,2812.53,817.67,2957.88,1073.79,2,0.71
190,20,3405.46,800.39,3612.69,1035.38,3,0.44
200,1,2606.01,739.08,2724.59,964.06,1,0.98
200,2,1421.79,611.41,1528.81,809.99,0,0.66
200,3,3408.17,806.31,3629.98,1040.5,3,0.52
200,5,3402.59,806.76,3626.78,1048.94,3,0.91
200,16,2813.23,815.57,2955.87,1051.87,2,0.58
200,20,3406.15,800.72,3612.23,1034.38,3,0.4
210,1,2606.08,739.94,2724.99,963.6,1,0.99
210,2,1423.28,610.95,1530.64,807.05,0,0.84
210,3,3407.93,805.61,3630.22,1040.85,3,0.41
210,5,3402.95,806.17,3626.72,1049.17,3,0.93
210,16,2814.04,812.67,2950.66,1047.52,0,0.38
210,20,3405.46,800.44,3612.52,1034.64,3,0.42
220,1,2605.98,739.3,2725.23,963.51,1,0.99
220,2,1423.63,610.71,1530.41,805.88,0,0.84
220,3,3408.22,806.16,3629.28,1040.31,3,0.53
220,5,3403.13,806.03,3626.28,1048.31,3,0.91
220,16,2814.39,817.46,2954.88,1063.78,2,0.61
220,20,3405.59,801.06,3612.72,1033.46,3,0.45
230,1,2606.67,738.82,2722.38,962.25,1,0.67
230,2,1423.74,610.94,1530.98,805.57,0,0.84
230,3,3408.4,805.78,3628.98,1040.36,3,0.5
230,5,3403.28,805.52,3626.14,1048.33,3,0.91
230,16,2811.17,816.62,2955.01,1070.21,2,0.79
230,20,3405.56,800.48,3613.09,1034.23,3,0.51
230,34,3067.65,854.89,3188.8,1115.33,0,0.93
240,1,2605.76,739.24,2724.72,962.56,1,0.98
240,2,1423.18,610.76,1531.75,807.4,0,0.88
240,3,3410.07,807.69,3629.33,1040.56,3,0.33
240,5,3403.84,807.6,3626.39,1048.22,3,0.91
240,16,2811.01,816.13,2955.92,1071.35,2,0.63
240,20,3406.65,800.75,3613.52,1034.99,3,0.44
240,34,3049.64,832.35,3167.02,1069.04,0,0.9
250,1,2605,738.6,2725.63,962.07,1,0.98
250,2,1423.37,610.27,1531.5,808.15,0,0.89
250,5,3403.57,811.4,3618.54,1047.51,3,0.59
250,16,2810.09,818.01,2954.71,1071.57,2,0.66
250,34,3029.63,797.01,3143.52,1036.02,0,0.93
260,1,2605.61,738.53,2725.78,962.51,1,0.98
260,2,1424.33,611.18,1532.24,807.58,0,0.66
260,5,3403.86,808.25,3625.42,1047.51,3,0.87
260,16,2810.85,820.15,2954.66,1071.39,2,0.87
260,34,3017.99,782.39,3133.78,1022.99,0,0.94
270,1,2605.43,738.46,2725.85,963.55,1,0.98
270,2,1424.08,611.59,1528.26,808.09,0,0.67
270,5,3404.17,807.29,3626.89,1047.67,3,0.87
270,16,2810.9,820.17,2954.43,1071.75,2,0.83
270,34,3015.75,778.4,3131.21,1019.42,0,0.92
270,44,2253.45,870.82,2389.93,1143.64,0,0.9
270,47,3407.91,800.65,3611.89,1032.58,3,0.52
270,48,3410.17,805.96,3631.93,1040.39,3,0.48
280,1,2605.56,738.48,2725.77,964.37,1,0.98
280,2,1423.75,610.9,1529.72,807.7,0,0.87
280,5,3404.51,807.57,3627.17,1047.7,3,0.86
280,16,2811.13,820.71,2954.31,1071.88,2,0.86
280,34,3019.11,783.73,3132.67,1019.13,0,0.89
280,44,2243.08,833.46,2375.55,1092.75,0,0.93
280,47,3408.08,800.65,3612.36,1033.49,3,0.51
280,48,3410.34,806.68,3630.99,1040.57,3,0.43
290,1,2606.18,735.07,2724.78,963.88,1,0.96
290,2,1423.6,611.71,1530.66,806.19,0,0.85
290,5,3404.54,807.72,3627.17,1048.64,3,0.93
290,16,2809.29,821.09,2953.62,1072.64,2,0.9
290,34,3020.01,788.52,3131.29,1020.24,0,0.88
290,44,2239.69,799.83,2371.76,1062.45,0,0.35
290,47,3407.42,801.46,3612.6,1035.9,3,0.4
290,48,3409.62,807.39,3630.61,1041.7,3,0.28
300,1,2605.29,736.04,2725.64,964.02,1,0.95
300,2,1422.47,611.67,1531.45,806.65,0,0.54
300,5,3404.79,807.33,3626.61,1048.71,3,0.92
300,16,2808.93,811.03,2952,1072.56,2,0.91
300,34,3021.19,791.38,3130.86,1023.69,0,0.88
300,44,2240.66,774.78,2371.8,1033.18,0,0.86
300,47,3407.54,801.27,3612.82,1035.97,3,0.51
300,48,3409.82,807.2,3629.69,1041.45,3,0.33
310,1,2604.84,736.5,2726.24,965.01,1,0.98
310,2,1422.64,611.47,1531.28,806.38,0,0.76
310,5,3405.21,810.94,3622.54,1049.4,3,0.55
310,16,2809.48,817.2,2952.99,1071.93,2,0.82
310,34,3020.77,788.68,3133.07,1023.3,0,0.87
310,44,2249.25,758.53,2377.52,1005.83,0,0.92
320,1,2605.45,736.77,2726.17,965.19,1,0.98
320,2,1423.06,610.93,1530.44,805.31,0,0.65
320,5,3403.88,809.3,3618.72,1046.44,3,0.76
320,16,2810.92,819.88,2953.56,1072.17,2,0.9
320,34,3019.55,786.54,3132.4,1024.01,0,0.93
320,44,2259.04,748.67,2378.77,990.4,0,0.45
330,1,2605.52,737.41,2725.64,963.87,1,0.98
330,2,1422.85,610.7,1530.15,805.75,0,0.77
330,5,3403.43,808.35,3622.03,1046.99,3,0.82
330,16,2810.93,820.89,2953.51,1072.84,2,0.85
330,34,3020.39,785.65,3132.95,1024.5,0,0.95
330,44,2260.77,743.92,2378.61,979.29,0,0.92
330,66,3408.69,807.99,3625.13,1038.74,3,0.59
340,1,2605.35,737.37,2725.42,963.35,1,0.98
340,2,1423.09,611.11,1530.12,805.16,0,0.84
340,5,3402.83,807.71,3623.52,1047.17,3,0.8
340,16,2810.09,820.08,2954.68,1073.28,2,0.89
340,34,3022.84,786.86,3134.37,1024.34,0,0.94
340,44,2264.01,742.34,2382.2,975.9,0,0.91
340,66,3408.21,807.48,3626.83,1039,3,0.58
340,68,3405.69,801.11,3610.29,1033.23,3,0.52
350,1,2605.48,738.31,2725.26,963.58,1,0.98
350,2,1423.25,610.57,1531.67,805.27,0,0.89
350,5,3404.12,807.53,3626.09,1048.09,3,0.89
350,16,2809.79,818.83,2955.47,1072.47,2,0.91
350,34,3023.96,787.39,3135.66,1025.4,0,0.91
350,44,2263.37,743.72,2382.54,975.07,0,0.92
350,66,3409.63,807.18,3630.2,1040.02,3,0.37
350,68,3407.1,801.24,3612.35,1034.19,3,0.46
360,1,2605.52,738.91,2725.15,963.45,1,0.98
360,2,1422.35,611.62,1531.11,804.89,0,0.87
360,5,3404.65,807.49,3628.32,1048.49,3,0.88
360,16,2809.64,818.61,2955.36,1072.25,2,0.9
360,34,3023.36,787.55,3135.26,1025.36,0,0.9
360,44,2262.53,744.18,2381.91,975.07,0,0.93
360,66,3410.46,807.11,3632.92,1040.19,3,0.31
360,68,3407.69,801.69,3613.49,1034.18,3,0.42
370,1,2605.42,738.64,2725.25,963.73,1,0.98
370,2,1422.16,613.14,1530.17,804.9,0,0.83
370,5,3404.95,807.16,3629.47,1048.6,3,0.89
370,16,2809.63,818.61,2955.59,1072.3,2,0.9
370,34,3021.97,784.88,3135.27,1025.81,0,0.91
370,44,2261.8,743.85,2381.83,975.81,0,0.93
370,66,3410.88,806.8,3634.24,1040.31,3,0.28
370,68,3407.84,801.55,3613.69,1034.07,3,0.46
380,1,2604.65,738.33,2725.17,963.7,1,0.99
380,2,1421.66,613.12,1528.39,805.53,0,0.85
380,5,3404.28,807.85,3628.38,1048.67,3,0.88
380,16,2810.71,819.17,2956.23,1073.3,2,0.92
380,34,3021.19,783.14,3134.73,1025.48,0,0.91
380,44,2261.14,743.56,2381.11,976.16,0,0.93
380,66,3409.53,807.42,3632.6,1040.86,3,0.31
380,68,3406.41,801.45,3613.23,1035.19,3,0.39
390,1,2604.82,738.88,2725.29,962.92,1,0.95
390,2,1421.1,613.89,1527.31,807.03,0,0.68
390,5,3404.38,807.86,3629.02,1048.86,3,0.86
390,16,2809.93,819.53,2955.99,1073.83,2,0.85
390,34,3021.13,781.6,3135.84,1026.35,0,0.92
390,44,2260.8,743.67,2380.59,976.18,0,0.94
390,66,3409.77,807.35,3633.44,1041.19,3,0.29
390,68,3406.47,801.17,3613.82,1035.91,3,0.49
400,1,2604.5,737.74,2725.73,964.3,1,0.94
400,2,1422.23,613.43,1524.05,808.94,0,0.64
400,5,3404.97,807.48,3626.78,1049.82,3,0.92
400,16,2809.56,819.83,2954.86,1072.77,2,0.77
400,34,3020.33,781.07,3137.81,1026.91,0,0.92
400,44,2260.29,744.02,2379.81,976.03,0,0.94
400,68,3406.7,800.34,3611.7,1037.14,3,0.46
410,1,2604.48,738.24,2725.62,965.31,1,0.98
410,2,1422.46,618.13,1523.47,809.1,0,0.74
410,5,3407.78,810.97,3623.58,1049.72,3,0.47
410,16,2810.14,818.8,2955.07,1072.91,2,0.89
410,34,3021.07,780.1,3139.3,1027.72,0,0.94
410,44,2260.27,744.87,2379.34,976.5,0,0.93
420,1,2604.66,738.92,2725.51,965.41,1,0.98
420,2,1421.2,614.81,1527.53,807.94,0,0.86
420,5,3408.55,807.2,3627.58,1049.98,3,0.84
420,16,2810.8,819.34,2954.33,1072.71,2,0.89
420,34,3021.58,782.58,3140.46,1028.54,0,0.94
420,44,2260.77,745.12,2380.17,976.71,0,0.92
430,1,2605.39,739.51,2725.56,963.69,1,0.98
430,2,1422.33,612.73,1529.61,806.91,0,0.9
430,5,3408.64,806.46,3628.44,1049.47,3,0.83
430,16,2810.98,818.98,2954.13,1072.41,2,0.84
430,34,3026.14,786.61,3141.41,1030.19,0,0.94
430,44,2261.01,745.37,2380.24,977.18,0,0.91
430,73,3411.41,800.21,3613.96,1034.84,3,0.6
440,1,2605.57,739.68,2725.49,963.21,1,0.98
440,2,1423.27,615.58,1529.19,806.82,0,0.84
440,5,3408.69,806.16,3628.92,1049.1,3,0.82
440,16,2811.55,818.49,2954.5,1072.48,2,0.86
440,34,3028.31,789.41,3142.04,1031.05,0,0.93
440,44,2260.91,745.71,2379.75,977.32,0,0.9
440,73,3411.49,800.64,3613.48,1034.45,3,0.6
450,1,2605.26,739.01,2726.39,964.61,1,0.99
450,2,1423.16,613.71,1530.75,807.38,0,0.87
450,5,3407.99,806.99,3628.26,1048.33,3,0.71
450,16,2810.98,819.86,2955.79,1071.98,2,0.81
450,34,3026.94,792.17,3141.26,1032.72,0,0.93
450,44,2260.45,746.3,2380.23,979.13,0,0.9
450,73,3410.4,800.5,3611.97,1033.79,3,0.58
460,1,2604.97,738.52,2726.39,964.88,1,0.98
460,2,1421.23,613.99,1530.65,806.83,0,0.83
460,5,3409.76,806.9,3626.13,1048.99,3,0.85
460,16,2811.89,820.3,2954.56,1070.91,2,0.87
460,34,3027.46,793.76,3140.46,1033.07,0,0.91
460,44,2260.9,747.83,2380.74,979.22,0,0.89
460,73,3412.33,800.66,3610.71,1035.82,3,0.55
470,1,2605.1,738.48,2726.32,964.82,1,0.99
470,2,1422.16,614.17,1530.94,807.16,0,0.76
470,5,3409.93,806.96,3626.12,1048.97,3,0.79
470,16,2811.92,820.29,2955.5,1069.63,2,0.72
470,34,3028.17,794.21,3141.22,1032.65,0,0.91
470,44,2261.67,749.99,2382.83,975.89,0,0.93
470,73,3413.29,800.76,3610.99,1035.52,3,0.58
480,1,2605.33,739.63,2725.17,963.6,1,0.97
480,2,1421.84,612.43,1531.08,806.49,0,0.6
480,5,3407.1,805.54,3629.66,1047.27,3,0.53
480,16,2811.91,820.7,2954.48,1071.12,2,0.88
480,34,3029.48,796.78,3141.12,1032.7,0,0.93
480,44,2261.85,748.67,2384.97,976.74,0,0.94
480,73,3410.43,799.52,3612.75,1034.8,3,0.57
490,1,2605.43,739.25,2724.71,963.71,1,0.98
490,2,1421.79,612.42,1530.35,806.14,0,0.72
490,5,3405.67,804.95,3636.5,1035.07,3,0.82
490,16,2811.6,820.38,2953.89,1070.73,2,0.69
490,34,3029.81,796.45,3141.5,1033.37,0,0.94
490,44,2261.84,749.22,2384.37,979.35,0,0.95
490,73,3406.81,798.96,3617.81,1029.78,3,0.55
500,1,2605.76,738.99,2724.89,963.97,1,0.98
500,2,1421.33,613.52,1529.67,807.57,0,0.8
500,5,3410.06,805,3636.24,1035.33,3,0.58
500,16,2811.99,820.94,2953.35,1071.3,2,0.8
500,34,3030.12,797.89,3141.65,1033.78,0,0.94
500,44,2261.35,749.05,2380.63,978.76,0,0.93
500,73,3408.22,799.4,3614.84,1028.98,3,0.57
510,1,2605.68,738.94,2724.91,963.26,1,0.98
510,2,1423.63,612.97,1526.9,808.01,0,0.82
510,5,3414.04,806.4,3633.16,1038.85,3,0.53
510,16,2811.27,820.87,2954.13,1071.32,2,0.9
510,34,3030.08,797.65,3142.04,1033.72,0,0.94
510,44,2262.43,748.6,2380.4,979.66,0,0.94
510,73,3410.65,799.46,3612.6,1034.23,3,0.47
520,1,2605.42,738.4,2725.2,963.16,1,0.97
520,2,1422.78,612.46,1529.12,807.17,0,0.85
520,5,3411.3,806.24,3632.89,1043.96,3,0.44
520,16,2811.32,820.77,2954.43,1072.58,2,0.88
520,34,3029.97,797.99,3142.43,1033.86,0,0.93
520,44,2262.5,748.69,2379.72,979.15,0,0.93
520,73,3412.46,799.93,3614.45,1031.64,3,0.61
530,1,2605.3,738.34,2725.84,962.91,1,0.98
530,2,1422.8,612.61,1527.51,804.38,0,0.87
530,5,3411.73,807.01,3631.92,1047.76,3,0.79
530,16,2811.57,819.94,2954.66,1070.94,2,0.81
530,34,3029.89,796.63,3143.3,1032.64,0,0.93
530,44,2262.48,749.14,2378.7,979.05,0,0.95
530,73,3414.25,801.03,3615.76,1034.49,3,0.65
540,1,2605.4,739.23,2725.24,962.87,1,0.98
540,2,1409.54,633.8,1563.14,836.73,0,0.5
540,5,3411.9,807.47,3631.58,1049.13,3,0.8
540,16,2812.08,820.18,2956.22,1070.92,2,0.79
540,34,3029.57,794.31,3145.03,1031.86,0,0.96
540,44,2261.9,748.8,2378.36,979.57,0,0.94
540,73,3414.83,801.16,3615.75,1035.31,3,0.69
550,1,2605.16,738.77,2725.64,963.37,1,0.98
550,5,3413.38,807.54,3631.29,1048.33,3,0.51
550,16,2811.82,819.87,2957.17,1071.32,2,0.89
550,34,3029.71,794.39,3144.5,1031.98,0,0.94
550,44,2261.07,748.25,2378.01,980.57,0,0.93
550,73,3415.24,800.68,3615.48,1036.76,3,0.7
560,1,2605.31,737.87,2725.14,962.91,1,0.98
560,16,2812.92,820.79,2956.56,1071.35,2,0.84
560,34,3029.12,793.9,3142.56,1032.93,0,0.94
560,44,2259.98,746.91,2379.03,980.34,0,0.94
560,151,2021.62,798.2,2157.81,1048.19,0,0.95
560,2,1414.38,619.44,1539.25,809.78,0,0.57
570,1,2604.97,736.88,2725.5,963.05,1,0.98
570,16,2812.81,820.74,2956.59,1071.78,2,0.79
570,34,3028.89,793.64,3141.66,1033.4,0,0.94
570,44,2259.57,745.59,2379.55,981.39,0,0.93
570,151,2010.27,759.23,2128.63,998.96,0,0.96
570,154,1279.91,634.42,1436.29,831.55,3,0.63
570,2,1414.59,615.23,1530.29,801.14,3,0.67
570,5,3410.76,800.35,3604.41,1022.49,3,0.75
580,1,2603.92,736.63,2726.33,964.51,1,0.95
580,16,2811.28,819.63,2956.51,1072.43,2,0.78
580,34,3028.88,793.6,3141.93,1033.74,0,0.91
580,44,2259.38,745.05,2379.66,981.05,0,0.93
580,151,2002.75,726.53,2114.81,952.95,0,0.94
580,154,1281.3,636.35,1440.78,833.64,3,0.68
580,2,1412.22,613.93,1527.98,797.53,3,0.79
580,156,3413.96,801.12,3612.75,1028.15,3,0.62
580,5,3411.65,805.22,3623.97,1040.87,3,0.85
590,1,2604.13,735.98,2726.6,965.29,1,0.94
590,16,2810.45,819.84,2955.56,1072.19,2,0.67
590,34,3028.07,792.55,3143.72,1034.82,0,0.93
590,44,2259.45,745.97,2379.44,980.5,0,0.93
590,151,1997.05,703.02,2108.16,921.12,0,0.93
590,154,1277.21,638.89,1431.83,830.39,3,0.56
590,2,1415.08,614.57,1527,799.5,0,0.63
590,156,3413.93,800.55,3617.1,1032.68,3,0.65
590,5,3411.44,807.31,3628.51,1046.17,3,0.73
600,1,2604.59,736.81,2725.45,965.81,1,0.98
600,16,2811.41,819.12,2954.73,1072.76,2,0.47
600,34,3028.14,791.82,3144.86,1035.57,0,0.92
600,44,2259.84,744.43,2380.2,982.7,0,0.88
600,151,1996.49,691.74,2107.57,903.14,0,0.94
600,2,1421.39,613.83,1528.1,803.95,0,0.67
600,5,3411.82,810.09,3626.89,1047.48,3,0.68
600,167,3809.29,839.51,3940.76,1083.4,0,0.88
610,1,2604.67,737.61,2725.57,966.08,1,0.99
610,16,2811.36,820.32,2953.57,1071.45,2,0.46
610,34,3027.7,793.74,3143.43,1035.88,0,0.9
610,44,2261.79,735.43,2381.53,970.22,0,0.92
610,151,1992.86,684.86,2104.21,896.77,0,0.93
610,2,1422.98,613.72,1529.45,806.88,0,0.68
610,5,3411.69,811.24,3626.15,1047.78,3,0.77
610,167,3827.06,824.39,3955.05,1064.56,0,0.93
620,1,2605.15,737.81,2726.35,965.48,1,0.99
620,34,3026.96,794.25,3142.99,1029.58,0,0.9
620,44,2264.8,707.14,2379.34,935.71,0,0.95
620,151,1992.1,683.9,2103.57,895.41,0,0.91
620,2,1424.39,611.63,1531.56,807.01,0,0.85
620,5,3411.49,811.32,3627.83,1047.8,3,0.69
620,167,3834.87,818.59,3955.96,1049,0,0.91
620,180,3418.31,808.33,3625.86,1029.38,3,0.33
630,1,2604.13,735.91,2725.69,965,1,0.98
630,34,3028.11,787.4,3145.76,985.54,0,0.87
630,44,2264.53,670.73,2374.42,883.09,0,0.94
630,151,1991.33,683.95,2102.59,894.75,0,0.95
630,2,1432.87,600.65,1534.31,795.46,0,0.88
630,5,3414.8,812.51,3631.29,1047.38,3,0.28
630,167,3839.61,815.54,3955.19,1041.13,0,0.66
630,180,3419.4,807.79,3630.54,1029.95,3,0.27
630,182,3835.84,818.26,3952.35,1044.56,0,0.68
630,16,2817.04,815.1,2954.59,1024.89,2,0.5
640,1,2607.32,722.39,2727.23,945.78,1,0.89
640,34,3028.9,786.92,3148.04,991.74,0,0.78
640,44,2274.22,624.3,2380.4,825.96,0,0.93
640,151,1990.92,684.28,2101.73,893.87,0,0.96
640,2,1440.41,592.54,1536.77,776.72,1,0.56
640,5,3416.31,801.71,3614.87,1039.22,3,0.68
640,167,3840.27,816.42,3954.72,1040.1,0,0.48
640,180,3419.93,804.81,3625.11,1037.34,3,0.74
640,182,3835.22,820.02,3951.12,1044.95,0,0.88
650,1,2617.66,694.11,2736.4,912.22,1,0.92
650,34,3028.27,785.95,3146.14,990.05,0,0.54
650,44,2305.35,578.01,2407.88,771.52,0,0.86
650,151,1989.43,666.65,2094.93,870.75,0,0.75
650,2,1468.08,566.67,1566,744.61,0,0.81
650,167,3839.61,816.44,3953.69,1039.97,0,0.62
650,182,3834.07,820.51,3950.18,1045.6,0,0.83
650,16,2811.69,806.92,2950.15,1045.38,2,0.71
660,1,2638.44,654.24,2747.86,862.24,1,0.91
660,34,3019.48,775.71,3133.89,1009.66,0,0.49
660,44,2321.77,526.7,2418.73,707.51,0,0.93
660,151,1960.97,628.42,2059.77,827.77,0,0.92
660,2,1474,535.76,1565.42,712.67,0,0.82
660,167,3837.76,809.12,3952.74,1034.29,0,0.9
660,16,2804.53,788.51,2937.19,1027.49,2,0.84
670,1,2653.74,612.02,2753.83,806.49,1,0.81
670,44,2320.67,479.45,2412.3,651.19,0,0.94
670,2,1456.54,509.19,1542.97,675.21,0,0.76
670,182,3802.6,785.7,3919,1022.89,0,0.96
680,1,2653.62,565.19,2748.14,750.25,0,0.81
680,196,1896.37,529.2,1986.41,696.39,0,0.88
690,196,1906.21,483.33,1990.31,642.45,0,0.93
700,196,1929.94,430.35,2004.82,569.59,0,0.67
720,222,2603.17,514.73,2693.92,682.1,0,0.84
720,44,2335.63,410.3,2417.79,562.43,0,0.88
720,196,1950.68,349.5,2011.74,460.15,0,0.38
730,222,2590.19,473.69,2677.38,640.61,0,0.78
740,222,2566.68,432.85,2648.02,585.25,0,0.71
750,222,2544,405.38,2617.26,539.71,0,0.55
750,248,938.47,331.1,996.11,429.36,0,0.69
850,295,846.17,562.56,930.65,735.69,0,0.59
870,304,1499.19,533.37,1591.83,712.73,0,0.81
870,295,832.98,612.42,921.3,775.32,1,0.48
890,304,1502.17,454.85,1586.23,606.31,0,0.93
900,304,1483.23,413.41,1559.37,550.68,0,0.77
920,325,672.44,530.78,795.4,691.09,0,0.7
920,167,3851,591.69,4007.89,785.58,0,0.82
930,325,685.36,538.62,799.46,692.89,0,0.62
940,325,675.51,545.22,805.71,688.79,0,0.27
950,325,675.23,544.08,806.12,694.24,0,0.3
960,325,669.66,539.72,804.61,692.49,0,0.81
960,16,2786.39,655.95,2934.68,860.82,0,0.92
970,325,666.49,538.45,804.13,692.25,0,0.83
980,325,665.95,538.9,802.95,690.9,0,0.81
990,325,665.33,540.41,802.54,690.41,0,0.81
1000,325,664.62,539.56,802.13,689.88,0,0.82
1010,325,664.24,535.95,802.22,689.52,0,0.79
1020,325,665.49,532.97,801.43,688.96,0,0.63
1030,325,667.32,529.83,799.25,689.5,0,0.77
1040,325,666.7,535.14,800.18,687.69,0,0.73
1050,325,666.41,533.19,798.98,689.95,0,0.86
1050,382,2541.75,511.44,2619.04,669,0,0.61
1050,385,2495.15,424.88,2561.97,554.53,0,0.67
1060,325,666.84,536.19,800.06,690.28,0,0.88
1070,325,667.48,536.33,801.64,690.84,0,0.84
1080,325,667.77,534.82,802.1,690.37,0,0.84
1090,325,668.64,533.99,802.47,689.79,0,0.81
1100,325,669.8,533.77,802.6,689.68,0,0.8
1110,325,671.04,534.11,802.35,687.88,0,0.76
1130,325,670.72,529.22,798.88,686.31,0,0.73
1150,426,901.89,507.62,993.58,669.14,0,0.54
1150,325,670.52,532.45,801.3,686.41,0,0.76
1160,325,670.8,537.83,800.92,687.74,0,0.82
1170,325,669.42,540.09,801.75,689.8,0,0.3
1180,325,671.35,542.06,800.24,689.31,0,0.68
1200,325,669.2,531.89,801.86,688.37,0,0.61
1210,325,668.75,532.27,804.91,684.21,0,0.34
1220,325,672.41,531.36,799.88,681.7,0,0.77
1230,325,669.34,530.45,801,685.59,0,0.57
1240,325,669.71,530.03,801.77,688.11,0,0.48
1250,325,668.96,530.12,802.53,689.6,0,0.42
1260,325,668.8,530.94,802.9,689.68,0,0.74
1270,325,671.3,531.72,803.24,690.56,0,0.68
1280,325,670.89,534.82,804.61,694.96,0,0.77
1280,426,883.67,537.46,977.99,708.99,0,0.69
1290,325,669.97,534.66,805.22,690.18,0,0.7
1300,325,668.86,535.63,803.71,688.38,0,0.33
1310,325,667.86,533.96,803.57,689.8,0,0.81
1320,325,666.9,532.34,803.11,689.89,0,0.72
1330,325,666.66,531.95,802.83,689.84,0,0.78
1340,325,668.74,532.62,803.93,691.85,0,0.8
1350,325,670.42,538.36,802.74,692.03,0,0.82
1360,325,677.25,537.83,801.36,689.43,0,0.62
1380,325,672.24,532.03,795.61,678.2,0,0.3
1390,325,671.81,529.03,794.44,681.61,0,0.44
1400,325,670.41,530.44,798.15,681.88,0,0.77
1410,325,667.93,529.45,801.63,690.75,0,0.77
1420,325,669.73,531.63,804.12,691.64,0,0.69
1430,325,671.94,532.37,803.47,690.2,0,0.8
1440,325,671.72,534.04,803.79,692.73,0,0.78
1440,496,916.79,524.74,999.43,684.81,0,0.75
1450,325,672.73,533.81,803.01,690.42,0,0.76
1450,426,859.59,573.83,946.93,732.97,0,0.59
1460,325,669.7,535.38,805.07,688.06,0,0.36
1470,325,668.34,532.95,803.01,687.68,0,0.78
1480,325,666.82,531.22,803.27,690.82,0,0.77
1490,325,668.04,530.99,802.34,689.65,0,0.4
1490,426,839.71,615.07,940.1,814.31,0,0.66
1500,325,668.2,533.16,804.07,691.26,0,0.63
1510,325,669.15,532.21,802.66,688.92,0,0.64
1520,325,669.9,537.59,803.39,689.63,0,0.52
1530,325,671.67,536.77,800.44,687.31,0,0.39
1540,325,672.75,533.79,799.53,683.66,0,0.73
1570,496,930.82,541.66,1094.16,710.3,0,0.9
1660,577,2094.78,776.48,2223.5,1031.8,0,0.91
1670,577,2073.04,743.15,2207.14,992.11,0,0.92
1680,577,2060.4,724.47,2190.58,969.23,0,0.91
1690,577,2054.08,719.7,2181.74,962.67,0,0.93
1700,577,2050.95,718.02,2177.36,961.1,0,0.93
1710,577,2051.09,718.95,2177.88,961.89,0,0.94
1720,577,2052.51,719.57,2180.25,963.39,0,0.94
1730,577,2054.14,720.63,2180.65,963.12,0,0.92
1740,577,2055.47,720.03,2182.5,964.73,0,0.92
1750,577,2056,720.15,2183.47,965.59,0,0.93
1760,577,2056.4,719.28,2184.22,966.24,0,0.92
1770,577,2057.51,720.43,2184.81,966.26,0,0.93
1780,577,2058.26,721.96,2185.18,965.67,0,0.93
1790,577,2057.3,722.43,2184.74,965.73,0,0.91
1800,577,2057.21,722.15,2184.73,965.94,0,0.93
1810,577,2057,721.7,2184.99,966.88,0,0.92
1820,577,2058.09,721.67,2185.16,965.79,0,0.93
1830,577,2058.71,722.19,2185.04,964.75,0,0.92
1840,577,2058.84,723.19,2185.66,964.86,0,0.93
1840,325,679.16,520.28,807.08,674.38,0,0.66
1850,577,2058.6,723.44,2186.03,965.8,0,0.93
1860,577,2058.24,723.15,2186.37,966.77,0,0.93
1870,577,2058.31,722.31,2186.05,966.78,0,0.93
1880,577,2060.1,722.42,2186.25,967.16,0,0.92
1890,577,2059.06,722.11,2186.69,966.34,0,0.92
1900,577,2058.61,722.19,2186.65,966.58,0,0.92
1910,577,2058.46,721.67,2186.61,967.04,0,0.92
1920,577,2058.92,722.43,2188.2,966.34,0,0.92
1930,577,2059.44,722.36,2188.58,965.69,0,0.92
1940,577,2060.53,723.19,2189.42,963.27,0,0.92
1950,577,2060.65,723.39,2189.58,962.84,0,0.92
1960,577,2060.94,723.22,2189.32,963.16,0,0.93
1970,577,2060.42,723.81,2188.58,963.05,0,0.92
1980,577,2060.39,724.17,2187.96,963.26,0,0.92
1990,577,2060.22,724.45,2187.45,964.08,0,0.93
2000,577,2060.3,724.36,2187.25,964.33,0,0.93
2010,577,2064.22,725.78,2186.75,964.85,0,0.87
2020,577,2063.26,724.16,2189.47,964.09,0,0.94
2030,577,2063.38,724.09,2189.61,964.6,0,0.93
2040,577,2062.4,724.31,2189.39,964.36,0,0.92
2050,577,2061.05,726.58,2188.08,964.96,0,0.92
2060,577,2060.42,728.54,2186.15,966.07,0,0.91
2070,577,2060.68,725.9,2187.11,966.53,0,0.92
2080,577,2061.53,725.74,2189.41,967.09,0,0.91
2090,577,2061.94,725.21,2190.77,966.13,0,0.92
2100,577,2062.22,724.8,2191.61,966.01,0,0.92
2110,577,2062.8,725.25,2191.74,965.38,0,0.92
2120,577,2062.86,725.26,2192.49,964.44,0,0.93
2130,577,2062.7,725.03,2192.65,964.87,0,0.92
2140,577,2062.41,724.83,2192.48,966.31,0,0.92
2150,577,2062.55,725.27,2192.42,966.97,0,0.92
2160,577,2062.72,725.74,2191.98,967.09,0,0.92
2170,577,2063.23,725.67,2192.74,965.77,0,0.93
2180,577,2063.15,725.68,2193.18,965.59,0,0.93
2190,577,2063.37,726.11,2192.09,964.8,0,0.94
2200,577,2063.25,725.32,2192.64,962.4,0,0.86
2210,577,2066.07,719.59,2195.43,942.86,0,0.74
2220,577,2064.03,723.34,2192.79,956.94,0,0.92
2220,622,2262.86,696.12,2374.36,924.88,1,0.77
2230,577,2063.2,724.77,2192.23,961.58,0,0.93
2230,622,2272.53,698.01,2395.72,924.31,1,0.59
2240,577,2063.5,724.78,2191.98,963.83,0,0.93
2250,577,2063.49,724.71,2191.02,964.55,0,0.93
2260,577,2063.57,725.41,2191.36,964.66,0,0.93
2270,577,2062.88,725.94,2191.19,964.39,0,0.92
2280,577,2062.47,725.67,2190.93,964.11,0,0.92
2280,622,2277.77,696.5,2379.04,924.44,1,0.71
2290,577,2062.35,724.84,2191.92,963.65,0,0.92
2290,635,633.39,336.55,753.79,455.41,0,0.55
2290,622,2276.76,696.46,2378.14,925.04,1,0.75
2300,577,2061.68,724.78,2189.39,963.9,0,0.9
2310,577,2061.82,726.39,2189.14,964.17,0,0.9
2310,622,2275.8,696.68,2376.56,925.4,1,0.65
2320,577,2061.92,725.87,2189.62,964.78,0,0.92
2330,577,2061.7,724.96,2190.55,964.98,0,0.93
2340,577,2061.84,725.01,2192.17,964.65,0,0.92
2350,577,2061.85,725.18,2193.23,964.24,0,0.92
2360,577,2062.02,724.83,2192.88,963.75,0,0.92
2370,577,2062.4,725.66,2192.31,963.05,0,0.92
2380,577,2061.97,725.18,2192.32,963.44,0,0.92
2390,577,2062.53,726.67,2190.41,965.02,0,0.9
2400,577,2062.57,727.77,2189.52,965.65,0,0.91
2410,577,2062.64,726.97,2190.1,965.53,0,0.91
2420,577,2062.53,726.69,2191.11,963.53,0,0.92
2430,577,2062.62,726.29,2191.48,962.93,0,0.93
2440,577,2061.76,725.36,2192.35,964.04,0,0.92
2440,654,864.3,455.13,963.9,610.69,0,0.79
2450,577,2061.32,725.13,2192.92,964.2,0,0.93
2460,577,2061.13,724.59,2192.97,964.11,0,0.92
2470,577,2062.55,722.08,2192.77,963.64,0,0.95
2480,577,2062.84,723.37,2193.46,964.31,0,0.94
2490,577,2063.5,724.3,2193.26,964.05,0,0.94
2490,673,2287.27,971.28,2433.72,1265.03,1,0.73
2500,577,2063.62,724.76,2193.08,964.12,0,0.93
2500,673,2268.43,909.74,2426.83,1192.09,3,0.44
2510,577,2063.57,724.75,2192.89,964.09,0,0.94
2510,673,2265.45,866.39,2415.48,1141.84,3,0.28
2520,577,2063.04,724.72,2192.43,964.11,0,0.94
2520,673,2265.84,851.69,2410.46,1123.67,1,0.33
2520,680,1451.84,332.98,1584.46,453.03,0,0.82
2530,577,2062.97,724.89,2192.4,964.16,0,0.94
2530,673,2267.59,849.48,2409.56,1119.73,1,0.36
2540,577,2062.63,723.93,2192.66,963.82,0,0.93
2540,680,1494.84,335.16,1617.32,456.98,0,0.61
2550,577,2062.65,724.34,2192.77,963.75,0,0.94
2550,680,1510.05,337.19,1629.78,458.67,0,0.68
2550,673,2268.55,848.94,2409.2,1118.85,1,0.4
2560,577,2062.7,725.79,2191.8,964.73,0,0.94
2560,673,2269.18,851.05,2409.39,1121.44,1,0.49
2570,577,2062.9,725.71,2191.75,964.73,0,0.93
2570,680,1524.98,339.96,1636.86,459.33,0,0.76
2580,577,2063.04,725.82,2191.57,964.38,0,0.94
2580,680,1523.41,339.21,1631.77,452.95,0,0.54
2590,577,2062.6,726.12,2192.09,965.13,0,0.94
2590,683,2677.72,837.3,2796.78,1090.21,0,0.91
2600,577,2062.57,726.09,2192.1,965.43,0,0.93
2600,680,1530.32,336.09,1640.74,460.03,0,0.5
2610,577,2062.4,725.81,2190.66,965.9,0,0.93
2620,577,2062.42,725.7,2190.01,966.18,0,0.93
2620,690,2269.11,862.31,2411.9,1130.55,1,0.4
2630,577,2062.49,726.22,2189.73,966.27,0,0.93
2630,690,2269.32,863.01,2412.28,1131.01,1,0.42
2630,691,2949.05,581.63,3043.26,767.9,0,0.9
2630,680,1550.11,337.74,1653.73,459.99,0,0.51
2640,577,2062.63,727.13,2189.57,965.38,0,0.93
2640,690,2269.21,862.05,2412.94,1129.4,3,0.43
2640,691,2946.95,544.39,3036.69,722.65,0,0.82
2650,577,2062.43,727.32,2189.63,966,0,0.94
2650,690,2269.93,861.78,2412.47,1127.96,3,0.58
2650,691,2918.14,504.26,3004.45,668.37,0,0.85
2650,680,1543.27,348.79,1667.47,487.45,0,0.39
2660,577,2062.37,727.12,2189.8,966.01,0,0.93
2660,690,2269.62,862.82,2412.06,1128.43,3,0.48
2660,691,2869.94,467.18,2960.49,629.45,0,0.9
2660,680,1547.65,341.07,1661.5,472.1,0,0.39
2670,577,2062.24,726.51,2190.5,967.31,0,0.93
2670,690,2269.49,862.75,2411.9,1129.8,1,0.51
2670,680,1549.15,338.59,1660.08,466.89,0,0.51
2680,577,2061.93,726.51,2190.5,968.21,0,0.93
2680,690,2269.74,862.69,2412.56,1129.62,3,0.49
2680,700,2269.74,862.64,2412.67,1129.77,1,0.47
2690,577,2061.69,727.19,2189.63,967.34,0,0.93
2690,680,1564.42,341.42,1663.67,465.68,0,0.34
2700,577,2061.59,727.25,2189.61,966.54,0,0.93
2700,680,1551.91,336.95,1664.72,464.57,0,0.48
2700,690,2268.16,863.7,2413.41,1130.06,3,0.39
2710,577,2061.24,727.36,2189.36,966.46,0,0.93
2710,680,1551.26,340.23,1665.45,467.04,0,0.6
2710,690,2267.72,864.02,2413.41,1129.82,3,0.4
2720,577,2060.98,727,2189.91,967.57,0,0.93
2720,690,2267.65,865.68,2412.57,1130.36,3,0.36
2730,577,2061.23,727,2189.81,967.13,0,0.92
2730,690,2268.18,867.5,2412.17,1130.55,1,0.27
2730,710,2231.58,1408.67,2481.67,1832.4,2,0.92
2730,680,1555.52,342.13,1669.92,463.94,0,0.48
2740,577,2061.42,727.43,2189.62,967.45,0,0.93
2740,690,2268.91,869.55,2412.71,1131.89,1,0.37
2740,710,2226.65,1295.27,2457.62,1690.55,2,0.97
2750,577,2062.03,725.61,2189.92,966,0,0.93
2750,690,2268.63,873.17,2411.6,1132.18,3,0.43
2750,710,2209.35,1199.27,2425.19,1550.49,2,0.94
2750,673,2280.1,671.24,2376.88,864.56,1,0.58
2750,680,1556.6,343.4,1669.91,466.02,0,0.66
2760,577,2061.58,720.29,2189.29,963.79,0,0.67
2760,690,2266.54,872.71,2411.48,1125.37,3,0.4
2760,710,2211.15,1130.15,2398.46,1456.25,2,0.48
2760,673,2268.86,662.85,2361.19,859.34,1,0.71
2760,680,1555.98,342.25,1669.5,465.85,0,0.31
2770,577,2061,719.76,2188.41,964.71,0,0.92
2770,690,2272.91,872.82,2416.24,1132.17,3,0.42
2770,710,2201.3,1085.03,2377.3,1387.13,2,0.59
2770,673,2239.79,649.96,2336.34,839.05,1,0.72
2780,577,2060.28,721.87,2187.86,965.94,0,0.92
2780,690,2276.82,873.15,2418.37,1129.74,1,0.59
2780,710,2188.53,1045.71,2361.8,1337.1,2,0.32
2790,577,2060.3,710.55,2183.92,956.53,0,0.86
2790,690,2278.79,872.76,2418.57,1125.79,1,0.38
2790,710,2181.62,1018.68,2351.59,1301.75,2,0.8
2800,577,2058.52,689.41,2179.36,926.17,0,0.94
2800,690,2283.25,866.37,2421.13,1110.56,3,0.36
2800,710,2176.29,1002.81,2346.48,1279.07,2,0.9
2810,577,2069.17,656.32,2182.68,872.75,0,0.93
2810,690,2283.79,846.12,2414.83,1086.53,3,0.6
2810,710,2172.84,989.31,2341.93,1262.77,2,0.88
2810,673,2218.69,564.51,2303.19,747.27,0,0.5
2820,577,2065.19,609.67,2171.93,813.58,0,0.9
2820,690,2281.8,798.37,2403.35,1032.31,1,0.62
2820,710,2161.7,949.99,2335.6,1225.85,2,0.94
2830,577,2040.21,565.15,2140.15,755.95,0,0.95
2830,690,2272.29,738.49,2383.18,962.21,1,0.95
2830,710,2157.1,890.75,2320.4,1167.07,2,0.6
2830,673,2187.6,513.28,2267.46,685.87,0,0.49
2840,577,1999.33,522.58,2098.21,709.12,0,0.94
2840,710,2151.65,836.25,2302.98,1087.55,0,0.42
2840,673,2185.5,493.14,2263.34,657.22,0,0.81
2850,577,1962,490.32,2051.34,659.31,0,0.83
2850,710,2151.5,774.46,2285.92,1006.79,0,0.81
2850,673,2181.77,473.53,2253.67,622.04,0,0.55
2860,577,1933.43,456.35,2019.1,612.32,0,0.91
2860,710,2153.3,709.95,2276.49,926.62,0,0.84
2870,577,1919.05,420.23,1996.97,569.4,0,0.87
2870,710,2157.82,651.66,2270.03,849.99,0,0.61
2880,577,1904.36,386.74,1978.73,525.1,0,0.52
2880,710,2157.35,603.16,2265.75,790.85,0,0.4
2880,673,2157,420.73,2216.94,550.06,0,0.74
2890,577,1892.2,359.47,1959.85,490.61,0,0.51
2890,710,2156.48,554.56,2260.52,736.14,0,0.83
2890,673,2136.14,408.32,2196.2,536.75,0,0.66
2900,577,1889.74,333.24,1954.07,452.65,0,0.55
2900,710,2152.29,514.23,2248.34,682.79,0,0.58
2910,577,1890.11,318.4,1950,429.19,0,0.62
2910,710,2139.61,480.57,2230.34,638.21,0,0.77
2920,710,2126.35,452.43,2212.67,596.91,0,0.88
2930,710,2102.58,417.9,2188.14,554.38,0,0.53
2940,710,2080.22,389.02,2166.01,524.58,0,0.67
3090,870,1838.83,616.91,1936.29,824.85,0,0.94
3100,870,1835.74,576.19,1925.93,769.6,0,0.91
3110,870,1830.77,537.2,1914.26,708.71,0,0.94
3110,873,841.43,483.61,929.03,658.41,0,0.73
3120,870,1820.29,498.77,1902.61,668.16,0,0.9
3130,870,1809.54,461.34,1888.59,629.38,0,0.82
3140,870,1796.65,445.66,1869.39,599.69,0,0.84
3140,875,748.54,469.83,837.89,619.91,0,0.91
3150,870,1777.58,434.74,1847.63,570.17,0,0.87
3150,875,750.51,485.51,846.6,638.58,0,0.78
3160,875,740.65,501.35,835.85,657.54,0,0.82
3170,875,739.18,510.72,833.45,671.27,0,0.84
3170,870,1730.55,377.15,1796.79,504.13,0,0.73
3180,875,747.29,514.11,845.38,682.37,0,0.9
3180,870,1731.46,359.72,1794.14,481.18,0,0.65
3190,875,763.08,516.99,866.4,684.54,0,0.89
3210,875,792.66,524.76,909.96,691.65,0,0.54
3220,875,802.38,535.95,916.03,693.45,0,0.58
3230,875,798.48,526.17,916.06,692.39,0,0.75
3240,875,794.63,521.61,911.92,687.63,0,0.8
3250,875,779.78,518.43,906.02,688.06,0,0.81
3260,875,768.6,516.32,896.34,683.98,0,0.85
3260,899,1935.72,414.23,2007.4,564.27,0,0.88
3260,902,822.07,328.44,882.51,439.74,0,0.61
3270,875,757.28,518.72,883.25,679.71,0,0.54
3270,899,1927.17,370.67,1997.32,505.61,0,0.84
3280,875,763.11,517.74,883.21,676.87,0,0.52
3280,899,1911.88,328.64,1973.44,443.84,0,0.75
3290,875,752.08,511.94,876.69,674.24,0,0.75
3300,875,745.96,510.01,873.98,675.11,0,0.56
3310,875,742,511.16,873.88,674,0,0.7
3320,875,738.13,512.19,875.7,673.83,0,0.8
3330,875,738.67,512.13,876.16,679.39,0,0.71
3330,908,940.43,458.4,1020,612.37,0,0.87
3340,875,740.28,512.81,874.02,676.11,0,0.71
3340,908,939.5,491.88,1022.82,647.73,0,0.88
3350,875,740.48,513.9,870.38,672.81,0,0.58
3360,875,740.14,513.32,872.1,672.75,0,0.52
3370,875,743.58,513.58,873.78,671.54,0,0.57
3380,875,744.79,513.93,870.78,676.69,0,0.62
3390,875,747.53,513.09,873.2,675.71,0,0.77
3400,875,748.5,514.4,875.74,676.94,0,0.71
3410,875,746.49,513.95,873.52,677.14,0,0.77
3420,875,748.2,513.47,866.7,678.61,0,0.72
3430,875,746.8,513.54,870.12,680.99,0,0.74
3440,875,747.01,512.74,867.08,675.17,0,0.76
3450,875,743.62,512.35,869.72,674.79,0,0.69
3460,875,740.96,512.44,871.78,674.87,0,0.72
3470,875,743.69,512.51,869.43,675.56,0,0.79
3480,875,741.17,513.45,864.51,672.4,0,0.66
3490,875,733.56,515.47,863.53,673.13,0,0.42
3490,948,2884.53,651.67,2999.85,869.35,0,0.91
3500,875,730.02,515.24,857.37,671.02,0,0.67
3520,875,724.74,516.41,836.17,668.53,0,0.28
3530,875,729.19,517.91,848.09,670.42,0,0.3
3540,875,734.58,518.58,849.59,669.85,0,0.53
3550,875,730,513.11,853.19,669.87,0,0.75
3560,875,731.99,514.28,853.46,669.43,0,0.57
3570,875,731,515.12,850.36,668.13,0,0.61
3580,875,736.81,513.51,850.08,668.17,0,0.77
3590,875,734.45,513.07,852.63,670.29,0,0.77
3600,875,728,512.81,853.4,670.4,0,0.68
3610,875,726.69,513.35,851.52,670.05,0,0.58
3620,875,729.52,513.19,849.38,669.03,0,0.42
3640,992,840.51,489.15,942.11,643.78,0,0.79
3650,875,734.86,515.93,843.83,679.95,0,0.58
3660,875,734.38,512.98,843.54,667.1,0,0.44
3680,1010,2149.39,999.53,2311.33,1320.2,0,0.87
3690,1010,2171.25,955.09,2324.88,1263.38,0,0.75
3690,1012,1352.17,376.75,1428.08,517.47,0,0.75
3690,875,724.39,523.3,850.93,710.85,0,0.64
3700,1010,2178.63,918.52,2328.85,1214.25,0,0.89
3700,1012,1331.46,404.87,1407.49,543.23,0,0.82
3700,1019,3612.38,868.89,3762.06,1122.05,0,0.82
3700,1020,2519.42,835.07,2654.7,1094.45,0,0.95
3710,1010,2182.33,902.23,2330.87,1185.32,0,0.91
3710,1012,1303.35,431.87,1380.88,576.14,0,0.74
3710,1019,3573.31,892.41,3724.24,1149.48,0,0.6
3710,1020,2526.46,825.86,2663.25,1076.88,0,0.87
3720,1010,2183,896.56,2334.04,1174.79,0,0.91
3720,1012,1275.68,450.66,1366.32,596.08,0,0.6
3720,1019,3463.77,906.78,3654.02,1162.44,0,0.89
3720,1020,2535.75,819.67,2674.77,1068.2,0,0.92
3720,992,813.58,477.01,903.39,627.5,0,0.62
3720,875,722.07,527.46,852.64,681.25,0,0.4
3730,1010,2185.67,890.68,2333.31,1170.75,0,0.56
3730,1012,1279.26,467.14,1373.53,627.27,0,0.84
3730,1020,2537.49,819.76,2678.32,1064.73,0,0.91
3740,1010,2185.23,890.89,2332.61,1169,0,0.8
3740,1012,1299.6,484.87,1394.69,650.42,0,0.73
3740,1020,2536.32,819.52,2677.26,1065.21,0,0.52
3740,875,722.7,516.35,827.8,669.23,0,0.46
3750,1010,2186.23,893.57,2335.76,1167.52,0,0.8
3750,1012,1315.02,500.14,1412.3,671.41,0,0.86
3750,1020,2533.01,819.58,2672.7,1065.38,0,0.38
3760,1010,2187.85,896.13,2337.26,1168.37,0,0.78
3760,1012,1312.9,514.29,1415.55,692.37,0,0.89
3760,1020,2526.46,827.58,2734.89,1102.86,3,0.93
3760,1044,1286.39,765.88,1412.34,1022.96,0,0.91
3760,875,728.22,514.4,833.8,670,0,0.56
3770,1010,2191.38,887.75,2331.57,1153.48,0,0.53
3770,1012,1300.38,531.48,1406.14,717.03,0,0.7
3770,1020,2528.4,822.67,2701.53,1082.14,0,0.51
3770,1044,1331.61,731.42,1454.72,964.21,0,0.81
3770,875,726.61,518.72,838.58,675.29,0,0.45
3780,1010,2192.28,892.89,2334.6,1166.69,0,0.82
3780,1012,1271.94,555.61,1382.81,756.41,0,0.92
3780,1020,2533.72,823.14,2687.92,1073.13,0,0.86
3780,992,788.18,515.31,919.59,668.3,0,0.59
3790,1010,2189.92,890.44,2337.87,1172.56,0,0.33
3790,1020,2536.76,823.58,2682.35,1070.29,0,0.83
3790,1063,1537.94,874.33,1715.19,1161.05,0,0.83
3790,1044,1412.3,637.38,1525.03,853.99,0,0.95
3800,1010,2186.92,889.75,2337.85,1174.11,0,0.41
3800,1020,2534.52,822.19,2678.02,1068.89,0,0.9
3800,1063,1534.53,878.44,1713.75,1165.6,0,0.79
3810,1010,2186.21,891.67,2337.8,1174.62,0,0.34
3810,1020,2531.47,821.23,2669.35,1068.08,0,0.32
3810,1063,1532.89,884.19,1713.48,1163.25,0,0.91
3810,1012,1221.27,572.48,1380.58,790.79,0,0.62
3820,1010,2183.75,895.25,2335.99,1175.14,0,0.37
3820,1020,2529.32,820.47,2667.59,1069.94,0,0.75
3820,1063,1533.96,888.96,1716.75,1164.04,0,0.88
3820,1044,1446.57,553.33,1608.61,749.1,0,0.81
3830,1010,2184.55,897.95,2334.75,1174.59,0,0.68
3830,1020,2531.57,820.02,2671.2,1068.88,0,0.76
3830,1063,1535.97,881.6,1718.04,1160.17,0,0.92
3830,992,803.8,546.26,931.98,724.76,0,0.84
3840,1010,2184.78,898.43,2333.91,1175.59,0,0.56
3840,1020,2534.06,819.57,2675.44,1069.05,0,0.85
3840,1063,1537.47,878.74,1717.44,1158.64,0,0.94
3850,1010,2184.44,896.98,2334.61,1177.12,0,0.69
3850,1020,2535.92,818.84,2676.65,1070.3,0,0.84
3850,1063,1538,878.19,1717.08,1158.18,0,0.94
3860,1010,2184.1,896.3,2334.37,1177.73,0,0.62
3860,1020,2535.66,815.4,2675.95,1069.65,0,0.77
3860,1063,1537.55,877.53,1716.02,1158.27,0,0.95
3870,1010,2185.42,892.88,2336.59,1176.14,0,0.83
3870,1020,2532.76,817.45,2676.79,1068.95,0,0.85
3870,1063,1536,876.89,1713.62,1156.2,0,0.95
3880,1010,2186.27,893.13,2337.12,1175.03,0,0.72
3880,1020,2532.03,820.14,2675.41,1067.79,0,0.48
3880,1063,1534.25,877.82,1710.54,1157.46,0,0.96
3890,1010,2186.6,892.82,2337.31,1174.54,0,0.7
3890,1020,2532.64,819.95,2675.39,1067.19,0,0.78
3890,1063,1535.18,872.94,1712.85,1156.89,0,0.95
3900,1010,2185.73,893.27,2338.08,1174.82,0,0.26
3900,1020,2533.47,820.13,2675.43,1068.36,0,0.79
3900,1063,1534.21,873.94,1715.57,1160.89,0,0.94
3910,1010,2185.37,892.89,2338.66,1174.81,0,0.4
3910,1020,2533.65,819.55,2676.07,1069.18,0,0.85
3910,1063,1534.61,875.95,1717.09,1159.45,0,0.95
3920,1010,2185.35,892.24,2338.57,1176.66,0,0.35
3920,1020,2534.53,819.87,2675.9,1070.41,0,0.84
3920,1063,1536.33,877.1,1717.64,1157.75,0,0.96
3920,1138,3744.19,1063.16,4042.87,1361.37,0,0.87
3930,1010,2185.54,892.35,2338.45,1175.63,0,0.73
3930,1020,2536.33,820.42,2676.3,1070.43,0,0.9
3930,1063,1535.7,877.03,1715.89,1157.71,0,0.96
3940,1010,2185.46,892.68,2337.69,1175.37,0,0.57
3940,1020,2536.34,820.68,2675.98,1070.55,0,0.89
3940,1063,1535.63,880.17,1715.08,1157.78,0,0.94
3950,1010,2185.78,892.57,2336.81,1175.31,0,0.38
3950,1020,2536.82,820.87,2676.12,1070.98,0,0.89
3950,1063,1535.85,880.23,1715.65,1157.71,0,0.94
3960,1010,2185.59,892.49,2336.49,1175.35,0,0.28
3960,1020,2535.65,821.43,2675.86,1071.26,0,0.82
3960,1063,1536.12,881.19,1717.51,1157.71,0,0.91
3970,1010,2186.03,892.63,2337.63,1176.18,0,0.53
3970,1020,2534.78,822.33,2675.13,1070.39,0,0.73
3970,1063,1536.4,880.09,1717.62,1158.47,0,0.94
3980,1010,2186.28,893.12,2337.98,1176.53,0,0.35
3980,1020,2534.72,822.05,2675.35,1070.01,0,0.72
3980,1063,1536.13,878.68,1716.82,1159.36,0,0.95
3990,1010,2186.24,893.73,2338.13,1176.54,0,0.39
3990,1020,2534.74,822.6,2674.83,1069.58,0,0.74
3990,1063,1535.94,877.69,1716.8,1158.75,0,0.95
4000,1010,2186,892.85,2338.22,1175.96,0,0.65
4000,1020,2531.71,821.88,2671.57,1070.28,0,0.52
4000,1063,1536.24,876.47,1717.11,1158.37,0,0.94
4010,1010,2186.07,893.02,2337.88,1175.62,0,0.66
4010,1020,2532.87,822.57,2672.83,1069.7,0,0.38
4010,1063,1536.79,877.27,1717.5,1158.59,0,0.92
4010,1148,2531.52,822.96,2669.76,1070.15,0,0.33
4020,1010,2185.45,893.71,2337.81,1176.4,0,0.41
4020,1020,2533.14,822.27,2673.74,1070.21,0,0.45
4020,1063,1537.02,877.97,1717.82,1155.57,0,0.94
4020,1148,2531.07,822.11,2669.6,1070.57,0,0.27
4030,1010,2185.11,893.51,2338.15,1177.37,0,0.34
4030,1063,1536.51,875.83,1718.71,1156.43,0,0.94
4040,1010,2185.51,893.93,2336.8,1175.94,0,0.63
4040,1063,1536.17,878.2,1718.85,1160.11,0,0.9
4040,1020,2530.27,821.07,2669.75,1070.05,0,0.59
4050,1010,2186.95,894.11,2336.96,1175.53,0,0.6
4050,1063,1536.05,881.12,1718.2,1159.44,0,0.94
4050,1020,2530.82,820.08,2672.7,1069.74,0,0.83
4060,1010,2186.62,893.47,2338.12,1176.77,0,0.5
4060,1063,1535.92,879.42,1716.6,1157.51,0,0.96
4060,1020,2532.81,819.33,2673.68,1069.04,0,0.85
4060,1155,2820.7,946.25,2975.06,1216.29,0,0.97
4070,1010,2186.72,892.83,2337.61,1176.76,0,0.57
4070,1063,1535.74,877.77,1716.9,1156.98,0,0.95
4070,1020,2531.85,819.75,2673.95,1068.94,0,0.73
4070,1155,2818.07,897.11,2960.29,1159.41,0,0.87
4080,1010,2186.59,892.5,2337.82,1176.63,0,0.64
4080,1063,1535.74,876.81,1716.88,1157.14,0,0.95
4080,1020,2529.94,819.5,2671.46,1069.68,0,0.32
4080,1155,2820.42,848.77,2959.2,1098.37,0,0.96
4080,1161,4003.96,913.58,4095.99,1125.63,0,0.36
4090,1010,2186.88,892.32,2337.48,1176.32,0,0.78
4090,1063,1535.75,877.75,1716,1157.68,0,0.95
4090,1020,2529.41,818.43,2669.81,1069.66,0,0.39
4090,1155,2804.42,813.81,2941.67,1062.49,0,0.95
4090,1161,3993.78,913.5,4092.01,1122.44,0,0.49
4100,1010,2187.69,892.26,2336.78,1175.32,0,0.37
4100,1063,1536.05,876.62,1715.87,1157.84,0,0.95
4100,1020,2529.78,819.19,2672.32,1069.96,0,0.34
4100,1155,2797.32,804.28,2941.5,1050.14,0,0.8
4100,1161,3999.12,906,4094.52,1121.37,0,0.57
4110,1010,2187.7,891.97,2335.98,1174.94,0,0.55
4110,1063,1536.14,877.34,1715.92,1158.36,0,0.94
4110,1020,2529.77,819.48,2673.32,1070,0,0.49
4110,1155,2798.45,802.68,2943.41,1049.11,0,0.81
4110,1161,4001.33,907.57,4095.56,1125.59,0,0.41
4120,1010,2186.61,892.46,2336.3,1174.88,0,0.69
4120,1063,1535.43,878.01,1716.07,1157.31,0,0.95
4120,1020,2529.21,820.16,2670.52,1069.75,0,0.43
4120,1155,2799.19,803.6,2943.75,1050.3,0,0.91
4120,1161,4002.04,907.67,4095.9,1121.3,0,0.58
4130,1010,2186.06,892.76,2336.42,1175.02,0,0.67
4130,1063,1534.63,877.49,1716.36,1157.73,0,0.94
4130,1020,2530.12,819.88,2672.46,1068.36,0,0.32
4130,1155,2800.04,806.22,2944.9,1050.89,0,0.88
4130,1161,4003.04,904.38,4096,1121.15,0,0.54
4140,1010,2185.5,892.24,2336.61,1175.31,0,0.71
4140,1063,1534.05,879.79,1716.48,1157.76,0,0.88
4140,1020,2530.68,820.23,2673.24,1067.88,0,0.27
4140,1155,2801.79,807.84,2942.22,1052.32,0,0.94
4140,1161,4002.28,905.29,4096,1121.61,0,0.45
4150,1010,2186.23,892.1,2335.27,1175.65,0,0.75
4150,1063,1535.27,879.66,1716.51,1157.01,0,0.95
4150,1020,2531.27,818.95,2674.19,1068.96,0,0.53
4150,1155,2802.25,808.47,2940.71,1053.63,0,0.95
4150,1161,4002.04,910.84,4096,1124.3,0,0.54
4160,1010,2185.7,892.32,2335.23,1175.01,0,0.81
4160,1063,1535.64,879.01,1716,1156.03,0,0.95
4160,1020,2534.71,818.41,2673.42,1067.99,0,0.64
4160,1155,2803.86,810.38,2943.82,1057.1,0,0.94
4160,1161,4001.39,909.82,4096,1127.91,0,0.57
4170,1010,2185.28,893.13,2335.57,1174.91,0,0.68
4170,1063,1534.09,875.44,1716.75,1157.95,0,0.96
4170,1155,2806.52,810.83,2944.53,1058.79,0,0.94
4170,1161,4001.08,906.27,4096,1127.82,0,0.51
4180,1010,2184.73,892.77,2335.49,1176.21,0,0.61
4180,1063,1533.59,875.06,1716.26,1159.3,0,0.96
4180,1155,2808.32,812.14,2949.03,1061.56,0,0.95
4180,1161,3998.28,911.62,4096,1123.63,0,0.5
4180,1020,2530.48,819.42,2669.64,1069.84,0,0.51
4190,1010,2185.39,892.67,2336.38,1174.66,0,0.81
4190,1063,1534.67,877.39,1716.3,1159.09,0,0.96
4190,1155,2808.95,814.14,2953.17,1063.11,0,0.92
4190,1161,3998.49,914.36,4095.95,1128.44,0,0.55
4190,1020,2529.82,819.8,2668.91,1069.76,0,0.65
4200,1010,2185.72,892.56,2336.8,1176.93,0,0.25
4200,1063,1534.95,876.69,1717.15,1158.01,0,0.95
4200,1155,2808.72,815.44,2953.09,1064.19,0,0.9
4200,1161,3998.6,915.97,4095.96,1131.56,0,0.55
4200,1020,2529.06,819.12,2668.94,1069.88,0,0.41
4200,1180,3991.69,909.47,4090.73,1127.95,0,0.35
4210,1010,2185.95,893.35,2336.8,1176.8,0,0.33
4210,1063,1534.73,875.76,1717.03,1157.73,0,0.95
4210,1155,2809.18,815.74,2952.06,1064.45,0,0.92
4210,1161,3998.56,917.11,4095.97,1129.98,0,0.59
4210,1020,2529.52,819.71,2668.89,1069.48,0,0.53
4220,1010,2186.55,893.31,2336.11,1176.88,0,0.6
4220,1063,1534.46,875.52,1717.1,1158.71,0,0.96
4220,1155,2809.76,815.44,2952.99,1065.12,0,0.94
4220,1161,3999.91,917.77,4095.96,1130.61,0,0.53
4220,1020,2531.41,820.51,2672.34,1070.08,0,0.58
4230,1010,2186.62,892.82,2335.75,1176.92,0,0.71
4230,1063,1534.96,875.32,1716.85,1158.9,0,0.96
4230,1155,2807.45,816.94,2952.83,1065.53,0,0.94
4230,1161,4000.98,918.64,4095.94,1131.92,0,0.56
4230,1020,2532.76,821.5,2673.45,1070.46,0,0.61
4240,1010,2186.76,892.9,2335.61,1177.27,0,0.68
4240,1063,1534.81,875.62,1717.08,1158.91,0,0.96
4240,1155,2807,816.92,2953.11,1066.19,0,0.95
4240,1161,4001.16,918.11,4095.95,1134.19,0,0.47
4240,1020,2533.37,821.09,2673.96,1070.51,0,0.72
4250,1010,2186.47,893.23,2335.3,1176.83,0,0.43
4250,1063,1533.96,876.28,1717.25,1158.8,0,0.96
4250,1155,2813.4,817.8,2953.22,1065.3,0,0.94
4250,1161,4002.21,911.54,4095.99,1136.52,0,0.57
4250,1020,2533.76,821.45,2674.65,1069.63,0,0.73
4260,1010,2186.26,892.74,2334.84,1176.36,0,0.58
4260,1063,1533.38,877.05,1717.65,1158.73,0,0.96
4260,1155,2814.49,818.07,2949.33,1064.83,0,0.95
4260,1161,4002.18,905.62,4095.99,1135.52,0,0.55
4260,1020,2533.5,821.62,2674.2,1069.26,0,0.5
4260,1180,3992.58,898.49,4089.99,1128.93,0,0.29
4270,1010,2185.61,893.06,2335.78,1175.18,0,0.8
4270,1063,1534.29,876.76,1716.9,1158.48,0,0.96
4270,1155,2816.29,818.53,2945.01,1064.52,0,0.96
4270,1161,4000.84,908.4,4095.91,1129.1,0,0.51
4270,1020,2533.6,820.74,2674.03,1069.78,0,0.47
4270,1180,3991.42,904.21,4090.2,1123.78,0,0.52
4280,1010,2185.27,893.02,2336.35,1175.58,0,0.78
4280,1063,1534.64,876.51,1716.74,1158.36,0,0.96
4280,1155,2812.58,818.93,2951.38,1065.5,0,0.93
4280,1161,4000.5,910.89,4095.9,1126.36,0,0.53
4280,1020,2532.24,820.59,2670.5,1070.29,0,0.48
4280,1180,3991.13,907.06,4090.08,1122.29,0,0.36
4290,1010,2185.64,893.01,2336.53,1175.1,0,0.76
4290,1063,1534.62,875.99,1716.85,1158.17,0,0.96
4290,1155,2811.83,817.49,2950.37,1065.92,0,0.92
4290,1161,4000.24,912.58,4095.97,1124.75,0,0.63
4290,1020,2531.48,820.43,2668.74,1069.89,0,0.52
4300,1010,2186,893.01,2336.3,1175.29,0,0.85
4300,1063,1533.98,874.93,1716.96,1158.67,0,0.95
4300,1155,2809.15,817,2950.1,1068.38,0,0.92
4300,1161,3999.6,911.35,4095.96,1124.24,0,0.47
4300,1020,2532.59,820.06,2671.96,1069.82,0,0.6
4300,1180,3990.98,907.05,4090.36,1120.53,0,0.54
4310,1010,2186.11,892.74,2336.13,1175.14,0,0.84
4310,1063,1533.7,876.01,1717.27,1157.9,0,0.95
4310,1155,2807.43,820.2,2948.97,1069.24,0,0.92
4310,1161,3999.92,911.26,4095.91,1126.48,0,0.56
4310,1020,2532.81,821.29,2672.68,1069.44,0,0.5
4310,1180,3991.79,906.67,4090.32,1122.27,0,0.66
4320,1010,2185.57,893.13,2336.89,1174.25,0,0.65
4320,1063,1534.31,876.12,1717.67,1157.81,0,0.96
4320,1155,2792.3,815.27,2939.15,1066.7,0,0.9
4320,1161,3998.86,913.36,4095.97,1125.86,0,0.53
4320,1020,2530.89,821.77,2669.65,1069.96,0,0.65
4320,1180,3991.4,908.56,4090.76,1121.02,0,0.41
4330,1010,2185.34,894,2336.98,1173.84,0,0.69
4330,1063,1534.36,876.5,1717.74,1157.58,0,0.96
4330,1155,2787.19,808.01,2935.5,1064.53,0,0.63
4330,1161,3998.41,914.35,4095.99,1126.58,0,0.53
4330,1020,2530.14,822.22,2668.17,1070.09,0,0.69
4330,1180,3991.14,909.74,4090.93,1121.32,0,0.39
4340,1010,2185.23,893.87,2337.01,1174.43,0,0.62
4340,1063,1534.31,876.51,1718.15,1157.87,0,0.96
4340,1155,2800.94,811.9,2946.15,1067.27,0,0.95
4340,1161,3998.88,911.95,4096,1128.55,0,0.55
4340,1020,2529.48,822.3,2667.75,1070.55,0,0.67
4340,1180,3991.37,906.34,4090.74,1123.04,0,0.38
4350,1010,2185.53,894.11,2336.44,1174.68,0,0.82
4350,1063,1534.26,877.11,1717.34,1157.72,0,0.95
4350,1155,2807.61,817.23,2948.25,1068.42,0,0.94
4350,1161,3998.96,911.67,4096,1127.97,0,0.55
4350,1020,2529.26,822.66,2667.65,1070.85,0,0.66
4350,1180,3991.61,907.44,4090.88,1122.69,0,0.44
4360,1010,2185.65,893.77,2336.29,1174.86,0,0.81
4360,1063,1534.19,877.29,1716.95,1157.85,0,0.95
4360,1155,2808.75,819.46,2950.9,1069.94,0,0.94
4360,1161,3999.07,910.69,4096,1128.25,0,0.54
4360,1020,2528.97,821.67,2668.37,1070.84,0,0.67
4360,1180,3991.68,906.9,4090.92,1122.99,0,0.37
4370,1010,2185.93,893.5,2336.56,1175.31,0,0.71
4370,1063,1534.49,878.41,1717.01,1157.72,0,0.96
4370,1155,2808.79,819.69,2951.23,1070.95,0,0.93
4370,1161,3999.44,910.17,4095.97,1128.39,0,0.53
4370,1020,2530.55,821.45,2671.67,1068.7,0,0.58
4370,1180,3991.57,906.7,4090.79,1123.25,0,0.39
4380,1010,2186.08,893.33,2336.73,1175.57,0,0.72
4380,1063,1534.52,878.59,1717.38,1157.9,0,0.96
4380,1155,2808.93,820.17,2951.78,1070.36,0,0.94
4380,1161,3999.76,911.77,4095.98,1130.42,0,0.53
4380,1020,2531,821.32,2672.98,1068.01,0,0.52
4380,1180,3991.49,908.21,4090.65,1124.85,0,0.42
4390,1010,2186.29,893.13,2336.89,1175.75,0,0.74
4390,1063,1534.35,878.83,1717.59,1158.21,0,0.95
4390,1155,2809.04,820.35,2951.85,1070.79,0,0.93
4390,1161,3999.95,911.54,4095.97,1128.89,0,0.55
4390,1020,2531.09,821.12,2673.56,1067.92,0,0.62
4390,1180,3991.59,907.98,4090.55,1123.91,0,0.36
4400,1010,2185.43,893.83,2337.07,1175.38,0,0.4
4400,1063,1535.79,879.21,1718.22,1157.65,0,0.93
4400,1155,2809.4,819.87,2951.54,1070.7,0,0.92
4400,1161,3999.83,912.86,4095.94,1126.82,0,0.57
4400,1020,2529.89,821.87,2670.07,1069.77,0,0.67
4400,1180,3991.77,908.96,4090.51,1122.01,0,0.35
4410,1010,2185.5,893.98,2337.01,1174.95,0,0.55
4410,1063,1537.08,879.1,1717.03,1159.59,0,0.76
4410,1155,2809.96,819.57,2951.39,1070.62,0,0.93
4410,1161,4000.07,912.11,4095.99,1125.86,0,0.57
4410,1020,2529.65,822.38,2668.27,1070.3,0,0.68
4410,1180,3992,908.49,4090.49,1120.98,0,0.38
4420,1010,2185.94,892.7,2336.58,1174.78,0,0.87
4420,1063,1538.58,879.03,1717.56,1159.93,0,0.74
4420,1155,2810.03,819.78,2951.31,1070.44,0,0.93
4420,1161,3998.53,913.86,4095.84,1126.97,0,0.44
4420,1020,2529.64,821.67,2668.11,1070.82,0,0.67
4420,1180,3990.88,910.6,4090.72,1121.33,0,0.55
4430,1010,2185.68,892.16,2335.96,1174.54,0,0.85
4430,1063,1538.41,877.16,1718.11,1159.86,0,0.83
4430,1155,2809.9,819.69,2951.42,1070.33,0,0.93
4430,1161,3997.86,914.92,4095.8,1126.04,0,0.5
4430,1020,2529.69,821.39,2668.06,1070.72,0,0.68
4430,1180,3990.47,911.9,4090.79,1120.64,0,0.48
4440,1010,2185.4,891.69,2336.86,1175.37,0,0.73
4440,1063,1537.21,876.46,1718.25,1158.96,0,0.94
4440,1155,2809.57,819.85,2951.18,1069.85,0,0.92
4440,1161,3997.69,915.56,4095.85,1127.8,0,0.55
4440,1020,2529.77,821.56,2668.03,1070.71,0,0.62
4440,1180,3990.38,912.62,4090.68,1122.11,0,0.41
4450,1010,2185.2,891.73,2337.63,1174.41,0,0.84
4450,1063,1536.49,876,1718.08,1157.14,0,0.95
4450,1155,2809.76,820.22,2951.19,1070.04,0,0.93
4450,1161,3997.92,916.25,4095.84,1127.1,0,0.51
4450,1020,2530.89,822.15,2671.36,1069.8,0,0.54
4450,1180,3990.58,913.44,4090.58,1121.63,0,0.43
4460,1010,2184.68,894.42,2336.98,1173.99,0,0.69
4460,1063,1537.09,877.5,1716.68,1157.51,0,0.96
4460,1155,2810.04,820.61,2951.4,1070.09,0,0.91
4460,1161,3997.5,916.94,4095.86,1127.06,0,0.57
4460,1020,2531.18,822.37,2672.61,1069.57,0,0.59
4460,1180,3990.43,914.05,4090.85,1121.65,0,0.27
4470,1010,2185.84,894.63,2337.92,1175.68,0,0.41
4470,1063,1538.37,877.58,1717.59,1158.9,0,0.95
4470,1155,2810.2,820.35,2952.09,1069.87,0,0.92
4470,1161,3997.33,918.54,4095.94,1125.74,0,0.64
4470,1020,2530.77,822.6,2668.77,1069.61,0,0.43
4480,1010,2186.14,894.31,2338.41,1176.28,0,0.41
4480,1063,1538.2,880.93,1718.81,1160.24,0,0.92
4480,1155,2809.88,820.38,2951.89,1065.41,0,0.89
4480,1161,3997.21,910.76,4095.92,1124.24,0,0.52
4480,1020,2531.26,822.5,2670.66,1068.8,0,0.29
4490,1010,2185.79,893.61,2338.41,1177.03,0,0.39
4490,1063,1537.11,881.37,1718.37,1159.96,0,0.95
4490,1155,2809.71,820.46,2952.41,1067.69,0,0.9
4490,1161,3997.59,906.68,4095.98,1124.48,0,0.57
4490,1020,2530.51,822.33,2668.41,1069.63,0,0.43
4500,1010,2186.32,894.4,2338.09,1175.67,0,0.79
4500,1063,1535.91,881.37,1717.66,1159.93,0,0.96
4500,1155,2808.47,820.79,2953.1,1070.03,0,0.91
4500,1161,3998.38,904.67,4095.99,1125.13,0,0.56
4500,1020,2529.47,822.29,2668.95,1070.28,0,0.47
4510,1010,2186.56,894.32,2337.93,1176.61,0,0.75
4510,1063,1535.51,882.92,1716.95,1160.03,0,0.95
4510,1155,2808.27,820.63,2953.25,1071.21,0,0.88
4510,1161,4001.05,916.03,4096,1113.75,0,0.5
4510,1020,2530.45,821.91,2672.13,1070.51,0,0.53
4520,1010,2186.75,894.06,2338.09,1176.31,0,0.88
4520,1063,1536.34,882.46,1715.74,1160.92,0,0.95
4520,1155,2808.99,820.08,2952.89,1071.34,0,0.92
4520,1161,4000.09,912.16,4095.99,1120.29,0,0.47
4520,1020,2530.88,821.38,2674.06,1069.92,0,0.85
4530,1010,2186.98,894.07,2338.04,1178.78,0,0.35
4530,1063,1536.14,879.32,1715.88,1162.32,0,0.94
4530,1155,2809.12,819.52,2952.7,1068.97,0,0.91
4530,1161,4000.13,907.8,4096,1122.47,0,0.5
4530,1020,2531.19,820.5,2675.87,1070.69,0,0.77
4540,1063,1535.99,877.98,1716.75,1160.77,0,0.95
4540,1155,2807.38,816.42,2954.8,1010.18,0,0.9
4540,1161,3998.77,909.01,4095.95,1124.86,0,0.51
4540,1020,2530.45,820.12,2674.76,1069.17,0,0.65
4550,1063,1535.37,878.78,1717.12,1158.89,0,0.95
4550,1155,2807.22,818.78,2951.1,1046.5,0,0.86
4550,1161,3998.63,905.92,4095.97,1125.46,0,0.57
4550,1020,2530.81,820.63,2673.9,1068.88,0,0.5
4550,1010,2185.94,894.53,2338.25,1176.83,0,0.63
4560,1063,1535.05,878.56,1716.53,1158.25,0,0.96
4560,1155,2808.33,819.23,2952.29,1061.28,0,0.9
4560,1161,3997.7,908.95,4095.92,1128.49,0,0.52
4560,1020,2530.68,820.86,2673.86,1069.54,0,0.56
4560,1214,3990.36,906.43,4091.38,1124.27,0,0.42
4560,1010,2185.87,894.49,2338.56,1177.73,0,0.5
4570,1063,1535.47,877.82,1715.99,1157.9,0,0.96
4570,1155,2807.23,819.56,2953.44,1068.94,0,0.93
4570,1161,3998.12,905.25,4095.91,1128.98,0,0.58
4570,1020,2529.33,820.97,2669.7,1070.73,0,0.77
4570,1010,2185.97,894.37,2338.6,1177.27,0,0.45
4580,1063,1536.63,880.12,1715.97,1158.8,0,0.96
4580,1155,2806.8,819.81,2953.58,1071.82,0,0.93
4580,1161,3998.89,884.69,4095.96,1130.11,0,0.68
4580,1020,2528.84,820.84,2668.1,1070.97,0,0.73
4580,1010,2186.16,894.75,2338.65,1176.93,0,0.56
4580,1218,2612.61,1202.08,2790.78,1552.88,3,0.99
4590,1063,1537.29,878.94,1716.5,1161.6,0,0.81
4590,1155,2806.52,820.19,2953.85,1072.53,0,0.89
4590,1161,3997.19,902.64,4095.9,1129.95,0,0.58
4590,1020,2528.24,820,2667.24,1068.22,0,0.49
4590,1010,2185.55,893.68,2338.88,1176.48,0,0.6
4590,1218,2587.22,1120.67,2751.7,1445.64,3,0.69
4600,1063,1537.54,876.92,1718.88,1160.73,0,0.94
4600,1155,2805.23,819.65,2953.93,1072.87,0,0.93
4600,1161,3997.26,909.85,4095.92,1130.68,0,0.51
4600,1020,2530.02,815.25,2668.26,1057.4,0,0.69
4600,1010,2185.95,893.86,2338.78,1170.39,0,0.93
4600,1220,2325.27,1065.19,2501.76,1399.26,0,0.94
4610,1063,1536.98,876.48,1717.1,1160.73,0,0.97
4610,1155,2805.9,819.12,2953.86,1072.71,0,0.91
4610,1161,3997.75,912.97,4095.94,1128.1,0,0.55
4610,1020,2531.5,813.79,2668.22,1044.25,0,0.59
4610,1010,2184.64,893.1,2336.19,1158.22,0,0.9
4610,1220,2267.51,1028.6,2444.91,1339.99,0,0.69
4620,1063,1537.08,875.19,1719.01,1160.2,0,0.81
4620,1155,2806.31,819.94,2953.17,1072.33,0,0.92
4620,1161,3999.62,907.82,4095.99,1126.28,0,0.67
4620,1020,2531.3,813.65,2667.95,1046.52,0,0.89
4620,1010,2192.18,889.75,2339.29,1117.87,0,0.81
4620,1218,2548.22,991.45,2683.49,1241.22,3,0.56
4630,1063,1537.24,876.23,1718.42,1159.14,0,0.84
4630,1155,2806.33,819.74,2953.91,1072.67,0,0.93
4630,1161,3999.78,909.1,4096,1125.58,0,0.65
4630,1020,2530.73,813.63,2669.9,1048.8,0,0.8
4630,1010,2196.21,892.99,2337.56,1155.53,0,0.85
4630,1218,2556.81,980.8,2682.99,1225.19,3,0.9
4640,1063,1534.86,878.59,1717.69,1158.76,0,0.84
4640,1155,2806.42,820.62,2953.32,1071.92,0,0.92
4640,1161,3999.96,909.72,4095.97,1125.92,0,0.67
4640,1020,2530.82,813.83,2669.74,1051.61,0,0.8
4640,1010,2195.28,894.04,2336.9,1167.55,0,0.63
4640,1218,2558.12,980.57,2682.19,1218.9,3,0.91
4640,1232,1980.21,863.55,2140.17,1137.74,0,0.93
4650,1063,1533.87,883.36,1716.54,1161.38,0,0.88
4650,1155,2806.53,820.68,2953.32,1071.13,0,0.9
4650,1161,3999.58,911.5,4095.9,1123.47,0,0.59
4650,1020,2530.87,813.03,2670.9,1040.41,0,0.87
4650,1010,2193.16,897.8,2333.98,1171.52,0,0.69
4650,1218,2558.04,975.84,2681.8,1219.28,3,0.75
4650,1232,2021.82,827.35,2174.55,1101.29,0,0.9
4660,1063,1533.11,886.62,1717.65,1162.65,0,0.89
4660,1155,2807.31,819.8,2953.75,1070.73,0,0.9
4660,1161,4000.33,909.9,4095.97,1123.35,0,0.56
4660,1020,2530.74,813.74,2671.7,1042.31,0,0.88
4660,1010,2192.74,902.77,2333.61,1174.36,0,0.87
4660,1218,2555.79,973.64,2681.75,1220.55,3,0.79
4660,1232,2066.54,786.45,2191.73,1046.25,0,0.91
4660,1234,2554.69,973.71,2684.84,1238.62,3,0.32
4670,1063,1535.31,883.69,1716.28,1160.72,0,0.9
4670,1155,2809.34,820.29,2952.93,1069.26,0,0.92
4670,1161,3999.07,914.57,4095.9,1122.31,0,0.55
4670,1020,2530.85,813.76,2671.64,1042.12,0,0.53
4670,1010,2194.09,900.75,2333.77,1174.13,0,0.77
4670,1218,2554.96,974.22,2680.29,1190.1,3,0.82
4670,1232,2075.03,771.29,2213.02,1022.01,0,0.9
4680,1063,1535.37,877.27,1715.97,1159.57,0,0.96
4680,1155,2809.07,820.34,2951.19,1064.53,0,0.91
4680,1161,3999.66,914.94,4095.92,1121.29,0,0.56
4680,1020,2530.44,814.8,2671.78,1043.85,0,0.88
4680,1010,2194.48,906.51,2334.16,1173.46,0,0.87
4680,1232,2088.52,774.54,2230.85,1013.89,0,0.95
4680,1234,2552.48,973.87,2693.45,1188.76,3,0.3
4690,1063,1536.53,875.94,1715,1160.23,0,0.96
4690,1155,2809.37,818.02,2953.98,1045.49,0,0.86
4690,1161,3999.08,913.26,4095.94,1123.19,0,0.52
4690,1020,2530.77,814.37,2672.49,1047.11,0,0.83
4690,1010,2194.43,907.01,2334.76,1172.61,0,0.88
4690,1232,2093.56,775.83,2240.57,1013.84,0,0.94
4690,1239,350.66,533.19,438.23,702.01,0,0.61
4700,1063,1538.23,874.2,1716.31,1160.63,0,0.95
4700,1155,2810.84,816.07,2955.21,1009.36,0,0.91
4700,1161,4000.17,910.05,4095.95,1125.66,0,0.53
4700,1020,2533.09,817.22,2668.15,1041.51,0,0.87
4700,1010,2195.34,906.07,2333.96,1174.7,0,0.89
4700,1232,2094.29,773.59,2238.45,1011.77,0,0.86
4710,1063,1537.13,873.6,1716.14,1160.28,0,0.96
4710,1155,2811.48,814.37,2955.19,982.94,0,0.75
4710,1161,3999.56,909.55,4095.93,1125.48,0,0.51
4710,1020,2532.63,818.36,2662.49,1032.93,0,0.9
4710,1010,2190.93,899.4,2333.1,1176.13,0,0.85
4710,1232,2090.79,775.75,2236.44,1015.23,0,0.65
4710,1241,2078.26,776.77,2222.62,1026.49,0,0.63
4710,1234,2542.68,943.78,2680.14,1202.73,3,0.42
4720,1063,1535.68,873.25,1715.17,1159.75,0,0.96
4720,1155,2810.03,814.42,2938.54,980.03,0,0.48
4720,1161,4000.28,903.96,4095.96,1129,0,0.5
4720,1020,2532.19,816.28,2666.32,1027.47,0,0.9
4720,1010,2188.6,897.87,2332.01,1176.41,0,0.83
4720,1241,2083.58,782.45,2229.27,1026.91,0,0.93
4720,1242,2542.32,953.2,2673.32,1202.76,3,0.42
4720,1234,2543.64,949.24,2672.65,1203.05,3,0.54
4730,1063,1535.49,873.09,1714.66,1159.62,0,0.96
4730,1155,2810.51,817.84,2940.64,1036.95,1,0.69
4730,1161,4000.37,903.07,4095.99,1130.99,0,0.47
4730,1020,2533.3,818.34,2668.96,1022.2,0,0.91
4730,1010,2186.89,895.09,2332.07,1176.53,0,0.86
4730,1241,2086.42,783.39,2233.24,1026.74,0,0.93
4730,1242,2541.55,953.05,2672.01,1205.67,3,0.35
4730,1234,2540.3,944.24,2673.22,1204.95,2,0.38
4730,1243,2329.93,1398.17,2548.14,1844.27,0,0.69
4740,1063,1535.77,873.52,1714.45,1159.25,0,0.96
4740,1155,2809.37,820.09,2947.64,1056.8,0,0.74
4740,1161,4000.08,901.97,4095.97,1130.57,0,0.45
4740,1020,2533.58,818.53,2668.73,1023.23,0,0.92
4740,1010,2186.8,895.05,2331.61,1176.67,0,0.9
4740,1241,2087.4,783.57,2233.09,1025.9,0,0.92
4740,1242,2543.47,955.76,2674.38,1207.39,3,0.56
4740,1234,2541.26,947.66,2674.68,1209.16,2,0.37
4740,1243,2328.44,1286.56,2540.77,1683.89,3,0.68
4750,1063,1536.29,873.12,1714.78,1159.93,0,0.96
4750,1155,2808.94,820.27,2950.87,1065.08,0,0.83
4750,1161,3999.07,904.91,4095.9,1131,0,0.48
4750,1020,2534.4,818.38,2668.15,1019.52,0,0.9
4750,1010,2190.48,903.49,2332.82,1176.49,0,0.88
4750,1241,2083.23,781.51,2233.96,1024.52,0,0.95
4750,1242,2541.01,959.65,2674.07,1203.08,3,0.65
4750,1234,2536.64,954.73,2669.45,1204.41,3,0.52
4750,1243,2373.84,1180.17,2559.44,1519.64,0,0.49
4750,1246,2499.64,1616.5,2756.22,2094.28,0,0.61
4760,1063,1536.23,874.02,1714.92,1160.11,0,0.96
4760,1155,2809.53,820.91,2952.03,1069.38,0,0.89
4760,1161,3998.97,906.75,4095.94,1126.79,0,0.59
4760,1020,2534.73,818.82,2669.01,1018.53,0,0.89
4760,1010,2191.91,906.54,2333.04,1177.93,0,0.87
4760,1241,2085.08,784.01,2233.16,1025.52,0,0.93
4760,1243,2407.59,1092.15,2578.24,1399.9,0,0.82
4770,1063,1535.45,875.26,1715.12,1160.01,0,0.96
4770,1155,2809.82,821.59,2953.04,1071.89,0,0.89
4770,1161,3999.41,874.84,4095.98,1126.96,0,0.76
4770,1020,2536.16,818.85,2670.66,1023.98,0,0.55
4770,1010,2194.03,908.89,2333.51,1175.41,0,0.9
4770,1241,2086.21,786.35,2230.21,1025.53,0,0.92
4770,1243,2412.48,1040.64,2572.71,1332.09,3,0.65
4770,1249,2483.15,1341.1,2696.39,1748.89,0,0.96
4770,1234,2534.47,957.59,2670.98,1196.61,3,0.41
4780,1063,1535.42,874.18,1715.44,1159.96,0,0.96
4780,1155,2809.73,821.31,2953.9,1072.41,0,0.88
4780,1161,3998.61,896.29,4095.93,1127.6,0,0.54
4780,1020,2535.33,818.2,2671.06,1027.72,0,0.8
4780,1010,2194.15,909.4,2333.94,1174.66,0,0.91
4780,1241,2086.45,787.11,2230.35,1023.84,0,0.92
4780,1249,2479.04,1264.8,2676.8,1644.72,0,0.72
4780,1234,2531.78,964.53,2670.86,1197.3,3,0.68
4790,1063,1535.26,874.84,1716.1,1160.56,0,0.96
4790,1155,2809.92,821,2955.09,1072.58,0,0.89
4790,1161,3998.31,904.17,4095.92,1127.48,0,0.49
4790,1020,2535.3,817.36,2670.82,1026.87,0,0.87
4790,1010,2194.25,909.57,2334.14,1174.18,0,0.92
4790,1241,2086.18,787.48,2232.07,1022.39,0,0.94
4790,1249,2478.49,1197.15,2656.43,1560.61,0,0.93
4790,1234,2542.1,964.02,2673.1,1193.15,3,0.28
4790,1255,2768.83,1532.29,2992.76,2017.85,0,0.89
4790,1257,2399,1020.69,2558.85,1302.94,0,0.53
4800,1063,1535.68,875.4,1716.26,1160.87,0,0.96
4800,1155,2810.08,821.89,2954.54,1073.71,0,0.9
4800,1161,3998.71,903.07,4095.96,1127.63,0,0.51
4800,1020,2534.96,815.96,2670.37,1024.85,0,0.9
4800,1010,2193.61,908.61,2334.6,1174.75,0,0.93
4800,1241,2086.89,787.22,2235.56,1020.17,0,0.93
4800,1249,2461.43,1169.58,2639.74,1500.33,0,0.92
4800,1234,2538.39,963.69,2674.12,1192.68,3,0.44
4800,1255,2750.09,1434.3,2955.99,1893.05,0,0.91
4800,1257,2397.07,1022.62,2551.36,1289.3,0,0.45
4810,1063,1535.86,875.85,1716.29,1161.39,0,0.96
4810,1155,2810,821.72,2954.56,1074.16,0,0.91
4810,1161,3998.12,910.69,4095.87,1128.7,0,0.57
4810,1020,2535,815.12,2670.35,1022.04,0,0.89
4810,1010,2193.7,908.1,2334.78,1173.51,0,0.93
4810,1241,2086.93,786.76,2237.64,1018.96,0,0.93
4810,1249,2471.03,1167.17,2640.42,1488.08,0,0.91
4810,1234,2537.87,963.27,2675.27,1202.13,3,0.47
4810,1255,2736.57,1341.29,2929.02,1757.78,0,0.96
4810,1257,2393.26,1023.43,2558.11,1284.98,0,0.68
4820,1063,1534.76,876.62,1717.28,1161.65,0,0.96
4820,1155,2809.99,819.66,2953.07,1071.79,0,0.94
4820,1161,3998.24,914.38,4095.9,1130.07,0,0.63
4820,1020,2533.44,817.03,2671.52,1022.72,0,0.89
4820,1241,2085.59,784.95,2238.57,1019.27,0,0.92
4820,1249,2464.74,1168.77,2633.07,1487.81,0,0.71
4820,1255,2733.96,1269.26,2909.56,1671.94,0,0.97
4820,1257,2397.04,1024.6,2561.01,1281.23,0,0.48
4830,1063,1534.4,876.69,1717.21,1162.56,0,0.95
4830,1155,2808.5,810.73,2952.6,1055.5,0,0.91
4830,1161,3998.12,915.54,4095.86,1128.13,0,0.65
4830,1020,2533.39,817.06,2670.97,1024.62,0,0.87
4830,1241,2083.23,781.62,2234.97,1014.27,0,0.86
4830,1249,2461.9,1168.23,2629.89,1487.48,0,0.67
4830,1255,2733.85,1214.61,2901.21,1600.89,0,0.93
4830,1257,2397.38,1025.44,2559.83,1285.71,3,0.55
4830,1269,2464.5,1177.63,2634.96,1502.73,1,0.49
4830,1010,2198.55,903.92,2338.33,1164.56,0,0.92
4830,1234,2526.14,962.06,2674.76,1193.14,3,0.26
4840,1063,1534.44,877.04,1718.43,1160.73,0,0.95
4840,1155,2808.16,800.9,2947.3,1041.32,0,0.92
4840,1161,3997.8,915.64,4095.86,1128.32,0,0.65
4840,1020,2534.48,816.67,2671.61,1026.45,0,0.56
4840,1241,2081.47,779.41,2237.64,1006.74,0,0.89
4840,1255,2733.41,1159.03,2895.55,1541.1,0,0.84
4840,1257,2397.02,1023.47,2562.18,1288.42,0,0.46
4840,1269,2463.31,1175.15,2635.76,1505.77,0,0.83
4850,1063,1534.14,877.84,1717.92,1160.62,0,0.95
4850,1155,2808.04,795.47,2945.49,1035.48,0,0.95
4850,1161,3998.17,917.07,4095.8,1128.33,0,0.56
4850,1020,2533.75,814.47,2673.34,1032.77,0,0.55
4850,1241,2087.42,779.01,2237.77,1015,0,0.94
4850,1255,2724.23,1123.2,2887.69,1487.49,0,0.97
4850,1257,2397.75,1023.25,2553.19,1289.43,0,0.54
4850,1269,2465.55,1177.02,2628.45,1502.56,0,0.95
4850,1272,2536.14,816.82,2677.04,1031.59,0,0.41
4850,1010,2193.2,903.25,2335.94,1172.36,0,0.92
4850,1234,2509.24,931.59,2667.82,1172.01,3,0.3
4860,1063,1535.56,878.67,1718.69,1161.14,0,0.94
4860,1155,2807.21,793.42,2944.14,1032.83,0,0.95
4860,1241,2087.11,778.88,2232.97,1022.28,0,0.95
4860,1255,2717.54,1098.49,2881.41,1451.17,0,0.93
4860,1257,2397.87,1024.34,2551.56,1291.05,0,0.48
4860,1269,2464.87,1181.43,2629.79,1503.01,0,0.94
4860,1274,1905.6,846.11,2046.8,1104.24,0,0.94
4860,1010,2192.05,904.46,2334.89,1173.37,0,0.93
4860,1234,2510.09,927.36,2665.44,1167.22,3,0.49
4870,1063,1537.17,881.15,1719.12,1161.83,0,0.93
4870,1155,2809.81,794.78,2946.36,1030.04,0,0.91
4870,1241,2087.46,779.62,2231.83,1023.93,0,0.92
4870,1255,2716.75,1079.53,2871.78,1415.55,0,0.96
4870,1257,2397.06,1025.67,2555.33,1286.29,3,0.43
4870,1269,2468.35,1185.89,2629.98,1502,0,0.89
4870,1274,1872.57,810.28,2010.23,1058.31,0,0.95
4870,1010,2192.19,907.5,2334.89,1172.48,0,0.92
4870,1246,2604.63,1510.83,2823.67,1975.65,0,0.96
4870,1020,2534.87,814.18,2675.99,1027.11,0,0.73
4880,1063,1535.67,882.69,1719.36,1162.11,0,0.94
4880,1155,2810.79,795.97,2951.2,1028.92,0,0.87
4880,1241,2090.54,779.84,2232.8,1021.89,0,0.92
4880,1255,2715.37,1069.35,2865.61,1401.18,0,0.96
4880,1257,2394.9,1022.71,2559.09,1287.91,3,0.43
4880,1274,1852.79,772.48,1986.26,1015.31,0,0.96
4880,1010,2192.41,909.54,2334.58,1171.66,0,0.93
4880,1282,3913.58,1060.46,4088.74,1341.4,0,0.87
4880,1284,2394.45,1022.11,2560.29,1288.21,0,0.33
4880,1020,2536.18,814.88,2676.14,1026.48,0,0.49
4890,1063,1535.87,878.07,1720.18,1161.63,0,0.94
4890,1155,2812.38,797.27,2950.35,1028.48,0,0.9
4890,1241,2093,779.34,2231.73,1020.07,0,0.91
4890,1255,2716.22,1061.84,2869.59,1395.58,0,0.95
4890,1257,2392.1,1024.13,2556.93,1283.45,0,0.34
4890,1274,1848.84,743.7,1981.35,988.12,0,0.96
4890,1010,2192.68,908.99,2334.39,1171.55,0,0.93
4890,1282,3898.5,1047.53,4089.4,1333.56,0,0.53
4890,1284,2391.71,1024.2,2556.7,1283.18,3,0.27
4890,1020,2535.56,814.43,2673.01,1027.19,0,0.71
4890,1286,2535.94,814.91,2674.57,1027.7,0,0.35
4890,1269,2481.84,1190.36,2638.16,1496.2,0,0.8
4900,1063,1546.47,872.27,1724.9,1160.16,0,0.93
4900,1155,2808.52,796.75,2950.01,1028.97,0,0.88
4900,1241,2095.83,779.21,2237.08,1020.01,0,0.93
4900,1255,2714.16,1057.95,2862.06,1393.87,0,0.71
4900,1274,1860.32,721.74,1985.01,955.72,0,0.93
4900,1010,2193.4,906.59,2333.96,1172.36,0,0.94
4900,1282,3869.42,1036.48,4085.2,1325.49,0,0.86
4900,1269,2474.19,1184.58,2632.05,1500.72,0,0.43
4910,1063,1581.19,851.01,1745.71,1137.8,0,0.85
4910,1155,2808.1,797.64,2949.3,1030.58,0,0.94
4910,1241,2097.87,774.89,2242.05,1016.27,0,0.92
4910,1255,2712.83,1053.78,2860.38,1392.13,0,0.79
4910,1274,1883.05,704.89,2002.24,930.43,0,0.89
4910,1010,2193.94,904.51,2333.03,1182.32,0,0.6
4910,1282,3843.36,1022.78,4064.23,1323.77,0,0.54
4910,1269,2469.62,1182.31,2631.48,1501.48,0,0.81
4910,1291,2234.41,1146.61,2394.26,1492.5,0,0.94
4910,1293,2712.08,1068.59,2862.4,1410.27,0,0.51
4910,1161,4010.45,921.79,4095.99,1110.95,0,0.32
4910,1257,2385.68,1020.36,2555.5,1282.1,0,0.49
4910,1020,2535.67,814.1,2670.73,1026.94,0,0.73
4920,1155,2805.94,796.98,2947.28,1030.1,0,0.94
4920,1241,2105.45,758.48,2246.43,1008.08,0,0.95
4920,1274,1897.76,692.36,2015.46,914.18,0,0.96
4920,1010,2196.68,896.6,2337.79,1159.19,0,0.86
4920,1282,3810.46,1009.74,4035.69,1310.47,0,0.84
4920,1269,2467.56,1183.03,2630.55,1500.52,0,0.53
4920,1291,2216.97,1088.72,2375.8,1423.86,0,0.97
4920,1293,2717.05,1067.34,2867.61,1404.93,0,0.95
4920,1161,4006.83,920.48,4095.99,1108.11,0,0.52
4920,1257,2388.07,1021.44,2557.27,1286.15,0,0.28
4920,1020,2536.19,815.86,2674.88,1026.49,0,0.73
4920,1234,2499.94,929.47,2660.88,1161.36,3,0.48
4930,1155,2806.64,797.49,2947.62,1031,0,0.93
4930,1241,2131.85,738.11,2276.71,976.34,0,0.9
4930,1274,1905.95,685.45,2025.1,906.65,0,0.95
4930,1010,2188.14,889.48,2336.94,1140.35,0,0.87
4930,1282,3767.88,993.5,3988.08,1287.15,0,0.88
4930,1269,2467.08,1182.81,2629.89,1500.99,0,0.86
4930,1291,2209.78,1041.21,2365.34,1356.7,0,0.96
4930,1293,2718.67,1068.29,2869.67,1399.52,0,0.9
4930,1257,2396.16,1018.88,2555.81,1286.98,0,0.46
4930,1020,2538.28,810.21,2676.43,1026.2,0,0.73
4930,1234,2503.9,930.39,2662.4,1164.81,3,0.63
4940,1155,2811.97,797.91,2947.08,1031.26,0,0.95
4940,1241,2159.92,710.96,2302.62,933.91,0,0.84
4940,1274,1908.31,682.31,2027.24,901.5,0,0.96
4940,1010,2190.34,866.15,2337.39,1116.5,0,0.85
4940,1282,3706.96,954.84,3923.99,1257.3,0,0.65
4940,1269,2466.95,1183.32,2629.75,1500.78,0,0.9
4940,1291,2210.18,1024.44,2357.88,1321.95,0,0.68
4940,1293,2719.46,1069.18,2869.09,1393.68,0,0.94
4940,1257,2397.97,1017.69,2550.66,1285.17,0,0.65
4940,1020,2546.33,798.63,2681.23,1020.63,0,0.91
4940,1234,2531.13,934.32,2668.89,1174.8,3,0.53
4940,1297,1684.68,727.32,1802.02,970.1,0,0.95
4940,1161,3990.08,914.07,4091.75,1123.25,0,0.58
4950,1155,2810.1,782.93,2941.9,1013.81,0,0.94
4950,1241,2167.9,689.4,2304.09,907.3,0,0.96
4950,1274,1907.08,682.98,2026.6,903.83,0,0.96
4950,1010,2188.69,834.59,2337.75,1078.6,0,0.91
4950,1282,3608.45,924.61,3834.23,1212.04,0,0.76
4950,1269,2466.89,1176.96,2632.52,1501.87,0,0.76
4950,1291,2209.84,988.74,2352.57,1275.86,0,0.96
4950,1293,2715.08,1069.03,2865.63,1401.24,0,0.94
4950,1257,2398.86,1000.65,2543.75,1263.01,0,0.36
4950,1020,2543.42,789.6,2677.86,1007.36,0,0.82
4950,1234,2542.4,956.46,2671.75,1192.13,1,0.39
4950,1297,1676.83,689.21,1790.64,914.93,0,0.93
4950,1161,3954.61,877.98,4094.15,1111.6,2,0.71
4960,1155,2811.19,746.72,2937.63,970.02,0,0.93
4960,1241,2192.99,651.69,2320.39,862.65,0,0.95
4960,1274,1911.49,671.72,2031.94,889.4,0,0.84
4960,1010,2203.26,798.09,2336.5,1022.87,0,0.74
4960,1269,2463.54,1154.82,2629.83,1480.88,0,0.84
4960,1291,2193.47,942.52,2337.99,1203.48,0,0.94
4960,1293,2714.66,1063.32,2866.85,1406.45,0,0.95
4960,1257,2381,967.59,2530.37,1248.46,0,0.43
4960,1020,2535.52,774.46,2665.92,982.38,0,0.91
4960,1234,2549.38,941.23,2679.55,1214.57,3,0.43
4960,1297,1670.68,649.55,1779.39,864.24,0,0.94
4970,1155,2823.14,693.41,2938.33,906.59,0,0.83
4970,1241,2205.32,606.23,2327.98,797.98,0,0.74
4970,1274,1919.48,650.91,2034.09,856.92,0,0.86
4970,1010,2215.02,749.9,2334.69,953.37,0,0.86
4970,1269,2433.8,1095.13,2597.39,1414,0,0.79
4970,1291,2167.97,877.07,2298.71,1131.83,0,0.92
4970,1293,2715.73,1059.79,2869.25,1396.64,0,0.95
4970,1020,2528.41,749.6,2657.81,956.44,0,0.89
4970,1234,2546.41,923.06,2677.52,1194.54,3,0.7
4970,1297,1681.13,598.28,1781.82,798.09,0,0.93
4970,1249,2349.97,905.14,2506.73,1170.73,0,0.56
4980,1155,2825.09,633.69,2934.55,836.23,0,0.91
4980,1274,1923.73,612.37,2030.77,810.37,0,0.94
4980,1010,2211.57,695.12,2324.52,903.41,0,0.87
4980,1291,2136.28,792.71,2251.3,1030.57,0,0.84
4980,1293,2698.86,1022.27,2848.62,1353.25,0,0.93
4980,1020,2534.44,713.46,2654.86,912.56,0,0.9
4980,1234,2535.27,890.56,2664.58,1152.92,3,0.64
4980,1297,1703.92,531.91,1795.81,720.94,0,0.94
4980,1249,2348.01,852.39,2496.35,1084.22,0,0.84
4980,1257,2361.73,972.31,2516.96,1266.48,0,0.9
4990,1274,1930.78,561,2028.41,743.69,0,0.87
4990,1291,2118.03,711.79,2224.43,927.78,0,0.84
4990,1020,2522.86,666.85,2635.71,866.77,0,0.85
4990,1234,2525.82,849.07,2651.76,1096.1,3,0.85
4990,1297,1722.47,468.26,1804.45,633.59,0,0.92
4990,1249,2343.86,783.2,2477.81,1006.16,0,0.79
4990,1324,2218.46,488.7,2322.51,648.57,0,0.85
4990,1241,2209.66,597.84,2310.67,797.54,0,0.81
5000,1274,1944.13,515.99,2030.95,680.18,0,0.81
5000,1291,2115.05,632.66,2214.27,832.61,0,0.83
5000,1020,2490.32,620.85,2595.83,812.89,0,0.93
5000,1234,2517.89,868.65,2669.01,1138.98,0,0.91
5000,1297,1727.37,406.33,1800.75,554.03,0,0.78
5000,1249,2307.32,712.97,2438.2,913.92,0,0.7
5000,1330,2812.45,518.13,2895.56,681.66,0,0.78
5000,1241,2197.92,559.53,2291.05,745.04,0,0.69
5010,1274,1949.45,470.51,2028.8,626.44,0,0.87
5010,1291,2113.57,562.32,2202.01,740.05,0,0.59
5010,1297,1727.69,355.97,1794.27,483.55,0,0.64
5010,1249,2272.6,716.36,2392.45,930.5,0,0.85
5010,1241,2192.4,513.28,2274.03,686.8,0,0.91
5010,1334,2537.4,728.14,2653.21,939.81,3,0.85
5010,1232,2434.87,563.24,2534.3,748.76,0,0.9
5010,1010,2254.17,632.41,2371.93,817.78,0,0.79
5020,1274,1942.25,433.2,2013.12,573.26,0,0.66
5020,1291,2103.84,502.34,2175.66,668.1,0,0.56
5020,1297,1727.55,315.59,1788.8,427.43,0,0.65
5020,1249,2244.11,674.72,2354.01,870.54,0,0.6
5020,1334,2524.46,683.22,2631.08,892.39,3,0.72
5020,1155,2860.66,532.73,2961.46,724.07,0,0.81
5020,1324,2218.46,569.02,2333.24,713.32,0,0.81
5030,1291,2079.76,453.51,2155.07,606.03,0,0.52
5030,1324,2213.02,587.01,2317.91,766.21,0,0.59
5030,1020,2473.6,607.8,2575.35,808.42,3,0.63
5030,1241,2189.16,509.38,2285.33,658.24,0,0.75
5040,1020,2440.95,578.01,2541.27,771.17,3,0.56
5040,1269,2373.22,1025.97,2514.47,1340.23,0,0.9
5040,1010,2267.5,625.39,2367.5,818.24,0,0.85
5050,1257,2309.39,851.82,2441.35,1103.23,0,0.92
5050,1324,2226.31,597.33,2315.4,771.26,0,0.76
5060,1249,2201.45,534.57,2281.03,707.56,0,0.84
5060,1241,2190.91,423.32,2269.15,557.28,0,0.48
5070,1249,2177.63,500.47,2257.34,664.09,0,0.75
5070,1232,2519.09,505.73,2622.15,684.59,0,0.59
5070,1324,2210.27,620.39,2302.16,821.58,0,0.9
5080,1249,2154.06,515.77,2233.15,693.08,0,0.84
5080,1408,2532.94,370.46,2592.68,492.84,0,0.44
5080,1232,2520.02,539.79,2637.04,732.36,1,0.94
5090,1249,2102.87,487.27,2182.34,653.54,0,0.83
5090,1334,2452.97,601.72,2584.43,808.96,1,0.73
5090,1241,2202.86,412.67,2274.79,533.67,0,0.88
5100,1431,917.65,338.99,982.17,449.96,0,0.58
5100,1334,2403.83,626.57,2553.3,842.53,1,0.96
5110,1431,909.76,358.25,975.29,468.12,0,0.63
5120,1431,899.66,384.04,968.67,499.96,0,0.46
5120,1452,994.58,466.19,1076.2,603.24,0,0.68
5130,1431,900.52,404.99,974.57,531.6,0,0.59
5130,1462,955.46,547.3,1046.78,726.43,0,0.85
5130,1257,2245.55,711.33,2390.59,940.58,1,0.96
5140,1431,908.78,431.64,986,567.83,0,0.74
5140,1475,851.33,650,959.99,872.4,0,0.92
5140,1257,2222.29,721.04,2374.23,962.14,1,0.69
5140,1020,2352.32,384.63,2429.9,521.92,0,0.62
5150,1431,903.9,458.53,986.31,602.45,0,0.86
5150,1257,2206.11,732.25,2363.4,971,1,0.94
5150,1330,2786.52,585.63,2879.31,784.37,0,0.87
5160,1431,893.85,484.21,976.82,634.9,0,0.7
5160,1257,2186.89,737.73,2348.53,978.31,1,0.7
5160,1330,2799.16,625.69,2894.36,836.9,0,0.9
5170,1257,2208.19,762.42,2366.35,1025.6,1,0.91
5200,1452,1006.77,474.36,1090.04,629.63,0,0.62
5210,1452,1001.77,498.63,1086.65,649.91,0,0.81
5220,1548,258.51,1181.94,449.11,1526.4,3,0.92
5220,1462,984.62,566.1,1074.14,742.22,0,0.92
5240,1475,839.82,742.22,969.48,989.4,0,0.61
5370,1548,286.6,1120.79,493.07,1494.53,3,0.98
5520,1662,1699.09,484.18,1782.64,647.03,0,0.8
5530,1662,1691.71,440.1,1767.36,589.15,0,0.92
5540,1662,1685.33,396.32,1750.1,527.61,0,0.61
5550,1662,1678.73,355.42,1738.99,477.96,0,0.65
5770,1732,2647.46,1465.31,2913.75,1858.56,1,0.85
5780,1732,2652.5,1419.8,2917.14,1809.54,1,0.92
5790,1732,2657.71,1415.99,2924.16,1803.73,1,0.91
5800,1732,2665.74,1424.42,2924.54,1805.22,1,0.94
5800,1735,2645.45,1429.16,2935.39,1800.43,1,0.44
5810,1732,2661.62,1425.32,2927.44,1802.89,1,0.95
5810,1735,2633.79,1432.6,2936.93,1792.83,1,0.81
5820,1732,2654.58,1425.6,2928.4,1809.81,1,0.94
5820,1735,2632.02,1431.38,2936.87,1799.92,1,0.72
5830,1732,2639.1,1422.96,2927.24,1808.65,1,0.94
5830,1735,2616.01,1427.04,2937.14,1800.14,1,0.63
5840,1732,2631.85,1428.46,2928.24,1809.32,1,0.94
5840,1735,2610.37,1433.06,2937.87,1800.56,1,0.66
5850,1732,2632.69,1432.37,2926.88,1810.73,1,0.93
5850,1735,2613.51,1435.98,2937.8,1802.53,1,0.68
5860,1732,2634.81,1434.52,2926.69,1811.3,1,0.92
5860,1735,2617.34,1436.94,2937.96,1802.63,1,0.68
5870,1732,2637.24,1434.39,2927.54,1813.5,1,0.9
5870,1735,2620.84,1437.15,2937.74,1803.02,1,0.65
5880,1732,2635.56,1433.58,2928.35,1814.37,1,0.9
5880,1735,2620.75,1437.23,2938.48,1803.39,1,0.7
5890,1732,2635.09,1433.8,2928.38,1813.98,1,0.93
5890,1735,2621.28,1437.29,2938.57,1802.1,1,0.68
5900,1732,2632.19,1434.79,2927.3,1809.25,1,0.93
5900,1735,2618.21,1438.63,2938.93,1799.98,1,0.62
5910,1732,2635.52,1435.72,2926.6,1807.7,1,0.94
5910,1735,2622.38,1438.84,2938.87,1798.49,1,0.58
5910,1768,673.15,594.74,766.54,775.95,0,0.59
5920,1732,2638.96,1434.32,2925.97,1809.04,1,0.93
5920,1735,2625.15,1437.88,2938.22,1799.14,1,0.59
5920,1768,682.36,556.47,779.04,742.77,0,0.89
5930,1732,2639.67,1434.01,2926.41,1810.31,1,0.92
5930,1735,2624.92,1437.49,2938.76,1800.77,1,0.68
5930,1768,700.69,525.36,797.41,708.99,0,0.81
5940,1732,2640.06,1433.83,2926.67,1811.66,1,0.9
5940,1735,2624.65,1436.43,2939.22,1802.91,1,0.68
5940,1768,723.69,503.71,814.58,676.05,0,0.82
5950,1732,2646.84,1430.67,2924.88,1810.66,1,0.92
5950,1735,2629.77,1430.11,2938.41,1801.1,1,0.62
5950,1768,731.86,488.27,829.92,661.35,0,0.88
5960,1732,2650.44,1428.54,2923.91,1810.73,1,0.9
5960,1735,2632.99,1426.14,2937.92,1800.85,1,0.57
5960,1768,742.33,481.39,838.05,652.49,0,0.66
5970,1732,2656.04,1429.17,2924.14,1813.94,1,0.91
5970,1735,2638.48,1427.93,2938.12,1803.4,1,0.59
5980,1732,2658.42,1427.25,2923.59,1814.95,1,0.94
5980,1735,2640.2,1426.92,2937.48,1803.97,1,0.61
5990,1732,2659.25,1418.77,2925.78,1814.64,1,0.95
5990,1735,2639.19,1420.87,2937.61,1800.77,1,0.79
5990,1784,736.31,490.79,828.89,659.71,0,0.85
6000,1732,2657.41,1413.67,2928.02,1812.03,1,0.78
6000,1735,2636.23,1413.68,2937.57,1798.04,1,0.58
6000,1784,737.71,492.57,833.49,660.44,0,0.73
6010,1732,2662.64,1411.77,2926.89,1811.98,1,0.95
6010,1735,2641.35,1412.59,2937.91,1797.3,1,0.81
6010,1784,739.52,494.07,835.37,663.01,0,0.78
6020,1732,2661.09,1414.78,2924.27,1813.38,1,0.97
6020,1735,2641.75,1414.02,2937.39,1796.3,1,0.7
6020,1784,737.77,491.55,836.18,662.65,0,0.82
6030,1732,2661.57,1414.04,2924.63,1814.69,1,0.97
6030,1735,2642.74,1415.55,2937.95,1795.42,1,0.79
6030,1784,737.13,497.06,834.42,662.23,0,0.61
6030,1786,3871.52,909.36,4091.23,1161.27,2,0.93
6040,1732,2660.95,1412.87,2924.89,1815.89,1,0.97
6040,1735,2642.58,1415.97,2937.93,1795.85,1,0.78
6040,1784,738.47,497.29,833.65,662.16,0,0.77
6040,1786,3794.99,875.54,4001.88,1112.24,2,0.82
6050,1732,2664.92,1414.85,2924.08,1814.74,1,0.98
6050,1735,2645.26,1417.67,2939.05,1796.45,1,0.77
6050,1784,735.18,497.53,835.37,661.84,0,0.87
6050,1786,3752.83,862.09,3979.68,1098.06,2,0.96
6060,1732,2667.04,1415.44,2923.61,1814,1,0.98
6060,1735,2646.69,1418.18,2939.4,1796.1,1,0.76
6060,1784,734.08,495.76,835.8,662.49,0,0.87
6060,1786,3742.47,861.58,3973.78,1094.91,2,0.96
6070,1732,2665.39,1414.72,2924.52,1814.36,1,0.96
6070,1735,2646.15,1417.39,2939.43,1796.54,1,0.7
6070,1784,735.62,495.01,833.57,662.16,0,0.8
6070,1786,3741.86,861.64,3974.71,1092.87,2,0.98
6080,1732,2663.76,1414.38,2925.66,1814.59,1,0.94
6080,1735,2645.41,1417.41,2940.13,1797.19,1,0.71
6080,1784,734.92,493.22,834.73,663.23,0,0.86
6080,1786,3742.64,861.24,3976.95,1092.62,2,0.98
6090,1732,2664.42,1415.71,2925.9,1814.44,1,0.9
6090,1735,2647.43,1419.36,2940.34,1797.89,1,0.63
6090,1784,733.25,495.21,834.69,662.97,0,0.89
6090,1786,3743.17,860.94,3979.49,1092.71,2,0.97
6100,1732,2663.94,1415.06,2928.09,1817.94,1,0.89
6100,1735,2645.77,1420.1,2939.52,1799.35,1,0.78
6100,1784,731.48,494.54,834.71,663.16,0,0.49
6100,1786,3744.73,861.75,3978.06,1096.57,2,0.84
6110,1732,2669.26,1416.85,2929.09,1819.14,1,0.92
6110,1735,2648.76,1419.94,2939.61,1798.99,1,0.77
6110,1784,733.58,494,831.43,661.77,0,0.87
6110,1786,3746.47,864.48,3978.59,1097.45,2,0.98
6120,1732,2662.85,1414.75,2929.97,1817.32,1,0.88
6120,1735,2644.92,1419.36,2939.77,1798.77,1,0.76
6120,1784,730.08,493.64,834.74,659.26,0,0.72
6120,1786,3746.88,859.62,3980.16,1097.3,2,0.98
6130,1732,2667.81,1415.2,2927.82,1815.69,1,0.9
6130,1735,2650.48,1421.1,2938.85,1798.73,1,0.69
6130,1784,733.33,497.31,834.18,662.19,0,0.72
6130,1786,3747.91,860.9,3980.22,1096.74,2,0.99
6140,1732,2667.4,1414.66,2928.01,1815.6,1,0.92
6140,1735,2649.98,1420.81,2939.13,1798.54,1,0.71
6140,1784,731.77,491.39,833.25,663.42,0,0.92
6140,1786,3748.84,862.88,3981.59,1096.46,2,0.99
6150,1732,2671.01,1413.29,2928.54,1815.77,1,0.92
6150,1735,2651.56,1418.95,2940.44,1797.95,1,0.73
6150,1784,729.81,487.85,834.47,664.5,0,0.9
6150,1786,3750.09,864.87,3981.35,1098.66,2,0.97
6160,1732,2664.18,1411.17,2929.56,1817.29,1,0.81
6160,1735,2645.06,1415.29,2939.67,1800.71,1,0.8
6160,1784,731.95,494.09,832.56,664.22,0,0.75
6160,1786,3749.87,862.08,3983.02,1100.93,2,0.97
6170,1732,2664.19,1410.35,2929.82,1818.34,1,0.75
6170,1735,2646.04,1413.96,2939.45,1802.49,1,0.76
6170,1784,731.99,493.49,830.87,664.5,0,0.61
6170,1786,3750.17,862.21,3982.81,1102.1,2,0.97
6180,1732,2665.38,1410.32,2930.19,1818.55,1,0.77
6180,1735,2646.79,1413.92,2939.58,1801.24,1,0.71
6180,1784,730.4,493.63,830.95,664.01,0,0.87
6180,1786,3751.49,861.64,3983.62,1101.91,2,0.97
6190,1732,2670.89,1414.57,2929.77,1818.5,1,0.91
6190,1735,2652.33,1417.59,2940.03,1799.95,1,0.77
6190,1784,730.61,497.08,829.89,664.05,0,0.67
6190,1786,3768.69,862.15,3982.53,1101.07,2,0.77
6200,1732,2674.25,1417.66,2929.4,1818.77,1,0.8
6200,1735,2655.53,1417.21,2940.08,1799.91,1,0.7
6200,1784,729.02,494.39,830.61,663.99,0,0.87
6200,1786,3758.9,859.24,3975.27,1084.16,0,0.33
6210,1732,2669.22,1421.81,2929.05,1815.2,1,0.85
6210,1735,2651.79,1419.16,2941.56,1798.18,1,0.63
6210,1784,732.04,497.68,828.57,664.47,0,0.8
6210,1786,3753.34,860.88,3979.09,1096.84,2,0.7
6220,1732,2667.8,1425.15,2928.49,1813.45,1,0.82
6220,1735,2650.05,1420.29,2940.47,1797.75,1,0.65
6220,1784,730.49,494.09,830.02,664.56,0,0.9
6220,1786,3752.22,863.21,3980.52,1099.91,2,0.97
6230,1732,2668.24,1423.88,2928.32,1811.89,1,0.6
6230,1735,2650.29,1417.54,2940.14,1797.5,1,0.42
6230,1784,729.06,491.68,830.96,664.5,0,0.9
6230,1786,3750.49,865.49,3981.28,1102.21,2,0.95
6230,1826,2671.16,1415.11,2936.19,1809.57,1,0.41
6240,1732,2656.21,1422.07,2928.13,1818.17,1,0.32
6240,1735,2640.28,1414.54,2939.69,1801.54,1,0.49
6240,1784,727.98,493.01,832.61,664.24,0,0.86
6240,1786,3743.02,864.67,4024.5,1143.01,2,0.72
6240,1826,2663.65,1414.18,2936.96,1816.2,1,0.34
6250,1732,2671.89,1426.4,2927.29,1818.17,1,0.83
6250,1735,2654.67,1419.47,2939.08,1800.4,1,0.56
6250,1784,727.72,493.63,832.4,664.04,0,0.84
6250,1786,3748.26,864.56,4001.87,1117.26,2,0.95
6250,1826,2677.86,1417.96,2937,1815.85,1,0.28
6260,1732,2673.08,1437.71,2925.58,1817.22,1,0.94
6260,1735,2655.74,1429.73,2940.53,1801.82,1,0.57
6260,1784,729.09,494.31,832.27,663.78,0,0.81
6260,1786,3751.34,863.81,3991.88,1106.41,2,0.97
6270,1732,2671.04,1439.7,2923.81,1815.66,1,0.89
6270,1735,2653.65,1430.77,2939.64,1802.36,1,0.53
6270,1784,728.26,490.96,832.84,663.91,0,0.82
6270,1786,3752.83,863.04,3986.92,1101.88,2,0.94
6280,1732,2669.5,1439.67,2923.62,1815.46,1,0.88
6280,1735,2652.96,1432.28,2938.94,1801.89,1,0.59
6280,1784,729.35,493.48,832.09,664.18,0,0.81
6280,1786,3753.68,860.34,3986,1100.27,2,0.96
6280,1844,3761.74,864.01,3981.21,1095.76,0,0.35
6290,1732,2674.24,1434.38,2923.15,1816.27,1,0.88
6290,1735,2656.6,1427.51,2938.78,1802.7,1,0.59
6290,1784,729.82,492.85,832.03,664.91,0,0.84
6290,1786,3752.29,863.74,3983.59,1098.61,2,0.98
6290,1846,1945.65,775.34,2082.33,1013.75,0,0.86
6300,1732,2678.54,1438.92,2925.11,1813.69,1,0.92
6300,1735,2660.56,1430.98,2940.27,1801.61,1,0.59
6300,1784,729.69,493.13,832.55,664.83,0,0.83
6300,1786,3753.85,866.66,3984.32,1102.41,2,0.96
6300,1846,1945.76,767.4,2077.83,1015.77,0,0.76
6300,1850,2276,817.11,2412.9,1077.63,0,0.9
6310,1732,2675.68,1439.06,2926.02,1811.81,1,0.89
6310,1735,2658.7,1430.05,2940.52,1801.77,1,0.57
6310,1784,731.83,495.72,830.58,663.22,0,0.74
6310,1786,3754.14,867.22,3985,1103.26,2,0.97
6310,1846,1947.65,768.19,2076.65,1013.52,0,0.88
6310,1850,2271.02,761.51,2404.02,1001.36,0,0.96
6320,1732,2676.02,1435.52,2923.63,1812.88,1,0.95
6320,1735,2659.39,1428.16,2937.97,1800.97,1,0.51
6320,1784,729.72,492.26,832,665.45,0,0.84
6320,1786,3752.79,866.21,3985.17,1100.93,2,0.98
6320,1846,1949.29,768.55,2077.74,1011.29,0,0.87
6320,1850,2267.4,708.14,2392.59,934.21,0,0.97
6320,1856,690.65,614.32,792.75,827.16,0,0.61
6330,1732,2680.58,1431.99,2926.56,1814.65,1,0.83
6330,1735,2665.65,1426.43,2938.78,1801.59,1,0.54
6330,1784,730.58,494.47,832.91,663.75,0,0.91
6330,1786,3752.85,868.17,3985.54,1099.2,2,0.99
6330,1846,1954.37,766.88,2080.43,1005.12,0,0.3
6330,1850,2266.17,670.61,2379.14,885.63,0,0.85
6340,1732,2689.07,1431.52,2927.79,1810.48,1,0.93
6340,1735,2674.6,1427.69,2939.26,1792.9,1,0.59
6340,1784,731.56,493.76,830.16,663.47,0,0.65
6340,1786,3753.28,866.91,3985.2,1099.23,2,0.97
6340,1846,1952.25,771.25,2078.52,1006.25,0,0.89
6340,1850,2268.64,646.06,2381.13,854.73,0,0.97
6350,1732,2687.53,1435.49,2924.5,1809.12,1,0.95
6350,1735,2667.31,1428.68,2939.36,1789.81,1,0.63
6350,1784,732.79,510.12,825.63,662.3,0,0.46
6350,1786,3753.56,866.32,3983.11,1099.6,2,0.98
6350,1846,1953.4,771.98,2080.2,1010.57,0,0.92
6350,1850,2269.84,632.64,2382.38,836.31,0,0.96
6360,1732,2686.2,1436.95,2924.54,1810.22,1,0.92
6360,1735,2666.79,1428.16,2940.11,1791.21,1,0.52
6360,1784,731.79,499.23,826.26,663.78,0,0.89
6360,1786,3749.48,833.19,3983.9,1101.17,2,0.8
6360,1846,1951.81,771.63,2080.71,1010.88,0,0.93
6360,1850,2271.39,628.68,2385.96,831.55,0,0.94
6370,1732,2691.57,1431.1,2922.45,1810.12,1,0.94
6370,1735,2675.41,1422.54,2939.72,1793.16,1,0.33
6370,1784,734.48,501.66,827.61,662.3,0,0.69
6370,1786,3751.17,851.24,3982.87,1101.23,2,0.98
6370,1846,1950.87,773.69,2081.19,1010.11,0,0.93
6370,1850,2272.09,629.76,2386.09,832.01,0,0.94
6380,1732,2692.06,1425.83,2921.89,1809.76,1,0.85
6380,1735,2678.5,1419.14,2938.51,1797.23,1,0.43
6380,1784,730.84,497.33,829.24,662.92,0,0.9
6380,1786,3753.22,861.47,3982.27,1099.71,2,0.97
6380,1846,1951.39,774.83,2080.39,1009.28,0,0.92
6380,1850,2272.93,633.36,2384.64,834.75,0,0.95
6390,1732,2689.33,1435.18,2921.96,1811.13,1,0.91
6390,1735,2676.53,1428.69,2941.01,1800.63,1,0.49
6390,1784,729.82,495.21,830.71,663.69,0,0.89
6390,1786,3752.93,864.04,3983.87,1099.87,2,0.97
6390,1846,1950.88,775.06,2079.83,1008.62,0,0.91
6390,1850,2272.01,636.18,2383.57,836.49,0,0.94
6400,1732,2688.27,1440.65,2920.78,1813.35,1,0.94
6400,1735,2673.62,1435.45,2940.95,1800.98,1,0.57
6400,1784,728.69,494.55,831.24,663.6,0,0.87
6400,1786,3753.7,865,3984.67,1099.81,2,0.95
6400,1846,1949.29,774.46,2080.28,1010.24,0,0.89
6400,1850,2272.02,635.44,2382.62,840.55,0,0.94
6410,1732,2674.63,1437.46,2923.65,1816.03,1,0.95
6410,1735,2662.91,1434.86,2939.31,1796.49,1,0.47
6410,1784,728.01,493.81,831.63,663.65,0,0.86
6410,1786,3754.06,865.11,3984.69,1099.73,2,0.96
6410,1846,1948.42,773.99,2080.72,1011.07,0,0.89
6410,1850,2271.63,637.44,2384.35,841.54,0,0.96
6410,1876,3754.3,865.22,3984.82,1099.78,3,0.36
6420,1732,2680.26,1436.17,2924.64,1812.03,1,0.9
6420,1735,2666.29,1432.08,2941.4,1795.06,1,0.31
6420,1784,728.36,494.19,833.11,664.09,0,0.86
6420,1786,3753.94,866.28,3984.42,1099.81,2,0.89
6420,1846,1951.08,772.83,2082.7,1011.9,0,0.92
6420,1850,2271.8,639.01,2385.22,842.61,0,0.95
6420,1876,3762.3,867.48,3981.55,1095.23,0,0.43
6430,1732,2701.37,1433.04,2930.86,1804.61,1,0.87
6430,1735,2683.21,1430.84,2937.83,1789.88,1,0.35
6430,1784,728.27,493.54,833.65,664,0,0.87
6430,1786,3754.54,865.55,3984.56,1099.4,2,0.97
6430,1846,1952.27,772.83,2083,1010.5,0,0.89
6430,1850,2271.43,639.88,2385.73,843.95,0,0.95
6440,1732,2693.88,1435.98,2925.05,1811.04,1,0.9
6440,1735,2678.13,1427.64,2938.32,1798.03,1,0.36
6440,1784,727.99,493.14,833.22,663.8,0,0.86
6440,1786,3753.64,864.85,3984.17,1099.03,2,0.98
6440,1846,1954.68,770.43,2092.94,1007.83,0,0.83
6440,1850,2270.7,640.33,2384.8,843.5,0,0.95
6450,1735,2664.68,1427.36,2935.23,1828.93,1,0.48
6450,1784,728.64,493.74,832.37,662.86,0,0.86
6450,1786,3753.04,862.83,3985.14,1100.65,2,0.97
6450,1846,1954.85,769.45,2096,1006.71,0,0.56
6450,1850,2270.6,640.73,2385.48,841.57,0,0.95
6450,1885,3760.54,866.35,3981.64,1097.33,0,0.35
6450,1886,1961.18,767.44,2096.61,1002.23,0,0.58
6460,1735,2677.78,1429.35,2937.11,1806.7,1,0.36
6460,1784,729.34,495.07,831.67,662.41,0,0.83
6460,1786,3757.36,854.05,3983.88,1101.27,2,0.77
6460,1846,1954.31,768.26,2090.9,1007.48,0,0.77
6460,1850,2270.23,642.38,2384.28,842.36,0,0.96
6460,1885,3766.28,855.09,3980.36,1098.02,0,0.81
6460,1732,2697.84,1438.1,2922.13,1808.07,1,0.89
6470,1735,2672.85,1429.04,2937.94,1801.58,1,0.54
6470,1784,729.93,494.36,831.89,662.62,0,0.87
6470,1786,3759.55,861.35,3977.3,1085.42,0,0.38
6470,1846,1953.36,770.57,2089.77,1007.32,0,0.9
6470,1850,2270.76,643.16,2384.35,842.98,0,0.96
6470,1732,2690.2,1437.11,2922.3,1811.54,1,0.92
6480,1735,2670.84,1430.18,2938.51,1802.07,1,0.48
6480,1784,730.17,493.43,832.3,662.84,0,0.87
6480,1786,3756.19,864.42,3982.94,1095.1,2,0.97
6480,1846,1952.1,770.62,2090,1008.13,0,0.92
6480,1850,2270.51,643.87,2384.38,843.47,0,0.96
6480,1732,2686.4,1435.97,2923.17,1815.56,1,0.89
6480,1893,2416.51,726.84,2523.72,938.25,0,0.91
6490,1735,2670.46,1430.65,2939.28,1802.12,1,0.56
6490,1784,729.86,493.78,832.14,663.01,0,0.87
6490,1786,3754.49,866.02,3983.32,1098.24,2,0.95
6490,1846,1951.93,770.98,2090.08,1008.48,0,0.91
6490,1850,2270.4,644.12,2383.83,843.36,0,0.95
6490,1732,2686.34,1437.69,2923.43,1816.62,1,0.93
6490,1893,2415.95,706.88,2528.22,925.77,0,0.98
6490,1899,3753.71,866.65,3984.07,1100.09,3,0.43
6500,1735,2670.05,1427.39,2939.93,1800.81,1,0.58
6500,1784,729.77,494.58,831.98,662.72,0,0.88
6500,1846,1950.6,770.77,2089.11,1006.47,0,0.92
6500,1850,2272.24,642.05,2384.46,843.65,0,0.91
6500,1732,2687.16,1435.4,2924.64,1815.12,1,0.85
6500,1893,2424.23,689.35,2535.3,900.7,0,0.97
6500,1902,1840.77,349.47,1965.67,464.24,0,0.51
6510,1735,2667.27,1429.38,2938.32,1801.29,1,0.51
6510,1784,729.7,496.73,833.78,652.12,0,0.72
6510,1846,1949.8,769.57,2089.15,1006.74,0,0.9
6510,1850,2283.84,631.83,2395.73,834.04,0,0.93
6510,1732,2684.33,1435.37,2922.98,1815.38,1,0.93
6510,1893,2434.9,678.49,2545.11,885.56,0,0.72
6510,1902,1841.2,349.03,1967.23,463.44,0,0.57
6510,1786,3753.4,866.36,3983.76,1101.92,2,0.97
6520,1735,2665.63,1431.28,2938.95,1801.67,1,0.57
6520,1784,727.35,498.02,832.93,646.34,0,0.72
6520,1846,1952.94,770.44,2088.51,1005.02,0,0.87
6520,1850,2312.48,620.08,2432.35,810.05,0,0.88
6520,1732,2680.71,1434.52,2924.81,1817.14,1,0.91
6520,1893,2450.42,669.58,2558.28,866.85,0,0.92
6520,1902,1833.58,354.16,1956.49,462.78,0,0.26
6520,1906,3754,864.86,3983.21,1099.87,3,0.32
6520,1786,3753.89,865.15,3983.26,1100.21,2,0.97
6530,1735,2665.16,1431.78,2940.28,1801.48,1,0.59
6530,1784,726.65,498.39,832.56,644.36,0,0.74
6530,1846,1954.38,769.88,2088.14,1004.98,0,0.84
6530,1732,2679.54,1434.29,2926.56,1818,1,0.91
6530,1893,2463.83,655.23,2578.12,861.94,0,0.46
6530,1906,3754.34,866.22,3982.17,1099.03,2,0.97
6530,1786,3754.21,866.14,3982.31,1099.37,3,0.28
6530,1907,2260.09,733.65,2377.03,957.64,1,0.92
6540,1735,2664.69,1432.65,2940.69,1801.02,1,0.59
6540,1784,726.39,498.35,832.03,643.76,0,0.75
6540,1846,1955.32,769.85,2087.62,1004.96,0,0.86
6540,1732,2678.97,1434.79,2927.22,1817.54,1,0.91
6540,1893,2484.57,646.18,2589.49,847.7,0,0.58
6540,1786,3754.4,866.35,3982.26,1099.54,2,0.98
6540,1907,2260.94,721.66,2375.4,941,1,0.89
6550,1735,2663.83,1432.15,2939.86,1799.89,1,0.57
6550,1784,726.61,497.55,831.55,645.07,0,0.4
6550,1846,1954.69,769.57,2087.91,1005.25,0,0.9
6550,1732,2678.86,1435.04,2925.96,1817.67,1,0.94
6550,1893,2526.32,627.29,2637.23,824.03,0,0.9
6550,1786,3754.78,867.39,3982.06,1100.48,2,0.97
6550,1907,2258.26,719.39,2374.03,934.75,1,0.92
6550,1856,673.07,581.28,799.51,720.85,0,0.65
6560,1735,2662.98,1429.09,2939.39,1799.74,1,0.59
6560,1784,728.71,490.44,827.06,622.82,0,0.69
6560,1846,1954.03,769.33,2087.97,1005.23,0,0.89
6560,1732,2678.72,1433.54,2925.44,1818.15,1,0.95
6560,1893,2576.2,609.13,2691.23,802,0,0.89
6560,1786,3754.77,867.86,3981.97,1101.13,2,0.98
6560,1907,2258.09,719.48,2374.11,932.66,1,0.95
6560,1856,677.09,580.88,808.45,726.35,0,0.56
6570,1735,2661.12,1426.28,2939.41,1799.82,1,0.59
6570,1784,721.09,500.38,828.96,640.14,0,0.32
6570,1846,1954.47,769.29,2089.09,1006.22,0,0.9
6570,1732,2677.34,1429.68,2926.16,1817.27,1,0.91
6570,1786,3753.9,866.69,3982.39,1101.42,2,0.98
6570,1907,2259.13,717.96,2373.79,932.9,1,0.94
6570,1856,676.72,579.57,809.37,725.71,0,0.44
6580,1735,2662.7,1425.96,2940.61,1802.57,1,0.64
6580,1784,729.2,494.17,824.25,628.55,0,0.61
6580,1846,1955.73,769.64,2089.76,1005.39,0,0.85
6580,1732,2679.86,1433.53,2926.43,1817.84,1,0.91
6580,1786,3754.29,866.38,3982.51,1100.01,2,0.98
6580,1907,2258.4,718.98,2373.02,932.05,1,0.93
6580,1856,675.89,581.04,808.72,725.93,0,0.6
6590,1735,2663.64,1429.64,2938.85,1801.98,1,0.63
6590,1784,731.08,491.26,821.35,619.87,0,0.55
6590,1846,1956.29,769.72,2089.83,1004.91,0,0.82
6590,1732,2680.79,1435.36,2924.1,1817.87,1,0.96
6590,1786,3754.61,866.77,3982.06,1099.16,2,0.98
6590,1907,2255.79,720.35,2372.14,931.47,1,0.9
6590,1856,675.74,583.07,808.27,726.25,0,0.76
6590,1928,717.93,501.27,827.18,644.53,0,0.49
6600,1735,2662.84,1430.9,2939.36,1801.35,1,0.72
6600,1784,732,491.98,822.67,621.8,0,0.42
6600,1846,1956.42,769.73,2089.86,1004.28,0,0.85
6600,1732,2679.68,1436.22,2924.91,1819.52,1,0.96
6600,1786,3755.05,866.27,3982.04,1098.6,2,0.98
6600,1907,2254.51,721.09,2371.91,931.68,1,0.89
6600,1856,675.72,583.3,806.68,726.22,0,0.51
6600,1928,721.59,503.04,828.14,643.69,0,0.28
6610,1735,2665,1427.11,2940.24,1802.17,1,0.6
6610,1784,732.94,492.16,820.92,615.88,0,0.44
6610,1846,1955.57,769.98,2088.73,1004.64,0,0.83
6610,1732,2681.31,1435.38,2926.02,1821.09,1,0.93
6610,1786,3755.39,865.21,3981.52,1099.69,2,0.98
6610,1907,2255.95,720.73,2372.42,931.4,1,0.95
6610,1856,676.71,585.27,806.8,726.55,0,0.56
6610,1928,719.25,507.61,826.17,643.45,0,0.39
6610,1937,3292.75,484.76,3377.45,636.09,0,0.81
6620,1735,2665.47,1425.91,2940.51,1802.33,1,0.61
6620,1784,731.4,489.88,822.37,613.82,0,0.56
6620,1846,1955.43,771.32,2087.9,1004.85,0,0.9
6620,1732,2681.43,1434.77,2926.48,1821.56,1,0.94
6620,1786,3754.79,863.73,3981.06,1099.69,2,0.99
6620,1907,2256.17,720.37,2372.72,931.49,1,0.95
6620,1856,677.14,584.79,807.7,726.68,0,0.61
6620,1928,718.81,509.21,826.04,644.46,0,0.41
6630,1735,2664.05,1430.56,2940.39,1801.94,1,0.68
6630,1784,732.44,489.26,823.3,617.47,0,0.74
6630,1846,1956.41,772.45,2086.97,1005.62,0,0.89
6630,1732,2680.47,1436.48,2926.31,1821.17,1,0.93
6630,1786,3754.2,865.74,3979.84,1098.44,2,0.99
6630,1907,2256.41,720.3,2372.86,932.07,1,0.95
6630,1856,676.78,584.24,806.52,726.41,0,0.53
6630,1928,722.57,504.54,827.19,643.51,0,0.3
6630,1937,3318.55,463.5,3407.03,613.64,0,0.71
6640,1735,2663.49,1432.94,2940.14,1802.07,1,0.67
6640,1784,735.42,487.85,823.96,617.39,0,0.27
6640,1846,1955.47,773.76,2087.75,1006.97,0,0.9
6640,1732,2680.23,1437.95,2925.89,1820.88,1,0.93
6640,1786,3754.45,866.67,3979.34,1098.11,2,0.98
6640,1907,2256.53,720.57,2372.78,932.38,1,0.95
6640,1856,676.62,584.03,805.73,726.14,0,0.45
6640,1928,722.18,504.27,827.25,645.49,0,0.29
6640,1948,3079.01,464.64,3172.09,616.98,0,0.63
6640,1937,3322.09,457.4,3407.04,611.35,0,0.55
6650,1735,2665.14,1433.22,2939.93,1802.32,1,0.62
6650,1784,736.81,489.02,823.37,618.47,0,0.35
6650,1846,1955.76,773.37,2088.8,1006.5,0,0.9
6650,1732,2681.72,1438.52,2925.29,1820.68,1,0.92
6650,1786,3757.95,865,3979.79,1099.87,2,0.96
6650,1907,2255.8,720.6,2372.45,933.03,1,0.95
6650,1856,676.7,582.87,806.77,725.9,0,0.48
6650,1948,3083.07,463.71,3171.74,617.3,0,0.49
6650,1937,3318.54,447.15,3408.64,610.29,0,0.42
6660,1735,2665.61,1428.53,2940.29,1801.71,1,0.64
6660,1784,733.94,490.65,822.4,615.38,0,0.59
6660,1846,1953.24,774.73,2087.74,1008.2,0,0.9
6660,1732,2682.82,1435.86,2924.55,1819.69,1,0.96
6660,1786,3760.48,865.72,3979.95,1098.55,2,0.96
6660,1907,2256.45,720.4,2372.07,932.99,1,0.94
6660,1856,677.14,582.15,806.96,726.3,0,0.62
6660,1948,3079.51,446.19,3176.07,616.21,0,0.38
6660,1937,3318.84,454.7,3412.16,608.11,0,0.82
6660,1952,3761.2,865.74,3980.14,1098.42,3,0.44
6660,1928,721.18,509.76,826.12,643.67,0,0.29
6670,1735,2665.02,1426.27,2939.66,1801.1,1,0.61
6670,1784,732.74,491.26,823.07,620.74,0,0.53
6670,1846,1952.17,775.11,2087.7,1008.34,0,0.9
6670,1732,2682.6,1433.33,2923.68,1818.19,1,0.96
6670,1786,3763.31,867,3979.63,1097.12,2,0.96
6670,1907,2256.63,720.51,2371.95,933.18,1,0.94
6670,1856,677.29,581.81,802.98,727.05,0,0.7
6670,1948,3086.23,454.52,3181.99,613.14,0,0.71
6670,1937,3319.91,458.02,3408.75,608.26,0,0.6
6670,1952,3763.68,867.23,3979.7,1096.88,3,0.37
6670,1956,3625.17,1036.13,3772.32,1297.29,0,0.72
6670,1928,723.38,505.66,825.98,644.45,0,0.37
6680,1735,2664.18,1428.49,2939.34,1802.1,1,0.6
6680,1784,731.1,491.92,825.69,628.35,0,0.33
6680,1846,1951.21,774.93,2087.44,1009.5,0,0.9
6680,1732,2681.61,1434.33,2924.2,1817.75,1,0.88
6680,1786,3766.07,866.05,3979.3,1096.57,3,0.33
6680,1907,2255.75,720.63,2372.56,933.62,1,0.92
6680,1948,3087.05,458.29,3181.16,613.41,0,0.6
6680,1937,3322.43,456.63,3408.6,608.64,0,0.51
6680,1952,3766.53,866.01,3979.28,1096.34,2,0.97
6680,1956,3595.77,999.67,3738.01,1253.44,1,0.89
6690,1735,2664.63,1430.66,2939.46,1802.52,1,0.57
6690,1846,1952.84,773.8,2087.48,1009.36,0,0.91
6690,1732,2681.4,1435.32,2924.24,1817.46,1,0.91
6690,1786,3761.88,864.03,3979.79,1097.64,2,0.97
6690,1907,2255.19,720.39,2372.85,933.94,1,0.93
6690,1937,3320.36,459.14,3410.19,609.04,0,0.76
6690,1952,3761.45,863.72,3979.86,1097.66,3,0.26
6690,1956,3559.4,956.1,3690.26,1207.9,1,0.76
6690,1856,674.58,578.36,802.75,724.4,0,0.29
6700,1735,2664.81,1430.05,2939.45,1803,1,0.58
6700,1846,1953.04,775.78,2086.68,1009.53,0,0.9
6700,1732,2681.53,1434.99,2924.17,1817.69,1,0.91
6700,1786,3759.25,863.82,3979.72,1097.88,3,0.29
6700,1907,2255.01,720.77,2372.59,933.56,1,0.93
6700,1937,3318.97,454.69,3408.71,610.38,0,0.66
6700,1952,3758.62,863.58,3979.76,1097.94,2,0.98
6700,1956,3495.62,919.76,3625.06,1161.5,1,0.79
6700,1784,730.09,491.41,826.49,626.2,0,0.58
6700,1948,3093.35,458.16,3182.43,610.67,0,0.54
6710,1735,2663.66,1433.61,2940.02,1802.99,1,0.67
6710,1846,1955.22,775.78,2087.12,1009.23,0,0.88
6710,1732,2679.85,1435.89,2924.91,1817.77,1,0.94
6710,1786,3755.31,866.22,3980.01,1098.72,3,0.32
6710,1907,2255.13,721.86,2372.64,932.57,1,0.94
6710,1937,3318.45,463.9,3403.86,612.94,0,0.4
6710,1952,3754.54,866.21,3980.07,1098.83,2,0.98
6710,1956,3437.64,890.55,3578.63,1131.56,1,0.76
6710,1784,730.62,488.96,824.9,629.56,0,0.51
6710,1948,3092.38,453.01,3183.7,612.15,0,0.33
6710,1928,720.24,496.75,826.92,649.32,0,0.31
6710,1856,673.4,577.06,808.02,726.36,0,0.34
6720,1735,2662.43,1433.52,2940.08,1801.59,1,0.68
6720,1846,1955.51,776.26,2087.47,1009.33,0,0.88
6720,1732,2678.75,1435.89,2924.87,1816.83,1,0.95
6720,1907,2255.76,721.32,2373.02,932.56,1,0.95
6720,1937,3318.91,459.98,3408.46,611.44,0,0.82
6720,1956,3422.73,885.67,3559.82,1122.69,0,0.61
6720,1948,3088.84,454.98,3177.78,611.96,3,0.42
6720,1972,3434.36,894.75,3571.94,1132.87,1,0.43
6730,1735,2661.45,1434.93,2939.62,1801.71,1,0.69
6730,1846,1956.49,777.68,2087.03,1008.27,0,0.88
6730,1732,2677.93,1436.42,2924.17,1816.5,1,0.96
6730,1907,2255.75,722.08,2372.5,932.05,1,0.94
6730,1937,3318.45,460.2,3409.96,611.08,0,0.83
6730,1948,3091.4,458.11,3182.15,612.53,0,0.77
6730,1972,3423.42,896.07,3575.39,1132.76,1,0.88
6730,1786,3753.48,868.72,3978.13,1098.18,2,0.98
6730,1784,730.06,490.6,824.9,628.59,0,0.47
6730,1928,723.17,496.68,827.29,646.27,0,0.49
6730,1856,677.45,587.6,805.98,742.78,0,0.27
6740,1735,2663.11,1433.53,2939.09,1804.67,1,0.6
6740,1846,1955.02,777.77,2086.55,1008.78,0,0.89
6740,1732,2680.85,1437.6,2922.17,1817.9,1,0.95
6740,1907,2255.58,722.02,2372.09,931.83,1,0.94
6740,1937,3319.46,462.32,3408.73,610.59,0,0.83
6740,1948,3091.18,459.22,3183.72,613.97,0,0.75
6740,1972,3418.96,897.57,3578.35,1132.89,1,0.89
6740,1786,3753.77,864.64,3979.6,1096.89,2,0.98
6740,1784,730.66,489.55,822.86,621.15,0,0.36
6740,1928,724.56,501.39,826.87,647.39,0,0.36
6750,1735,2663.16,1432.1,2939.03,1805.74,1,0.64
6750,1846,1953.86,775.88,2086.96,1009.26,0,0.9
6750,1732,2681.24,1436.09,2922.01,1818.24,1,0.95
6750,1907,2255.44,721.84,2372.51,931.96,1,0.94
6750,1937,3320.62,460.63,3407.69,610.82,0,0.87
6750,1948,3090.59,459.23,3182.1,614.17,0,0.73
6750,1972,3418.51,899.58,3577.72,1133.04,1,0.82
6750,1786,3754.11,864.18,3980.2,1096.72,2,0.98
6750,1784,733.89,490.81,822.86,616.46,0,0.27
6760,1735,2662.91,1433.56,2938.69,1804.98,1,0.7
6760,1846,1953.64,777.08,2087.05,1008.51,0,0.9
6760,1732,2679.8,1435.31,2923.07,1819.19,1,0.95
6760,1907,2256.64,721.71,2371.89,932.45,1,0.94
6760,1937,3318.26,459.67,3409.45,611.88,0,0.81
6760,1948,3089.23,461.73,3180.4,612.62,0,0.79
6760,1972,3419.22,898.86,3578.18,1132.53,1,0.93
6760,1786,3754.82,865.82,3979.7,1093.06,2,0.98
6760,1856,667.74,586.62,807.5,750.86,0,0.28
6760,1928,727.43,497.9,828.91,648.97,0,0.57
6770,1735,2664.37,1434.73,2938.3,1804.28,1,0.66
6770,1846,1953.69,776.09,2087.13,1009.51,0,0.91
6770,1732,2680.85,1436.34,2922.94,1819.4,1,0.94
6770,1907,2255.23,722.17,2371.16,932.12,1,0.95
6770,1937,3319.5,460.48,3409.62,611.81,0,0.87
6770,1948,3091,462.16,3183.06,611.6,0,0.8
6770,1972,3419.79,898.16,3577.42,1132.33,1,0.88
6770,1786,3754.98,866.6,3978.96,1091.65,2,0.97
6770,1980,3755.18,866.96,3978.84,1091.24,3,0.44
6770,1928,723.61,503.96,831.81,644.61,0,0.36
6770,1784,730.36,491.25,825.87,616.78,0,0.65
6780,1735,2665.36,1434.66,2938.19,1803.89,1,0.64
6780,1846,1955.15,774.81,2086.85,1009.4,0,0.91
6780,1732,2681.59,1436.15,2923.05,1819.47,1,0.94
6780,1907,2254.72,722.31,2370.91,931.95,1,0.94
6780,1937,3320.14,458.34,3408.94,612.51,0,0.74
6780,1948,3090.73,458.45,3184.39,611.7,0,0.81
6780,1972,3420.15,897.96,3579.33,1132.9,1,0.93
6780,1786,3755.85,865.75,3979.75,1091.8,3,0.47
6780,1980,3756.09,865.67,3979.96,1091.98,2,0.96
6780,1928,726.74,500.19,828.88,650.86,0,0.26
6780,1784,732.96,489.8,825.63,625.15,0,0.55
6790,1735,2664.97,1434.36,2937.82,1805.23,1,0.58
6790,1846,1956.16,775.32,2084.17,1008.14,0,0.88
6790,1732,2681.66,1436.93,2920.74,1818.98,1,0.96
6790,1907,2255.45,721.77,2371.57,932.76,1,0.95
6790,1937,3320.28,458.86,3409.76,611.67,0,0.84
6790,1948,3092.01,456.19,3184.1,613.16,0,0.83
6790,1972,3420.71,898.37,3579.12,1133.61,1,0.85
6790,1786,3757.55,865.62,3978.72,1093.77,3,0.45
6790,1980,3758,865.47,3978.75,1094.46,2,0.97
6790,1784,740.44,486.5,825.06,614.93,0,0.39
6800,1735,2663.31,1431.12,2938.06,1805.22,1,0.64
6800,1846,1954.54,776.44,2083.82,1008.21,0,0.87
6800,1732,2680.18,1435.53,2921.55,1818.29,1,0.97
6800,1907,2255.38,722.1,2371.53,933.15,1,0.95
6800,1937,3320.18,459.49,3409.53,610.3,0,0.82
6800,1948,3090.79,460.93,3182.09,613.94,0,0.71
6800,1972,3421.02,898.31,3575.8,1134.18,1,0.8
6800,1786,3757.05,865.03,3977.36,1093.74,2,0.96
6800,1980,3757.26,864.82,3977.22,1094.32,3,0.43
6800,1784,736.34,489.46,824.61,626.4,0,0.43
6800,1928,727.92,499.57,824.54,639.26,0,0.46
6810,1735,2662.44,1423.05,2937.89,1805.74,1,0.58
6810,1846,1951.89,786.85,2081.69,1007.98,0,0.81
6810,1732,2680.58,1428.75,2921.95,1819.28,1,0.95
6810,1907,2255.39,722.09,2371.44,933.68,1,0.94
6810,1937,3317.65,457.15,3408.57,612.36,0,0.8
6810,1948,3090.18,460.65,3182.74,613.68,0,0.58
6810,1972,3419.83,897.65,3575.6,1133.82,1,0.77
6810,1786,3757.7,864.96,3977.24,1092.49,2,0.98
6810,1980,3757.9,864.79,3977.15,1092.85,3,0.27
6810,1784,735.04,488.74,826.17,630.79,0,0.61
6820,1735,2664.57,1422.44,2938.34,1807.1,1,0.72
6820,1846,1952.61,778.54,2083.39,1008.99,0,0.89
6820,1732,2682.4,1426.62,2924.65,1822.01,1,0.94
6820,1907,2253.96,722.28,2370.77,933.06,1,0.95
6820,1937,3317.85,460.86,3408.39,611.92,0,0.87
6820,1948,3094.03,460.95,3183.99,610.25,0,0.76
6820,1972,3419.64,898.57,3575.09,1133.3,1,0.9
6820,1786,3757.87,865.76,3976.39,1092.61,2,0.95
6820,1980,3758.02,865.69,3976.28,1092.92,3,0.53
6820,1784,735.29,488.74,825.27,630.15,0,0.71
6820,1856,674.89,577.36,808.41,729.94,0,0.56
6820,1928,725.92,498.99,827.8,644.29,0,0.35
6830,1735,2666.34,1420.03,2939.21,1806.48,1,0.65
6830,1846,1953.07,776.1,2084.06,1009.53,0,0.89
6830,1732,2684.54,1427.17,2925.78,1822.88,1,0.95
6830,1907,2253.94,722.33,2371.34,932.8,1,0.95
6830,1937,3319.04,463.26,3408.19,611.47,0,0.81
6830,1948,3098.64,461.82,3186.4,611.33,0,0.67
6830,1972,3418.94,898.75,3575.12,1134.21,1,0.81
6830,1786,3756.1,866.03,3977.11,1095.23,2,0.95
6830,1980,3756.12,865.98,3977.07,1095.61,3,0.5
6830,1784,734.77,488.88,825.37,628.18,0,0.64
6830,1856,676.72,579.39,808.67,727.69,0,0.58
6830,1928,723.1,499.47,828.68,644.73,0,0.25
6840,1735,2667.98,1420.02,2939.2,1807.95,1,0.54
6840,1846,1953.54,775.68,2084.78,1008.75,0,0.88
6840,1732,2686.38,1425.57,2924.83,1823.36,1,0.92
6840,1907,2255.92,721.22,2372.3,933.77,1,0.92
6840,1937,3318.98,464.31,3407.22,611.71,0,0.88
6840,1948,3099.25,461.14,3187.59,613.26,0,0.81
6840,1972,3419.87,897.78,3573.84,1134.48,1,0.81
6840,1784,734.46,489.27,824.14,625.98,0,0.61
6840,1856,676.92,583.07,806,726.91,0,0.47
6840,1928,725.06,499.7,827.74,643.89,0,0.33
6850,1735,2668.1,1417.28,2938.84,1808.21,1,0.5
6850,1846,1953.39,775.87,2085.04,1007.9,0,0.89
6850,1732,2686.9,1424.28,2923.12,1821.38,1,0.95
6850,1907,2256.8,720.89,2372.63,933.99,1,0.88
6850,1937,3312.91,463.21,3408.5,613.66,0,0.88
6850,1948,3098.24,462.31,3187.05,613.59,0,0.76
6850,1972,3420.2,896.22,3573.61,1134.24,1,0.83
6850,1784,734.54,489.27,823.59,622.85,0,0.55
6850,1856,677.49,586.07,804.32,726.48,0,0.44
6850,1980,3785.1,865.78,3982.72,1096.84,2,0.84
6860,1735,2666.95,1420.02,2938.15,1808.1,1,0.55
6860,1846,1954.71,778.43,2084.29,1007.35,0,0.85
6860,1732,2684.74,1426.4,2923.22,1822.46,1,0.94
6860,1907,2256.31,720.92,2371.92,933.16,1,0.93
6860,1937,3312.81,461.87,3405.09,612.14,0,0.64
6860,1948,3096.37,462.69,3184.24,609.76,0,0.71
6860,1972,3419.79,896.86,3574.18,1133.58,1,0.89
6860,1784,734.47,488.91,823.33,622.54,0,0.72
6860,1856,677.77,585.97,804.68,726.29,0,0.42
6860,1980,3812.1,864.89,3985.4,1099.02,2,0.83
6870,1735,2663.49,1418.78,2935.04,1806.35,1,0.52
6870,1846,1953.72,777.4,2084.68,1008.03,0,0.87
6870,1732,2681.69,1424.71,2920.69,1821.39,1,0.94
6870,1907,2258.19,720.21,2371.76,933.27,1,0.95
6870,1937,3317.44,463.92,3406.44,612.34,0,0.85
6870,1948,3091.57,456.9,3184.83,609.25,0,0.76
6870,1972,3420.28,896.75,3574.56,1133.47,1,0.89
6870,1784,735.38,489.49,824.16,627.83,0,0.59
6870,1856,677.72,586.24,803.32,725.63,0,0.63
6870,1980,3816.14,863.36,3983.78,1099.49,2,0.89
6870,1928,727.45,500.54,827.43,644.69,0,0.34
6880,1735,2665.1,1417.95,2932.79,1807.57,1,0.44
6880,1846,1953.24,776.57,2085.29,1008.56,0,0.87
6880,1732,2683.69,1428.6,2915.57,1819.23,1,0.94
6880,1907,2258.95,720.01,2371.93,933.31,1,0.95
6880,1937,3319.36,464.76,3407.53,611.85,0,0.89
6880,1948,3093.11,459.65,3184.5,608.81,0,0.77
6880,1972,3421.16,896.87,3574.92,1134.15,1,0.91
6880,1784,736.22,489.25,824.39,626.66,0,0.71
6880,1856,676.38,583.77,805.05,726.75,0,0.34
6880,1980,3818.16,863.5,3982.5,1099.23,2,0.81
6880,1928,727.25,503.42,826.98,644.93,0,0.25
6880,1786,3810.78,863.84,3981.22,1098.49,3,0.31
6890,1735,2666.18,1415.06,2934.89,1803.3,1,0.47
6890,1846,1953.12,777.25,2084.6,1008.83,0,0.88
6890,1732,2684.94,1423.56,2916.76,1815.56,1,0.93
6890,1907,2257.15,721.19,2371.91,933.11,1,0.93
6890,1948,3091.31,460.51,3183.85,610.85,0,0.69
6890,1972,3421.03,895.99,3575.48,1135.73,1,0.91
6890,1784,736.5,489.18,823.95,625.12,0,0.59
6890,1856,677.01,585.92,805.98,727.57,0,0.48
6890,1980,3820.79,863.44,3983.45,1096.7,3,0.29
6890,1786,3818.41,863.51,3983.21,1096.33,2,0.77
6900,1735,2660.8,1412.36,2937.08,1804.59,1,0.55
6900,1846,1952.51,777.52,2084.11,1009.26,0,0.88
6900,1732,2680.14,1418.73,2917.85,1814.01,1,0.84
6900,1907,2256.43,721.61,2371.92,933.02,1,0.91
6900,1948,3088.74,454.88,3185.18,612.01,0,0.36
6900,1972,3422.4,894.84,3577.6,1136.3,1,0.93
6900,1784,735.76,489.47,823.81,625.87,0,0.62
6900,1856,676.93,586.29,805.68,727.68,0,0.5
6900,1980,3821.83,863.09,3982.82,1095.2,3,0.3
6900,1786,3820.96,863.08,3982.78,1095.07,2,0.71
6900,1937,3318.44,459.59,3408.85,612.58,0,0.82
6900,1928,727.46,503.82,827.05,644.11,0,0.25
6910,1735,2670,1411.27,2937.14,1804.99,1,0.39
6910,1846,1953.04,777.51,2083.77,1009.25,0,0.88
6910,1732,2687.57,1417.2,2917.76,1814.15,1,0.87
6910,1907,2256.73,721.71,2371.97,932.76,1,0.91
6910,1948,3084.37,453.22,3177.99,611.76,0,0.39
6910,1972,3435.09,894.39,3578.05,1135.67,1,0.89
6910,1784,735.93,489.59,823.52,625.24,0,0.64
6910,1856,677.37,586.09,806,727.65,0,0.53
6910,1980,3806.03,861.63,3981.57,1092.74,3,0.27
6910,1786,3805.62,861.6,3981.6,1092.71,2,0.86
6910,1937,3316.55,461.19,3408.09,613.22,0,0.85
6920,1846,1955.71,777.79,2084.31,1008.54,0,0.89
6920,1732,2691.02,1411.04,2916.18,1794.46,1,0.73
6920,1907,2257.03,722.41,2372.07,932.27,1,0.92
6920,1948,3091.29,457.58,3181.42,611.22,0,0.8
6920,1972,3439.88,894.42,3580.15,1135.21,1,0.95
6920,1784,735.11,490.1,824.21,626.87,0,0.59
6920,1856,677.67,583.11,805.67,727.41,0,0.7
6920,1980,3805.42,864.76,3980.86,1095.27,3,0.53
6920,1786,3805.22,864.71,3980.9,1095.26,2,0.82
6920,1937,3316.74,463.45,3409.04,612.65,0,0.88
6920,1928,725.76,499.91,827.81,643.82,0,0.41
6930,1846,1956.83,777.91,2084.04,1007.94,0,0.88
6930,1732,2683.27,1368.48,2915.63,1740.97,3,0.68
6930,1907,2257.42,722.04,2372.11,931.42,1,0.96
6930,1948,3092.43,459.15,3180.03,610.19,0,0.73
6930,1972,3436.38,895.09,3580.79,1134.84,1,0.86
6930,1784,734.51,491.07,823.78,626.8,0,0.62
6930,1856,677.69,581.77,805.92,726.64,0,0.75
6930,1980,3792.19,867.16,3978.9,1095.43,3,0.36
6930,1786,3792.02,867.1,3978.94,1095.43,2,0.96
6930,1937,3319.54,459.97,3404.09,611.96,0,0.74
6930,1928,724.76,501.03,827.83,644.54,0,0.49
6930,1735,2674.42,1365.64,2917.92,1739.47,3,0.95
6940,1846,1955.29,776.03,2085.56,1010.19,0,0.88
6940,1907,2255.88,721.68,2372.17,929.47,1,0.97
6940,1948,3095.39,465.47,3177.26,609.7,0,0.39
6940,1972,3435.3,896.4,3576.5,1132.98,1,0.67
6940,1856,677.05,586.78,805.63,726.59,0,0.57
6940,1980,3778.1,866.05,3979.32,1094.79,3,0.34
6940,1786,3777.92,866,3979.36,1094.79,2,0.97
6940,1937,3316.77,461.17,3406.12,613.02,0,0.82
6940,1735,2646.09,1288.11,2870.5,1651.7,3,0.68
6950,1846,1955.81,775.57,2085.87,1010.24,0,0.89
6950,1907,2253.79,721.21,2373.13,926.71,1,0.94
6950,1948,3093.05,461.47,3181.25,608.83,0,0.8
6950,1972,3433.55,896,3577.94,1133.09,1,0.41
6950,1856,676.71,587.12,805.1,726.94,0,0.51
6950,1980,3768.93,864.13,3978.41,1096.17,3,0.27
6950,1786,3768.75,864.09,3978.45,1096.18,2,0.97
6950,1937,3317.73,463.38,3410.83,612.5,0,0.87
6950,1784,738.76,491.66,822.19,621.57,0,0.43
6960,1846,1955.56,776.55,2085.32,1011.73,0,0.87
6960,1907,2254.88,721.59,2371.48,926.22,1,0.95
6960,1948,3091.28,459.42,3182.85,610.15,0,0.56
6960,1972,3440.36,896.44,3585.52,1131.24,1,0.61
6960,1856,676.25,588.12,804.52,726.74,0,0.61
6960,1786,3762.95,863.61,3978.75,1096.56,2,0.98
6960,1937,3314.24,458.19,3406.79,614.95,0,0.77
6960,1784,737.47,491.19,821.6,620.13,0,0.68
6960,1928,728.15,512.84,826.05,642.98,0,0.34
6970,1846,1954.05,776.84,2084.17,1011.46,0,0.89
6970,1907,2255.67,720.78,2371.87,927.69,1,0.96
6970,1948,3088.06,457.86,3182.74,611.87,0,0.72
6970,1972,3433.13,895.38,3584.55,1131.75,1,0.61
6970,1856,677.16,588.5,805.11,726.72,0,0.47
6970,1786,3760.02,864.02,3979.42,1098.62,2,0.98
6970,1937,3316.07,461.95,3406.5,613.96,0,0.84
6970,1784,736.77,490.46,821.66,619.25,0,0.71
6970,2027,2666.02,1031.23,2828.57,1317.2,1,0.81
6980,1846,1953.16,775.18,2084.68,1010.56,0,0.91
6980,1907,2256.39,720.68,2371.43,928.39,1,0.96
6980,1948,3094.45,459.22,3185.16,611.84,0,0.78
6980,1972,3429.49,893.09,3588.06,1131.98,1,0.52
6980,1856,677.58,588.18,805.01,726.85,0,0.51
6980,1786,3759.7,864.43,3979.11,1099.13,2,0.97
6980,1937,3314.81,464.98,3406.31,612.99,0,0.87
6980,1784,736.12,490.64,821.91,619.95,0,0.67
6980,2027,2712.02,969.78,2866.91,1248.9,1,0.92
6990,1846,1952.99,775.46,2085.31,1010.31,0,0.91
6990,1907,2255.29,720.48,2370.57,930.57,1,0.94
6990,1948,3091.53,456.02,3184.17,611.73,0,0.74
6990,1856,677.16,586.6,804.45,726.95,0,0.51
6990,1786,3759.2,864.4,3980.33,1098.76,2,0.98
6990,1937,3318.21,460.39,3406.92,611.05,0,0.82
6990,1784,737.18,490.2,821.79,620.96,0,0.79
6990,2027,2775.8,917.38,2914.95,1168.8,1,0.88
7000,1846,1952.71,776.08,2085.51,1010.03,0,0.9
7000,1907,2255.77,720.28,2370.59,931.39,1,0.94
7000,1948,3094.24,457.98,3183.75,610.56,0,0.77
7000,1856,676.8,585.83,803.55,726.39,0,0.54
7000,1786,3758.58,863.74,3980.22,1098.66,2,0.98
7000,1937,3317.66,458.53,3406.52,611.9,0,0.83
7000,1784,737.43,490.12,821.84,620.89,0,0.78
7000,2027,2826.21,881.36,2967.82,1123.91,1,0.96
7000,2035,1237.48,1099.9,1338.58,1312.92,0,0.31
7000,1972,3436.77,891.55,3587.54,1133.83,1,0.35
7010,1846,1948.74,778.18,2083.91,1009.24,0,0.84
7010,1907,2257.05,719.89,2371.44,931.75,1,0.94
7010,1948,3096.26,457.77,3184,610.62,0,0.76
7010,1786,3758.21,863.47,3980.39,1098.27,2,0.98
7010,1937,3317.83,458.31,3406.6,611.95,0,0.82
7010,1784,737.42,490,822.69,623.99,0,0.75
7010,2027,2868.36,848.52,2999.79,1081.92,1,0.98
7010,2035,1237.74,1097.98,1339.47,1315.06,0,0.31
7010,1972,3438.44,892.32,3587.51,1131.44,1,0.4
7020,1846,1943.14,783.35,2080.44,1009.7,0,0.83
7020,1907,2259.19,718.92,2371.59,932.08,1,0.96
7020,1948,3095.31,459.22,3182.6,610.49,0,0.75
7020,1786,3763.44,865,3980.38,1097.66,2,0.98
7020,1937,3316.87,460.33,3404.46,612.11,0,0.76
7020,1784,735.31,490.56,822.94,625.45,0,0.67
7020,2027,2887.02,823.2,3010.38,1051.82,1,0.97
7020,1972,3437.76,894.89,3579.17,1134.2,1,0.51
7020,1928,724.89,501.62,826.71,642.58,0,0.31
7020,1856,676.56,583.63,804.71,726.42,0,0.53
7030,1846,1941.31,779.06,2083.23,1011.65,0,0.86
7030,1907,2258.86,719.67,2372.3,931.92,1,0.95
7030,1948,3092.65,455.71,3182.77,609.72,0,0.63
7030,1786,3782.04,864.34,3979.07,1095.27,2,0.92
7030,1937,3317.77,460.71,3406.03,612.96,0,0.87
7030,1784,738.66,492.22,822.79,623.53,0,0.47
7030,2027,2890.38,803,3013.79,1027.33,1,0.98
7030,1972,3439.02,893.16,3580.1,1135.12,1,0.6
7030,1928,730.36,508.13,826.55,645.36,0,0.36
7030,1856,676.81,586.05,805.87,726.11,0,0.39
7040,1846,1942.53,779.61,2084.98,1010.69,0,0.8
7040,1907,2257.32,720.88,2372.28,931.96,1,0.93
7040,1948,3093.89,457.16,3183.96,609.54,0,0.78
7040,1786,3811.43,867.72,3980.59,1098.36,2,0.88
7040,1937,3317.85,460.93,3407.29,614.21,0,0.87
7040,1784,735.95,491.28,824.49,628.14,0,0.46
7040,2027,2885.27,785.88,3008.59,1010.72,1,0.99
7040,1972,3440.58,895.43,3581.01,1136.67,1,0.92
7040,1928,726.72,502.47,827.69,645.43,0,0.54
7040,1856,676.41,584.32,806.25,725.73,0,0.7
7050,1846,1944.88,779.05,2086.27,1010.3,0,0.85
7050,1907,2257.06,720.81,2372,931.33,1,0.92
7050,1948,3094.74,458.11,3184.43,608.69,0,0.75
7050,1937,3316.86,461.14,3407.18,613.89,0,0.79
7050,1784,735.49,491.23,824.13,627.15,0,0.5
7050,2027,2882.84,772.52,3006.22,991.17,1,0.95
7050,1972,3441.13,895.6,3582.83,1138.16,1,0.9
7050,1928,725.46,501.85,827.57,644.65,0,0.36
7050,1856,675.99,584.41,806.92,726.1,0,0.52
7060,1846,1949.93,775.65,2086.18,1009.85,0,0.9
7060,1907,2258.71,721.41,2372.81,931.84,1,0.94
7060,1948,3093.05,457.12,3184.34,608.86,0,0.68
7060,1937,3316.7,461.25,3408.26,612.36,0,0.87
7060,1784,740.99,494.64,825.43,621.59,0,0.57
7060,2027,2884.38,760.56,3007.69,979.8,1,0.88
7060,1972,3440.56,895.11,3583.18,1138.54,1,0.74
7060,1856,677.04,584.76,805.38,726.58,0,0.4
7060,2048,3989.95,858.97,4096,1073.37,2,0.4
7060,2049,3996.48,868.23,4095.89,1066.71,0,0.6
7070,1846,1959.81,773.96,2087.65,1008.66,0,0.9
7070,1907,2258.78,721.83,2373.03,931.57,1,0.94
7070,1948,3094.42,458.51,3185.61,608.41,0,0.76
7070,1937,3317.87,464.95,3406.8,610.32,0,0.83
7070,1784,746.41,495.71,825.52,619.37,0,0.51
7070,2027,2885.28,748.53,3012.15,964.02,1,0.93
7070,1972,3438.37,894.66,3580.98,1138.12,1,0.71
7070,1856,676.59,583.14,804.23,725.67,0,0.33
7070,2048,3988.17,855.16,4095.99,1072.71,2,0.36
7070,2049,3996,864.09,4095.97,1065.75,0,0.45
7070,2035,1247.9,1091.7,1344.2,1316.67,0,0.27
7080,1846,1960.09,773.96,2088.82,1007.97,0,0.92
7080,1907,2257.77,721.7,2372.64,931.99,1,0.95
7080,1948,3092.8,464.84,3183.42,609,0,0.41
7080,1937,3317.52,463.87,3407.87,611.16,0,0.86
7080,1784,745.91,492.53,828,622.78,0,0.7
7080,2027,2887.93,737.93,3016.03,951.31,1,0.96
7080,1972,3435.27,895.17,3575.8,1136.44,1,0.57
7080,1856,675.44,587.09,778.49,725.35,0,0.32
7080,2048,3990.29,853.39,4096,1072.68,2,0.35
7080,2049,3997.55,862.69,4096,1065.97,0,0.41
7080,2059,3434.12,895.23,3574.62,1135.86,0,0.46
7080,1735,2552.18,1105.44,2687,1429.25,0,0.92
7090,1846,1959.92,771.31,2089.9,1008.07,0,0.88
7090,1907,2254.4,721.19,2371.51,931.45,1,0.85
7090,1948,3095.31,459.86,3184.24,608.52,0,0.56
7090,1937,3317.67,462.57,3408.12,611.67,0,0.87
7090,2027,2892.33,726.4,3018.39,933.89,1,0.79
7090,1972,3417.91,881.34,3552.62,1125.06,1,0.38
7090,2049,3999.48,850.61,4096,1066.41,0,0.4
7090,2059,3414.8,879,3548.91,1122.96,0,0.79
7090,1735,2568.71,1006.39,2695.24,1300.36,0,0.93
7100,1846,1964.3,772,2089,1004.73,0,0.68
7100,1907,2251.8,713.24,2367.52,921.01,1,0.91
7100,1948,3096,459.85,3184.63,610.19,0,0.79
7100,1937,3317.76,460.4,3408.15,611.89,0,0.87
7100,2027,2909.65,703.62,3029.88,914.39,1,0.61
7100,2049,3986.91,848.71,4096,1077.86,2,0.54
7100,2059,3371.56,850.67,3504.08,1091.08,1,0.57
7100,1928,726.05,514.61,829.07,648.63,0,0.27
7100,1784,741.94,492.56,826.3,622.34,0,0.56
7100,1856,675.64,581.27,803.58,727.11,0,0.51
7110,1846,1959.28,761.9,2078.06,997.87,0,0.9
7110,1907,2248.19,689.8,2361.66,889.38,1,0.46
7110,1948,3096.12,457.63,3185.42,610.43,0,0.57
7110,1937,3318.08,457.11,3408.37,612.73,0,0.61
7110,2027,2934.05,673.92,3050,873.43,1,0.83
7110,2049,3962.54,854.66,4095.76,1085.26,2,0.57
7110,2059,3303.34,803.98,3427.06,1030.14,0,0.86
7110,1784,740.01,489.06,824.21,618.53,0,0.77
7110,1856,676.87,580.17,807.38,727.06,0,0.69
7120,1846,1929.48,730.33,2054.62,966.11,0,0.74
7120,1907,2236.8,653.51,2345.65,856.93,1,0.88
7120,1948,3101,453.17,3187.11,606.31,0,0.33
7120,1937,3315.44,459.29,3409.7,611.19,0,0.81
7120,2027,2950.68,635.02,3058.99,827.29,0,0.73
7120,2049,3948.56,856.43,4093.96,1084.05,0,0.66
7120,1784,734.82,487.98,822.49,619.02,0,0.73
7120,1856,677.04,580.47,808.17,726.8,0,0.64
7120,2074,3938.42,858.07,4094.17,1085.6,2,0.47
7120,2076,2708.75,709.29,2808.67,906.25,0,0.89
7130,1846,1914.07,688.1,2029.74,901.15,0,0.86
7130,1907,2217.95,617.91,2319.88,803.45,1,0.71
7130,1948,3100.08,439.3,3181.51,588.69,0,0.65
7130,1937,3320.74,454.06,3411.92,603.82,0,0.73
7130,1784,738.65,487.25,829.11,628.23,0,0.71
7130,1856,676.95,577.96,807.77,726.67,0,0.62
7140,1937,3311.89,445.06,3397.87,596,0,0.65
7140,1784,765.08,475.81,857.17,624.88,0,0.86
7140,1856,675.81,564.03,806.64,724.52,0,0.32
7140,2090,3787.66,932.75,3903.98,1202.83,0,0.71
7140,2027,2952.65,621.43,3058.5,801.7,0,0.73
7150,1937,3282.75,441.54,3369.74,595.73,0,0.73
7150,1784,801.1,455.92,885.54,607.7,0,0.9
7150,1856,674.08,554.26,810.22,725.18,0,0.71
7150,2090,3791.91,915.29,3915.18,1184.92,0,0.79
7160,1856,673.11,551.19,811,725.82,0,0.6
7160,2090,3795.54,897.39,3931.1,1163.29,0,0.29
7160,2059,3118.16,671.11,3284.16,874.65,0,0.94
7160,2074,3951.16,789.44,4094.9,1015.48,0,0.85
7170,1856,673.09,552.84,812.22,726.56,0,0.61
7170,2090,3802.25,883.76,3932.55,1138.8,0,0.27
7170,2119,823.78,382.82,891.78,516.2,0,0.77
7170,2122,3805.31,853.79,3918.97,1046.57,0,0.44
7180,1856,673.33,553.11,812.69,726.86,0,0.71
7180,2122,3804.59,841.18,3916.62,1087.18,0,0.51
7190,1856,673.55,554.75,811.72,727.39,0,0.68
7190,2122,3795.35,825.5,3902.03,1085.37,0,0.53
7200,1856,673.36,553.41,811.78,727.65,0,0.54
7200,2059,2972.52,527.2,3116.88,714.5,0,0.83
7210,1856,673.26,551.65,812.06,727.5,0,0.54
7220,1856,673.1,551.55,812.23,727.07,0,0.46
7230,1856,672.97,552.19,813.15,727.09,0,0.67
7240,1856,672.21,552.09,813.44,727.18,0,0.77
7250,1856,673.85,549.65,812.19,725.55,0,0.7
7260,1856,673.52,547.48,809.58,725.62,0,0.64
7270,1856,674.63,540.14,806.64,698.29,0,0.29
7280,1856,674.12,546.4,808.17,717.37,0,0.48
7290,1907,2171.8,488.4,2272.18,639.1,0,0.76
7300,1846,1816.96,507.98,1891.88,657.55,0,0.67
7310,1856,672.37,550.61,811.74,722.24,0,0.35
7320,1856,671.8,548.05,812.93,726.64,0,0.69
7330,1856,672.05,546.69,811.44,725.65,0,0.74
7340,1856,672.99,545.68,811.23,724.34,0,0.67
7340,1784,942.09,455.41,1039.25,606.99,0,0.8
7350,1856,671.38,547.26,812.1,721.13,0,0.52
7360,1856,670.81,549.9,812.66,728.58,0,0.69
7380,1856,672.28,550.68,812.8,727.72,0,0.59
7390,1856,672.13,551.33,813.57,727.34,0,0.7
7400,1856,671.9,551.91,813.43,727.75,0,0.78
7410,1856,672.05,550.48,813.45,728.45,0,0.84
7420,1856,671.65,551.48,814.15,728.11,0,0.75
7430,1856,671.71,550.59,814.14,727.86,0,0.71
7440,1856,671.94,552.4,814.28,727.11,0,0.78
7450,1856,671.52,553.19,813.06,727.1,0,0.5
7460,1856,671.53,551.63,812.99,727.93,0,0.68
7470,1856,671.09,550.82,813.57,728.85,0,0.85
7480,1856,670.91,550.01,814.5,728.91,0,0.86
7480,2278,3742.48,901.93,3881.02,1176.68,0,0.92
7490,1856,671.64,549.68,813.82,728.11,0,0.77
7490,2278,3694.17,941.79,3843.79,1230.18,0,0.92
7500,1856,672.26,549.67,813.09,726.82,0,0.73
7510,1856,672.8,553.59,812.49,724.17,0,0.35
7520,1856,672.61,551.76,813.01,727.05,0,0.72
7530,1856,672.05,550.44,813.28,728.6,0,0.83
7530,2282,3106.12,971.78,3424.95,1211.6,0,0.94
7540,1856,671.82,548.03,812.81,728.36,0,0.75
7540,2282,3107.45,970.26,3428.24,1211.08,0,0.96
7550,1856,672.86,548.79,813.48,726.54,0,0.78
7550,2282,3127.94,973.69,3434.54,1215.13,0,0.97
7560,1856,672.21,551.88,810.98,723.88,0,0.66
7560,2282,3134.53,972.1,3432.12,1217.51,0,0.96
7570,1856,673.02,554.15,812.17,725.44,0,0.74
7570,2282,3148.09,977.92,3448.95,1219.86,0,0.64
7570,2290,833.3,547.85,942.85,675.55,0,0.77
7580,2282,3154.21,978.84,3455.32,1222.11,0,0.92
7590,2282,3154.23,979.93,3456.26,1225.66,0,0.81
7590,1856,672.6,552.09,810.51,724.67,0,0.61
7600,2282,3152.16,981.96,3456.83,1225.18,0,0.73
7600,1856,671.83,551.44,811.72,725.1,0,0.79
7610,2282,3154.48,982.54,3456.24,1227.15,0,0.73
7610,1856,672.81,552.06,812.61,725.99,0,0.79
7620,2282,3153.98,982.15,3455.62,1226.94,0,0.74
7620,1856,673.19,556.01,813.19,725.52,0,0.38
7630,2282,3149.81,982.84,3456.47,1223.94,0,0.77
7630,1856,672.3,558.67,811.36,725.31,0,0.46
7640,2282,3147.62,983.04,3456.66,1222.47,0,0.66
7640,1856,671.77,560.25,811.38,725.51,0,0.72
7650,2282,3147.05,983.15,3456.21,1222.27,0,0.5
7650,1856,671.97,555.69,811.14,725.45,0,0.42
7660,2282,3147.65,982.42,3455.93,1221.92,0,0.74
7660,1856,672.88,556.21,812.39,725.85,0,0.76
7670,2282,3148.8,982.07,3455.77,1221.8,0,0.82
7670,1856,672.93,552.22,811.69,725.53,0,0.64
7680,2282,3146.44,982.19,3455.49,1223.19,0,0.72
7680,1856,673.36,549.29,809.3,724.17,0,0.75
7690,2282,3146.03,982.04,3455.63,1224.37,0,0.76
7690,1856,672.9,550.24,810.21,726.14,0,0.83
7690,2311,1164.36,551.07,1243.93,727.29,0,0.69
7700,2282,3145.53,982.08,3455.66,1224.48,0,0.78
7700,1856,673.29,554.47,811.34,727.48,0,0.48
7710,2282,3148.23,982.99,3454.54,1222.09,0,0.82
7710,1856,672.22,549.05,811.41,725.34,0,0.77
7720,2282,3150.18,983.18,3454.4,1220.79,0,0.85
7720,1856,673,549.72,808.59,726.16,0,0.63
7730,2282,3149.8,982.91,3456.24,1221.85,0,0.77
7730,1856,674.08,551.85,810.57,726.05,0,0.83
7740,2282,3150.23,983,3456.53,1222.08,0,0.8
7740,1856,673.19,554.55,811.64,725.16,0,0.7
7750,2282,3150.14,983.54,3456.48,1222.72,0,0.81
7750,1856,673.54,556.22,810.94,726.25,0,0.82
7760,2282,3147.78,983.01,3455.2,1223.13,0,0.69
7760,1856,674.18,558.42,811.75,725.55,0,0.67
7770,2282,3146.36,982.77,3454.7,1223.52,0,0.69
7770,1856,674.13,556.51,812.74,725.24,0,0.74
7780,2282,3147.3,982.1,3455.31,1226.1,0,0.78
7780,1856,674.1,555.39,811.14,726.27,0,0.81
7790,2282,3148.2,981.78,3455.22,1227.58,0,0.82
7790,1856,673.89,556.39,812.07,725.9,0,0.73
7800,2282,3147.58,981.95,3455.25,1227.21,0,0.71
7800,1856,672.38,552.72,812.97,725.88,0,0.68
7810,2282,3149.04,981.94,3454.61,1225.43,0,0.72
7810,1856,672.21,551.61,812.83,725.38,0,0.57
7820,2282,3149.37,981.73,3454.51,1224.88,0,0.8
7820,1856,672.16,550.1,810.47,724.7,0,0.58
7830,2282,3147.83,982,3454.34,1224.87,0,0.41
7830,1856,672.47,552.47,812.09,724.53,0,0.64
7840,2282,3148.11,982.05,3454.37,1224.5,0,0.64
7840,1856,673.25,553.96,812.62,722.63,0,0.38
7850,2282,3148.85,982.14,3454.27,1224.39,0,0.73
7850,1856,672.83,553.18,812.65,724.26,0,0.49
7860,2282,3150.58,982.83,3453.76,1223.92,0,0.79
7860,1856,672.54,551.72,813.38,726.02,0,0.71
7870,2282,3150.68,982.55,3454.11,1224.03,0,0.74
7870,1856,672.17,551.7,813.8,726.91,0,0.7
7880,2282,3147.38,981.53,3454.96,1222.45,0,0.72
7880,1856,672.09,552.9,813.25,726.71,0,0.64
7890,2282,3147.23,980.86,3455.53,1223.18,0,0.84
7890,1856,671.32,551.27,812.74,727.09,0,0.67
7900,2282,3148.1,980.54,3455.41,1224.31,0,0.85
7900,1856,674.01,552.17,808.43,725.89,0,0.38
7910,2282,3155.09,982.53,3455.65,1228.22,0,0.59
7920,2282,3157.12,987.82,3457.35,1231.58,0,0.82
7920,2343,2059.77,709.23,2164.58,931.28,0,0.95
7920,1856,673.38,549.51,801.93,699.57,0,0.68
7930,2282,3157.77,985.28,3458.9,1238.75,0,0.79
7930,2343,2059.26,676.26,2161.99,888.25,0,0.91
7930,1856,675.46,553.19,801.19,713.74,0,0.83
7940,2282,3164.84,983.76,3462.67,1232.76,0,0.59
7940,2343,2058.96,651.27,2158.63,858.61,0,0.95
7940,1856,676.84,554.56,794.77,729.38,0,0.7
7950,2282,3162.17,983.26,3460.22,1238.37,0,0.81
7950,2343,2057.93,644,2155.53,846.47,0,0.94
7950,1856,675.23,549.64,804.51,722.21,0,0.56
7960,2282,3160.27,984.63,3459,1236.94,0,0.59
7960,2343,2057.33,641.65,2159.99,845.96,0,0.95
7970,2282,3158.89,985.33,3458.24,1234.66,0,0.48
7970,2343,2059.55,640.7,2163.55,846.73,0,0.95
7970,2364,3168.56,987.85,3461.36,1230.1,0,0.4
7980,2282,3156.37,985.21,3458.17,1237.09,0,0.4
7980,2343,2060.74,643.33,2164.42,848.21,0,0.94
7980,2364,3166.83,988.09,3461.97,1232.45,0,0.33
7980,2368,825.64,559.01,923.96,723.38,0,0.74
7980,1856,674.14,548.88,816.39,723.25,0,0.73
7990,2282,3155.86,984.22,3458.21,1237.84,0,0.52
7990,2343,2060.66,643.87,2164.48,849.34,0,0.95
7990,2364,3166.58,986.83,3462.4,1233.71,0,0.28
7990,1856,674.2,550.73,812.92,723.49,0,0.5
8000,2282,3156.9,983.34,3458.47,1238.57,0,0.88
8000,2343,2062.85,642.97,2166.28,850.7,0,0.94
8000,1856,674.27,552.52,812.4,723.33,0,0.55
8000,2368,823.1,523.02,911.29,680.43,0,0.89
8010,2282,3149.12,980.74,3443.42,1230.96,0,0.96
8010,2343,2061.64,645.12,2165.22,849.73,0,0.95
8010,1856,674.87,554.54,812.26,723.59,0,0.56
8010,2368,818.46,506.1,900.29,656.96,0,0.84
8020,2282,3123.25,968.69,3408.49,1216.81,0,0.94
8020,2343,2060.81,645.17,2164.41,849.31,0,0.96
8020,1856,675.11,556.03,811.83,723.55,0,0.58
8020,2368,808.22,492.77,892.05,639.57,0,0.42
8030,2282,3133.45,971.82,3420.57,1217.62,0,0.97
8030,2343,2061.07,644.52,2164.37,849.13,0,0.96
8030,1856,675.18,552.9,812.05,722.25,0,0.61
8030,2368,800.41,478.8,881.46,625.7,0,0.68
8030,2385,2256.66,826.66,2391.67,1079.78,3,0.71
8040,2282,3154.19,976.2,3443.91,1222.64,0,0.77
8040,2343,2060.97,644.6,2163.82,849.08,0,0.96
8040,1856,673.98,554.72,809.98,723.06,0,0.51
8040,2368,776.09,470.71,863.89,614.59,0,0.67
8040,2385,2244.24,790.89,2375.35,1046.2,1,0.71
8050,2282,3158.06,977.19,3454.12,1227.48,0,0.8
8050,2343,2060.69,645.93,2162.13,848.68,0,0.96
8050,2368,734.28,461.25,831.2,605.01,0,0.66
8050,2385,2227.12,761.25,2355.75,1011.29,1,0.92
8050,2392,3163.42,976.77,3460.3,1225.67,0,0.54
8060,2282,3073.89,960.02,3357.38,1222.24,0,0.83
8060,2343,2060.39,646.96,2161.23,850.41,0,0.95
8060,2385,2216.85,742.26,2341.99,984.22,1,0.97
8070,2343,2059.89,646.24,2160.59,850.99,0,0.94
8070,2385,2213.26,730.51,2335.45,969.02,1,0.97
8070,1856,673.99,552.06,811.88,725.49,0,0.34
8080,2343,2059.07,645.54,2160.55,851.13,0,0.95
8080,2385,2208.94,728.17,2330.17,962.6,1,0.97
8080,2398,3898.5,895.79,4093.62,1145.47,0,0.81
8080,1856,673.56,551.86,812.26,728.95,0,0.38
8090,2343,2058.58,645.29,2160.5,851.73,0,0.95
8090,2385,2204.02,723.28,2332.26,919.42,1,0.49
8090,1856,673.75,555.36,812.47,728.84,0,0.37
8100,2343,2057.87,644.28,2161.19,837.92,0,0.86
8100,2385,2206.51,726.12,2328.4,949.9,1,0.98
8100,1856,675.01,554.59,814.03,728.81,0,0.7
8110,2343,2058.3,645.89,2161.63,847.53,0,0.94
8110,2385,2206.92,728.57,2328.86,960.86,1,0.99
8110,1856,701.84,557.68,845.63,729.01,0,0.92
8120,2343,2058.75,645.89,2161.65,851.39,0,0.95
8120,2385,2207.32,729.7,2329.92,965.07,1,0.98
8120,1856,753.87,559.17,903.01,733.14,0,0.86
8130,2343,2059.04,646.37,2160.97,853.34,0,0.94
8130,2385,2207.49,729.76,2328.3,965.22,1,0.99
8140,2343,2059.41,646.52,2161.47,854.06,0,0.95
8140,2385,2208.96,727.96,2329.25,963.26,1,0.79
8150,2343,2057.29,645.28,2163.1,849.5,0,0.86
8150,2385,2209.29,729.24,2327.93,964.43,1,0.98
8160,2343,2058.06,647.88,2162.31,853.91,0,0.94
8160,2385,2208.34,729.75,2328.41,967.05,1,0.98
8170,2343,2058.39,649.25,2160.92,856.57,0,0.93
8170,2385,2207.57,729.3,2329.02,967.87,1,0.98
8170,2435,1394.82,584.75,1580.36,765.88,0,0.92
8180,2343,2058.62,646.49,2161.99,853.12,0,0.95
8180,2385,2208.28,731.33,2328.69,968.53,1,0.98
8190,2385,2210.6,732.82,2329.61,969.68,1,0.95
8190,1856,813.73,559.65,897.13,738.21,0,0.46
8200,2385,2209.27,761.73,2396.52,996.85,0,0.63
8200,2343,2057.97,647.99,2159.01,854.73,0,0.95
8210,2385,2209.16,741.93,2361.66,977.56,1,0.99
8210,2343,2057.5,648.47,2159.75,853.8,0,0.94
8220,2385,2209.53,735.05,2341.65,971.83,1,0.99
8220,2343,2057.04,647.93,2160,853.61,0,0.95
8230,2385,2209.16,733.67,2333.96,969.43,1,0.98
8230,2343,2056.47,648.25,2159.49,853.4,0,0.93
8240,2385,2208.88,733.83,2331.23,968.85,1,0.98
8240,2343,2057.13,650.44,2159.07,851.79,0,0.91
8250,2385,2209.63,733.62,2329.66,967.76,1,0.98
8250,2343,2056,648.42,2162.28,858.7,0,0.86
8250,2398,3798.22,922.16,4064.39,1171,0,0.94
8260,2385,2209.63,730.73,2329.49,947.72,1,0.78
8260,2343,2056.43,648.05,2161.37,855.98,0,0.93
8270,2385,2209,732.13,2332.32,957.17,1,0.98
8270,2343,2056.54,647.81,2161.48,854.59,0,0.93
8270,1856,833.55,604.03,921.01,806.27,0,0.74
8280,2385,2209.44,733.55,2331.52,964.39,1,0.99
8280,2343,2056.56,645.23,2161.58,852.5,0,0.94
8290,2385,2204.94,733.04,2331.25,971.63,1,0.98
8290,2343,2056.44,647.1,2161.47,849.45,0,0.85
8300,2385,2217.24,729.87,2328.7,950.86,1,0.65
8300,2343,2055.33,648.34,2157.94,849.48,0,0.9
8310,2385,2214.6,727.77,2325.16,920.8,1,0.67
8310,2343,2057.4,650.57,2159.58,852.06,0,0.95
8320,2385,2211.59,731.49,2328.38,952.27,1,0.98
8320,2343,2057.74,649.05,2160.58,851.88,0,0.94
8330,2385,2210.36,731.95,2329.83,961.27,1,0.98
8330,2343,2058.77,653.12,2161.78,855.52,0,0.95
8340,2385,2210.24,733.35,2329.92,964.38,1,0.97
8340,2343,2058.29,650.71,2161.82,854.93,0,0.93
8350,2385,2209.66,732.49,2330.68,965.51,1,0.98
8350,2343,2058.11,649.3,2161.22,855.66,0,0.94
8360,2385,2210.08,732.63,2330.96,967.61,1,0.97
8360,2343,2057.86,645.8,2161.08,852.27,0,0.94
8370,2385,2209.95,731.73,2330.32,968.02,1,0.98
8370,2343,2058.51,650.79,2160.26,840.72,0,0.88
8380,2385,2210.18,731.11,2331.4,968.79,1,0.82
8380,2343,2058.51,650.73,2158.44,849.46,0,0.91
8390,2385,2208.57,730.81,2330.86,966.43,1,0.99
8390,2343,2058.58,654.73,2157.99,852.27,0,0.95
8400,2385,2208.26,730.62,2331.37,967.18,1,0.98
8400,2343,2059.05,657.36,2157.05,853.03,0,0.93
8400,2490,2551.11,1004.14,2684.14,1283.36,1,0.73
8410,2385,2209.02,732.25,2330.41,968.4,1,0.99
8410,2343,2059.21,658.07,2157.83,853.42,0,0.94
8410,2490,2534.37,936.75,2662.07,1211.65,0,0.87
8420,2385,2209.04,732.6,2330.6,969.52,1,0.99
8420,2343,2058.95,658.79,2158.12,855.45,0,0.94
8420,2490,2516.54,879.4,2637.68,1139.36,0,0.82
8430,2385,2209.36,733.1,2329.86,968.81,1,0.98
8430,2343,2058.72,657.62,2161.13,855.77,0,0.91
8430,2490,2509.9,825.1,2625.57,1075.03,0,0.81
8440,2385,2209.41,732.28,2329.4,968.43,1,0.98
8440,2343,2058.55,658.35,2160.22,853.47,0,0.94
8440,2490,2514.54,785.59,2629.27,1031.62,0,0.95
8450,2385,2209.55,733,2328.65,968.06,1,0.98
8450,2343,2058.94,662.67,2158.18,852.35,0,0.93
8450,2490,2514.56,766.81,2630.37,1008.68,0,0.94
8460,2385,2210.41,733.13,2327.96,967.81,1,0.98
8460,2343,2058.84,665.18,2157.53,853.64,0,0.93
8460,2490,2517.45,759.82,2633.39,999.41,0,0.93
8470,2385,2210.78,732.73,2327.76,966.79,1,0.98
8470,2343,2058.33,664.99,2158.88,853.8,0,0.93
8470,2490,2519.5,759.98,2637.93,999.59,0,0.94
8480,2385,2210.02,732.78,2328.67,966.45,1,0.98
8480,2343,2057.71,664.18,2158.49,854.76,0,0.91
8480,2490,2519.82,761.7,2637.56,997.66,0,0.91
8490,2385,2209.93,732.76,2328.8,966.35,1,0.98
8490,2343,2057.79,664.5,2158.14,854.88,0,0.91
8490,2490,2519.76,763.8,2637.18,998.94,0,0.92
8500,2385,2210.17,732.99,2328.58,965.97,1,0.98
8500,2343,2058.03,663.95,2160.1,855.66,0,0.92
8500,2490,2519.74,765.83,2636.97,1000.86,0,0.93
8510,2385,2209.68,732.56,2328.45,967.16,1,0.98
8510,2343,2057.78,663.04,2158.12,854.89,0,0.89
8510,2490,2519.57,765.45,2637.02,1002.28,0,0.93
8520,2385,2209.62,731.17,2329.64,967.99,1,0.98
8520,2343,2057.81,660.84,2157.89,856.12,0,0.92
8520,2490,2518.98,765.38,2638.22,1004.25,0,0.94
8530,2385,2209.82,732.79,2330.21,967.77,1,0.98
8530,2343,2057.52,660.89,2159.49,856.55,0,0.91
8530,2490,2519.36,767.12,2637.53,1005.06,0,0.94
8540,2385,2210.05,733.19,2329.34,967.06,1,0.98
8540,2343,2057.48,659.44,2159.89,855.48,0,0.93
8540,2490,2519.86,768.99,2636.97,1005.7,0,0.92
8540,2507,1015.96,311.59,1124.01,419.3,0,0.67
8550,2385,2209.65,731.91,2329.46,968.04,1,0.98
8550,2343,2057.07,658.18,2159.57,857.49,0,0.95
8550,2490,2519.65,769.01,2637.13,1006.42,0,0.93
8560,2385,2209.91,732.74,2328.43,967.01,1,0.98
8560,2343,2056.45,657.94,2158.78,855.96,0,0.92
8560,2490,2520.04,769.93,2636.96,1006.46,0,0.92
8570,2385,2210.24,733.06,2327.8,966.41,1,0.98
8570,2343,2056.6,658.19,2157.05,854.85,0,0.94
8570,2490,2520.43,770.62,2636.75,1006.58,0,0.92
8570,2507,1012.81,309.09,1128.39,421.61,0,0.47
8580,2385,2210.34,732.86,2327.66,965.12,1,0.98
8580,2343,2057.61,657.39,2158.66,854.65,0,0.91
8580,2490,2520.4,771.55,2637.8,1007.27,0,0.93
8580,2507,1013.16,309.61,1127.43,421.18,0,0.77
8590,2385,2210.36,732.85,2327.54,964.66,1,0.98
8590,2343,2057.84,656.48,2159.05,853.01,0,0.94
8590,2490,2520.52,772.05,2638.1,1007.22,0,0.93
8590,2507,1011.71,310.5,1129.16,422.09,0,0.77
8600,2385,2209.66,731.87,2328.35,965.46,1,0.98
8600,2343,2058.27,656.16,2159.19,854.31,0,0.93
8600,2490,2520.01,771.69,2638.68,1007.66,0,0.94
8600,2507,1011.71,311.75,1130.43,422.57,0,0.72
8610,2385,2209.77,732.68,2328.29,966.23,1,0.98
8610,2343,2057.65,656.02,2158.62,855.04,0,0.57
8610,2490,2520.24,772.76,2637.82,1007.98,0,0.94
8610,2507,1014.28,311.43,1130.34,418.7,0,0.51
8620,2385,2210.45,733.07,2326.57,965.75,1,0.97
8620,2343,2059.16,656.92,2157.38,852.73,0,0.91
8620,2490,2521.51,777.01,2635.94,1007.67,0,0.91
8620,2507,1012.78,312.93,1130.86,421.61,0,0.75
8630,2385,2209.92,733.18,2327.86,965.39,1,0.98
8630,2343,2060.47,656.4,2158.31,852.74,0,0.95
8630,2490,2520.97,774.54,2638.25,1007.54,0,0.92
8630,2507,1012.53,313.99,1130.89,422.77,0,0.68
8640,2385,2209.58,734.77,2328.86,965.89,1,0.97
8640,2343,2058.52,650.74,2161.11,854.74,0,0.66
8640,2490,2520.71,773.38,2637.25,1008.23,0,0.93
8640,2507,1012.78,313.8,1129.58,422.69,0,0.67
8650,2385,2209.24,733.53,2328.97,966.76,1,0.98
8650,2343,2058.82,649.68,2159.47,853.4,0,0.94
8650,2490,2521.12,782.6,2633.51,1006.87,0,0.91
8650,2507,1012.83,313.71,1129.7,422.63,0,0.7
8660,2385,2209.64,734.09,2329.11,966.57,1,0.98
8660,2343,2057.84,649.52,2158.27,853.12,0,0.92
8660,2490,2520.75,777.68,2636.55,1009.43,0,0.93
8660,2507,1029.46,311.37,1148.65,423.03,0,0.78
8670,2385,2209.95,734.02,2329.22,966.43,1,0.98
8670,2343,2057.43,648.91,2157.19,852.7,0,0.91
8670,2490,2520.92,776.84,2638.68,1010.75,0,0.92
8680,2385,2210.17,733.36,2330.08,966.62,1,0.98
8680,2343,2057.63,649.08,2157.22,851.55,0,0.9
8680,2490,2521.86,775.76,2639.35,1009.11,0,0.92
8690,2385,2210.47,733.62,2330.45,966.52,1,0.98
8690,2343,2057.88,649.04,2157.15,850.39,0,0.91
8690,2490,2521.87,775.78,2637.61,1007.55,0,0.92
8690,2552,3065.32,847.03,3195.03,1083.76,0,0.75
8700,2385,2210.44,733.06,2330.44,966.56,1,0.98
8700,2343,2058.09,648.48,2157.28,850.1,0,0.91
8700,2490,2521.63,776.31,2637.15,1006.83,0,0.93
8700,2552,3063.17,836.23,3193.82,1076.76,0,0.91
8710,2385,2210.45,733.59,2331.08,965.31,1,0.98
8710,2343,2057.95,648.31,2157.59,848.85,0,0.9
8710,2490,2521.84,776.9,2637.18,1007.63,0,0.92
8710,2552,3063.78,835.47,3196.57,1077.05,0,0.92
8720,2385,2210.44,733.22,2330.31,964.11,1,0.98
8720,2343,2057.93,648.41,2158.22,848.94,0,0.89
8720,2490,2521.85,777.26,2637.19,1008.46,0,0.91
8720,2552,3061.95,835.06,3198.41,1078.78,0,0.94
8730,2385,2210.05,732.37,2329.74,946.44,1,0.92
8730,2343,2058.04,647.3,2158.01,848.43,0,0.91
8730,2490,2521.55,776.28,2637.04,1008.45,0,0.93
8730,2552,3063.4,834.57,3200.91,1078.57,0,0.94
8740,2385,2210.99,733.25,2332.04,953.81,1,0.96
8740,2343,2057.59,647.4,2157.13,847.54,0,0.9
8740,2490,2521.79,775.51,2636.98,1008.48,0,0.91
8740,2552,3066.85,836.63,3200.91,1078.05,0,0.94
8750,2385,2210.05,733.97,2331.18,962.48,1,0.99
8750,2343,2057.55,647,2158.26,843.04,0,0.88
8750,2490,2522.04,772.63,2641.06,1008.71,0,0.93
8750,2552,3067.13,836.96,3201.25,1078.22,0,0.94
8760,2385,2209.12,732.86,2330.79,965.03,1,0.98
8760,2343,2058.65,649.46,2159.34,842.17,0,0.87
8760,2490,2522.27,773.09,2641.68,1007.87,0,0.94
8760,2552,3065.99,838.41,3200.56,1078.33,0,0.94
8770,2385,2209.06,732.48,2329.71,966.19,1,0.97
8770,2343,2054.34,649.02,2158.27,840.64,0,0.73
8770,2490,2522.4,774.28,2640.02,1006.14,0,0.94
8770,2552,3064.66,839.94,3199.53,1078.17,0,0.94
8770,2567,1965.09,723.34,2073.06,943,0,0.79
8770,2569,952.39,326.31,1056.24,436.66,0,0.49
8770,2507,1093.05,334.59,1189.18,435.63,0,0.74
8780,2385,2209.47,731.9,2332.01,966.35,1,0.98
8780,2343,2053.97,649.88,2157.05,841.97,0,0.87
8780,2490,2522,774.34,2637.9,1006.86,0,0.93
8780,2552,3064.17,838.68,3199.95,1078.35,0,0.94
8780,2567,1953.13,694.5,2065.64,914.87,0,0.54
8790,2385,2209.37,732.27,2330.49,966.57,1,0.98
8790,2343,2055.13,649.83,2156.37,842.88,0,0.85
8790,2490,2522.03,775.23,2636.93,1006.68,0,0.92
8790,2552,3064.07,838.16,3199.73,1078.31,0,0.94
8790,2567,1948.96,681.31,2062.71,897.16,0,0.91
8790,2573,1202.12,317.01,1298.43,419.75,0,0.63
8800,2385,2209.32,732.73,2329.41,966.26,1,0.98
8800,2343,2057.67,655.44,2155.81,846.61,0,0.88
8800,2490,2521.81,775.59,2636.67,1006.85,0,0.92
8800,2552,3063.77,837.71,3199.94,1078.47,0,0.94
8800,2567,1928.85,675.34,2053.55,898.01,0,0.81
8800,2573,1172.22,319.45,1282,422.56,0,0.69
8810,2385,2208.94,732.13,2328.81,964.89,1,0.98
8810,2343,2058.4,655.77,2158.89,845.26,0,0.6
8810,2490,2521.77,773.43,2637.49,1007.12,0,0.93
8810,2552,3064.47,837.57,3200.59,1078.04,0,0.94
8810,2567,1929.72,671.73,2056.57,888.42,0,0.93
8820,2385,2209.11,731.82,2328.66,963.99,1,0.97
8820,2343,2057.82,654.6,2159.46,844.48,0,0.4
8820,2490,2521.69,772.9,2637.49,1006.92,0,0.93
8820,2552,3065.42,838.36,3200.04,1077.93,0,0.94
8820,2567,1931.79,670.24,2058.74,886.86,0,0.9
8820,2573,1158.34,311.14,1253.35,421.57,0,0.61
8830,2385,2209.94,731.18,2328.75,965.15,1,0.97
8830,2343,2058.63,655.6,2156.55,846.17,0,0.74
8830,2490,2521.26,772.51,2638.12,1008.19,0,0.93
8830,2552,3064.67,834.86,3201.27,1078.29,0,0.95
8830,2567,1935.36,671.59,2059.92,885.73,0,0.89
8840,2385,2214.76,728.18,2327.62,927.75,1,0.66
8840,2343,2057.29,655.45,2151.17,835.2,0,0.59
8840,2490,2521.49,772.5,2637.82,1008.66,0,0.92
8840,2552,3064.62,832.76,3202.17,1078.98,0,0.95
8840,2567,1944.71,671.39,2055.35,886.26,0,0.87
8850,2385,2213.01,729.57,2328.37,947.22,1,0.96
8850,2343,2055.66,655.36,2150.52,839.68,0,0.85
8850,2490,2523.51,771.02,2637.81,1000.13,0,0.78
8850,2552,3064.48,832.42,3202.22,1078.62,0,0.95
8850,2567,1944.96,671.29,2059.39,885.73,0,0.87
8860,2385,2210.6,730.32,2329.46,949.4,1,0.95
8860,2343,2054.21,655.01,2154.5,844.6,0,0.87
8860,2490,2521.43,771.46,2637.4,1007.07,0,0.93
8860,2567,1940.29,672.42,2058.42,887.69,0,0.88
8870,2385,2212.44,729.04,2330.5,940.08,1,0.68
8870,2343,2054.72,649.15,2157.84,848.08,0,0.88
8870,2490,2520.48,771.47,2637.91,1009.11,0,0.93
8870,2567,1946.22,671.18,2059.69,889.4,0,0.93
8870,2552,3063.44,833.43,3201.59,1078.98,0,0.96
8880,2385,2215.86,727.47,2327.97,912.2,1,0.77
8880,2343,2053,647.98,2157.58,849.8,0,0.9
8880,2490,2520.7,772.1,2638.33,1005.82,0,0.93
8880,2567,1950.35,670.67,2059.04,888.75,0,0.93
8880,2552,3062.25,830.81,3203.61,1080.21,0,0.91
8890,2385,2219.06,729.64,2329.46,930.67,1,0.75
8890,2343,2052.48,646.84,2158.13,850.01,0,0.86
8890,2490,2520.86,772.84,2638.3,1005.41,0,0.93
8890,2567,1951.95,671.75,2058.95,889.24,0,0.92
8890,2552,3060,827.04,3205.43,1044.76,0,0.94
8900,2385,2220.75,729.6,2330.54,948.34,1,0.84
8900,2343,2054.88,645.76,2158.71,851.89,0,0.89
8900,2490,2520.68,772.66,2638.54,1006.81,0,0.94
8900,2567,1950.56,672.6,2062.49,891.51,0,0.89
8900,2552,3056.35,819.26,3203.76,1015.9,0,0.39
8910,2385,2227.34,732.3,2329.39,945.04,1,0.49
8910,2343,2055.14,646.78,2156.94,845.62,0,0.86
8910,2490,2520.76,772.53,2638.51,1007.7,0,0.94
8910,2567,1949.92,673.18,2061.19,890.67,0,0.88
8910,2552,3056.86,823.53,3204.16,1057.26,0,0.8
8920,2385,2224.68,731.69,2328.89,947.49,1,0.78
8920,2343,2055.88,647.15,2156.85,844.35,0,0.85
8920,2490,2520.52,772.3,2638.64,1008.13,0,0.93
8920,2567,1950.24,672.96,2061.65,892.81,0,0.89
8920,2552,3059.42,828.09,3199.86,1067.12,0,0.92
8920,2606,2221.83,727.03,2325.62,911.31,1,0.5
8930,2385,2223.73,731.45,2329.76,948.95,1,0.8
8930,2343,2055.77,645.3,2158.8,845.55,0,0.86
8930,2490,2520.91,772.45,2638.83,1008.29,0,0.93
8930,2567,1951.7,671.78,2061.16,892.47,0,0.92
8930,2552,3061.81,832.01,3200.96,1077.49,0,0.96
8940,2385,2222.84,731.22,2329.43,948.36,1,0.76
8940,2343,2057.22,644.93,2159.23,846.67,0,0.88
8940,2490,2520.94,773.43,2638.92,1008.49,0,0.93
8940,2567,1952.55,672.6,2061.48,892.99,0,0.91
8940,2552,3063.56,834.81,3201.55,1080.95,0,0.95
8940,2606,2222.28,727.35,2326.65,916.32,1,0.26
8950,2385,2222.66,731.24,2328.95,947.74,1,0.69
8950,2343,2057.57,645.11,2159.57,847.92,0,0.91
8950,2490,2520.77,773.83,2638.89,1008.49,0,0.94
8950,2567,1953.35,674.06,2061.39,892.87,0,0.92
8950,2552,3064.19,834.77,3201.68,1082.08,0,0.95
8950,2606,2222.63,727.77,2326.53,917.09,1,0.55
8950,2569,948.11,318.99,1013.34,421.66,0,0.55
8960,2343,2057.16,643.01,2160.34,846.22,0,0.91
8960,2490,2520.27,773.43,2638.01,1009.46,0,0.94
8960,2567,1953.01,673.68,2061.52,894.16,0,0.92
8960,2552,3064.06,835.37,3202.69,1083.22,0,0.95
8960,2606,2222.01,726.84,2325.42,912.26,1,0.63
8960,2618,2287.63,1261.15,2468.01,1649.55,0,0.96
8970,2343,2057.18,643.35,2161.3,846.8,0,0.93
8970,2490,2520.07,772.97,2637.7,1009.73,0,0.94
8970,2552,3064.34,835.09,3203,1083.28,0,0.95
8970,2606,2222.86,726.33,2325.15,903.85,1,0.63
8970,2618,2295.67,1145.41,2467.48,1504.69,0,0.75
8980,2343,2056.55,645.1,2160.05,846.81,0,0.92
8980,2490,2520.57,772.42,2637.49,1007.98,0,0.94
8980,2552,3063.56,835.35,3203.25,1083.99,0,0.95
8980,2618,2324.18,1028.73,2485.65,1360.6,0,0.89
8980,2625,887.68,409.08,961.6,541.17,0,0.85
8980,2385,2224.26,732.05,2330.29,948.94,1,0.73
8980,2567,1955.18,676.79,2064.33,891.69,0,0.91
8990,2343,2054.83,647.35,2156.72,846.29,0,0.93
8990,2490,2521.69,772.72,2637.48,1006.05,0,0.95
8990,2552,3063.44,834.76,3203.15,1084.08,0,0.95
8990,2618,2351.98,948.95,2495.05,1253.55,0,0.92
8990,2627,800.08,1515.2,1040.67,1968.15,3,0.99
8990,2629,800.42,1516.62,1037.16,1963.38,3,0.71
8990,2630,701.96,520.95,827.07,687.14,0,0.61
8990,2385,2223.68,732.8,2329.84,947.59,1,0.79
8990,2567,1953.52,675.2,2063.99,893.37,0,0.92
9000,2343,2054.88,648.07,2155.04,845.03,0,0.92
9000,2490,2523.24,773.36,2637.75,1003.59,0,0.66
9000,2552,3063.74,834.63,3203.17,1083.27,0,0.95
9000,2618,2368.43,885.01,2499.84,1170.63,0,0.68
9000,2627,815.27,1429.76,1027.71,1869.67,3,0.64
9000,2629,815.44,1422.64,1024.12,1871.59,3,0.86
9000,2630,712.33,525.62,833.12,691.9,0,0.74
9000,2385,2221.8,732.43,2329.99,948.72,1,0.82
9000,2567,1952.43,674.87,2063.4,893.34,0,0.92
9000,2631,1738.64,713.67,1863.89,930.14,0,0.89
9000,2632,913.82,494.37,996.99,650.75,0,0.82
9010,2343,2054.13,647.75,2154.1,845.78,0,0.92
9010,2490,2525.33,771.01,2638.85,1001.3,0,0.79
9010,2552,3063.74,835.97,3202.59,1081.69,0,0.95
9010,2618,2376.58,832.85,2498.55,1095.24,0,0.89
9010,2629,804.18,1368.73,1002.19,1787.3,3,0.94
9010,2630,717.16,529.39,829.93,688.2,0,0.48
9010,2385,2218.55,731.43,2329.89,950.43,1,0.91
9010,2567,1951.98,674.49,2062.53,892.93,0,0.91
9010,2631,1729.05,684.2,1850.36,896.01,0,0.48
9020,2343,2054.11,647.26,2154.42,845.42,0,0.91
9020,2490,2524.29,771.95,2638.07,1002.39,0,0.65
9020,2552,3063.4,834.44,3202.45,1081.25,0,0.95
9020,2618,2377.97,791.81,2499.2,1050.15,0,0.89
9020,2629,795.59,1326.85,994.57,1734.06,3,0.45
9020,2630,716.1,530.17,837.57,683.48,0,0.44
9020,2385,2217,730.8,2330.67,950.77,1,0.91
9020,2567,1952.71,673.35,2063.24,893.73,0,0.87
9020,2631,1711.68,656.93,1832.12,863.21,0,0.94
9030,2343,2052.62,646.44,2154.51,845.73,0,0.88
9030,2490,2523.64,772.72,2637.78,1003.62,0,0.94
9030,2552,3063.86,835.88,3202.07,1082.57,0,0.95
9030,2618,2376.44,769.5,2493.84,1021.74,0,0.92
9030,2629,792.89,1317.75,987.86,1719.39,3,0.39
9030,2630,713.86,527.66,842,689.63,0,0.66
9030,2385,2219.01,731.64,2330.5,950.61,1,0.85
9030,2567,1951.59,672.88,2064.15,894.95,0,0.86
9030,2631,1692.16,633.91,1808.29,839.62,0,0.95
9030,2606,2220.24,727.27,2327.26,921.94,1,0.37
9030,2627,808.11,1346.67,985.57,1729.38,3,0.31
9040,2343,2053.73,646.13,2154.65,846.4,0,0.9
9040,2490,2523.65,772.63,2638.09,1003.9,0,0.89
9040,2552,3064.14,834.93,3201.84,1083.12,0,0.95
9040,2618,2375.78,769.66,2493.24,1017.1,0,0.94
9040,2629,777.5,1292.58,986.25,1715.71,3,0.47
9040,2630,713.43,527.11,843.39,691.25,0,0.64
9040,2385,2218.73,731.82,2330.64,951.15,1,0.89
9040,2567,1952.39,671.9,2063.47,894.82,0,0.88
9040,2631,1685.92,624.09,1798.87,830.14,0,0.96
9040,2627,789.92,1313.91,987.86,1720.16,3,0.79
9050,2343,2053.98,646.27,2154.28,845.95,0,0.89
9050,2490,2523.76,772.51,2638.17,1004.58,0,0.9
9050,2552,3063.77,834.89,3202.06,1083.52,0,0.95
9050,2618,2374.27,770.33,2493.37,1019.25,0,0.95
9050,2630,713.28,527.1,843.29,691.84,0,0.65
9050,2385,2220.01,731.77,2331.11,950.61,1,0.85
9050,2567,1951.26,671.48,2063.24,894.94,0,0.85
9050,2631,1688.94,622.89,1800.61,827.79,0,0.94
9050,2627,780.15,1310.16,986.52,1716.45,3,0.82
9060,2343,2054.57,647.94,2154.32,845.23,0,0.9
9060,2490,2524.26,772.42,2638.5,1004.74,0,0.86
9060,2552,3062.73,835.53,3203.22,1082.09,0,0.94
9060,2618,2373.6,772.3,2494.76,1023.24,0,0.96
9060,2630,714.16,527.73,841.3,691.91,0,0.66
9060,2385,2218.7,731.35,2331.6,951.73,1,0.84
9060,2567,1951.17,671.34,2063.45,894.19,0,0.83
9060,2631,1688.79,622.5,1800.66,828.1,0,0.93
9060,2627,770.93,1310.84,980.79,1715.51,3,0.98
9070,2343,2053.7,647.58,2154.41,845.33,0,0.91
9070,2490,2523.97,772.31,2638.74,1004.65,0,0.88
9070,2552,3062.83,834.12,3204.15,1082.11,0,0.95
9070,2618,2372.99,774.87,2495.18,1026.91,0,0.94
9070,2630,714.58,529.17,840.65,692.94,0,0.53
9070,2385,2217.6,730.48,2331.32,952.2,1,0.81
9070,2567,1950.22,671.83,2063.83,894.02,0,0.83
9070,2631,1690.69,627.01,1803.7,829.63,0,0.94
9070,2627,748.97,1294.75,962.39,1680.41,3,0.97
9070,2629,744.59,1290.43,955.06,1673.73,3,0.45
9080,2343,2053.19,648.37,2154.07,845.14,0,0.9
9080,2490,2524.16,773.61,2637.89,1004.16,0,0.94
9080,2552,3062.74,834.7,3204.61,1083.19,0,0.96
9080,2618,2372.56,776.34,2495.37,1029.71,0,0.95
9080,2630,713.96,529.12,841.6,692.99,0,0.53
9080,2567,1950.08,674.61,2062.01,893.59,0,0.83
9080,2631,1692.62,630.19,1805.67,830.45,0,0.94
9080,2627,682.92,1227.57,889.13,1602.36,3,0.81
9080,2648,713.45,528.93,841.04,692.79,3,0.34
9080,2629,681.04,1220.99,884.19,1604.82,3,0.8
9080,2606,2222.01,728.54,2326.18,913.28,1,0.73
9090,2343,2053.41,648.49,2154.2,844.61,0,0.92
9090,2490,2524.03,774.7,2637.01,1003.3,0,0.94
9090,2552,3062.98,834.79,3204.71,1083.7,0,0.95
9090,2618,2372.28,778,2495.1,1032.8,0,0.95
9090,2630,713.32,528.26,842.3,693.51,3,0.31
9090,2567,1945.48,674.29,2061.84,894.45,0,0.74
9090,2631,1692.61,631.94,1807.13,831.48,0,0.94
9090,2648,712.83,527.89,841.76,693.34,0,0.56
9090,2606,2221.67,727.9,2326.22,914.41,1,0.77
9090,2385,2219.85,730.18,2330.15,948.82,1,0.33
9100,2343,2053.09,646.7,2154.83,845.34,0,0.93
9100,2490,2523.76,774.55,2636.79,1004.06,0,0.89
9100,2552,3062.95,831.59,3204.82,1084.8,0,0.95
9100,2618,2372.28,778.62,2494.97,1036.35,0,0.95
9100,2567,1947.07,672.56,2060.96,894.66,0,0.88
9100,2631,1692.29,632.96,1807.65,832.4,0,0.94
9100,2606,2221.12,727.27,2326.56,919.01,1,0.75
9100,2649,2616,985.08,2740.19,1270.86,1,0.59
9100,2385,2219.53,729.83,2330.19,949.02,1,0.53
9100,2629,669.66,1046.42,838.39,1360.34,3,0.94
9110,2343,2053.86,646.68,2155.33,847.56,0,0.89
9110,2490,2524.06,774.8,2635.3,1005.87,0,0.52
9110,2552,3061.59,829.39,3204.61,1084.21,0,0.95
9110,2618,2372.51,778.97,2495.32,1038.78,0,0.95
9110,2567,1946.89,671.13,2060.83,895.5,0,0.88
9110,2631,1691.66,633.04,1808.78,835.18,0,0.95
9110,2606,2220.33,728.57,2327.34,926.39,1,0.42
9110,2649,2611.51,947.67,2734.82,1229.53,0,0.62
9110,2385,2218.82,730.92,2330.86,948.85,1,0.82
9110,2630,717.62,526.73,840.77,691.79,0,0.73
9120,2343,2053.48,646.72,2154.87,847.2,0,0.87
9120,2490,2527.28,772.66,2637.8,1007.23,0,0.52
9120,2552,3061.42,830.56,3203.93,1084.4,0,0.94
9120,2618,2372.32,779.84,2495.37,1041.33,0,0.95
9120,2567,1946.77,671.89,2061.57,895.54,0,0.86
9120,2631,1692.69,632.54,1808.97,837.4,0,0.93
9120,2606,2220.15,728.71,2327.69,927.25,1,0.49
9120,2649,2617.67,921.3,2730.41,1179.02,1,0.71
9120,2385,2218.91,731.2,2331.07,949.26,1,0.78
9120,2656,2825.36,1768.01,3101.14,2160,0,0.63
9120,2657,2525.75,774.03,2636.61,1006.37,0,0.44
9120,2630,709.04,522.79,842.52,690.48,0,0.37
9130,2343,2053.48,647.11,2154.65,845.52,0,0.91
9130,2490,2527.37,769.99,2638.61,1004.72,0,0.89
9130,2552,3067.2,838.31,3203.32,1084.07,0,0.88
9130,2618,2372.48,781.59,2495.2,1045.35,0,0.95
9130,2567,1948.95,673.37,2062.44,894.58,0,0.83
9130,2631,1692.57,633.59,1810.57,833,0,0.92
9130,2385,2216.83,731.32,2331.31,949.63,1,0.88
9130,2656,2830.3,1675.82,3078.73,2127.82,0,0.56
9130,2630,737.53,507.78,893.79,673.99,0,0.76
9140,2343,2052.72,646.11,2155.05,845.97,0,0.92
9140,2490,2524.66,770.29,2631.66,1005.65,0,0.59
9140,2552,3064.21,833.56,3202.1,1084.45,0,0.95
9140,2618,2372.31,782.67,2495.17,1046.99,0,0.95
9140,2567,1950.46,674.4,2063.58,896.67,0,0.68
9140,2631,1691.41,629.26,1807.7,816,0,0.67
9140,2385,2216.69,730.82,2331.87,949.49,1,0.87
9140,2656,2822.29,1585.99,3058.02,2058.28,0,0.96
9140,2630,723.32,518.49,860.39,684.04,0,0.7
9140,2632,863.1,492.78,1008.61,663.73,0,0.91
9140,2649,2614.68,891.5,2712.55,1100.88,0,0.64
9150,2343,2052.85,646.43,2154.57,845.81,0,0.91
9150,2490,2525.74,770.43,2634.26,1003.31,0,0.86
9150,2552,3064.12,829.72,3202.31,1082.24,0,0.96
9150,2618,2373.62,787.13,2493.59,1044.03,0,0.87
9150,2567,1952.24,674.93,2061.82,894.86,0,0.72
9150,2631,1693.63,631.58,1807.89,830.73,0,0.9
9150,2385,2217.44,730.87,2330.8,949.42,1,0.8
9150,2656,2814.93,1482.97,3027.34,1941.96,0,0.93
9150,2630,716.14,524.87,845.16,689.23,0,0.72
9150,2632,871.95,496.27,1019.48,664.31,0,0.76
9150,2649,2612.39,884.53,2707.19,1102.23,1,0.7
9160,2343,2054.67,649.17,2154.78,847.55,0,0.91
9160,2490,2526.03,769.53,2638.52,1005.46,0,0.87
9160,2552,3063.57,826.75,3203.61,1075.82,0,0.91
9160,2618,2374.04,787.35,2495.61,1044.65,0,0.9
9160,2567,1955.61,678.87,2062.18,897.9,0,0.6
9160,2631,1694.63,632.08,1810.27,833.69,0,0.92
9160,2656,2770.58,1385.61,2980.59,1823.54,0,0.79
9160,2630,715.25,528.19,839.6,690.82,0,0.49
9160,2632,882.36,495.13,1033.92,663.85,0,0.67
9160,2649,2615.91,889.6,2708.95,1106.05,1,0.71
9170,2343,2054.9,647.79,2153.96,846.73,0,0.91
9170,2490,2525.73,769.36,2639.25,1004.3,0,0.9
9170,2552,3064.69,820,3208.39,1039.95,0,0.6
9170,2618,2373.42,786.75,2495.4,1043.88,0,0.92
9170,2567,1954.15,678.98,2061.22,898.12,0,0.66
9170,2631,1694.83,631.23,1811.46,835.59,0,0.92
9170,2656,2741.27,1303.28,2941.52,1716.59,0,0.9
9170,2630,714.57,527,839.7,691.1,0,0.53
9170,2632,927.31,493.57,1088.54,666.23,0,0.87
9170,2649,2611.85,897.2,2709.67,1134.79,1,0.85
9170,2671,1870.57,609.05,1969.61,812.54,0,0.66
9180,2490,2525.47,769.22,2639.97,1003.98,0,0.79
9180,2618,2373.2,786.3,2495.94,1046.03,0,0.94
9180,2567,1955.51,679.69,2063.66,900.23,0,0.78
9180,2631,1695.13,631.32,1812.74,836.83,0,0.92
9180,2656,2732.57,1222.5,2917.6,1592.5,0,0.86
9180,2630,714.36,528.03,839.71,691.69,0,0.6
9180,2649,2610.58,897.31,2709.02,1150.16,1,0.85
9180,2671,1873.09,607.16,1972.15,806.27,0,0.58
9190,2490,2525.67,768.73,2640.04,1004.41,0,0.7
9190,2618,2372.78,785.86,2496.53,1046.59,0,0.94
9190,2567,1956.17,683.87,2061.37,899.43,1,0.7
9190,2631,1696,631.74,1813.55,837.17,0,0.93
9190,2656,2751.52,1120.26,2926.83,1460.46,0,0.87
9190,2630,714.27,525.96,840.77,691.96,0,0.64
9190,2649,2610.56,896.51,2709.23,1155.03,1,0.77
9190,2671,1875.08,609.32,1971.95,806.47,1,0.73
9190,2679,2522.21,771.36,2637.13,1002.66,0,0.5
9190,2385,2222.56,729.29,2333.21,950.11,1,0.78
9190,2343,2051.11,603.87,2178.91,800.45,0,0.69
9190,2552,3063.77,817.26,3191.58,1014.71,0,0.83
9200,2490,2526,768.8,2639.81,1003.27,0,0.78
9200,2618,2372.61,785.63,2496.55,1046.72,0,0.94
9200,2631,1697.43,635.96,1813.11,837.57,0,0.73
9200,2630,714.29,525.27,840.84,691.97,0,0.67
9200,2649,2612.51,895.29,2712.9,1160.68,1,0.84
9200,2671,1878.71,606.59,1971.24,804.24,1,0.28
9200,2679,2522.63,771.63,2636.95,1001.47,0,0.47
9200,2385,2221.81,729.56,2334.2,950.98,1,0.88
9200,2343,2054.1,638.76,2162.72,831.39,0,0.7
9200,2552,3060.84,825.39,3198.29,1057.73,0,0.95
9210,2490,2526.75,770.15,2639.76,1002.01,0,0.75
9210,2618,2371.38,786.38,2497.12,1046.67,0,0.93
9210,2631,1696.6,632.91,1812.9,836.86,0,0.92
9210,2630,712.4,525.52,841.52,692.43,0,0.66
9210,2649,2613.59,899.58,2713.49,1158.78,1,0.81
9210,2671,1878.41,624.82,1967.5,805.82,1,0.35
9210,2679,2523.42,773.02,2636.68,1000.17,0,0.38
9210,2385,2219.45,729.94,2333.73,948.59,1,0.89
9210,2343,2052.52,642.99,2154.57,844.62,0,0.55
9210,2552,3061.36,820.8,3201.05,1057.65,0,0.9
9210,2567,1957.27,675.27,2063.08,899.28,0,0.45
9220,2490,2527.09,769.6,2640.5,1002.87,0,0.75
9220,2618,2371.15,787.59,2498.21,1046.94,0,0.94
9220,2631,1696.32,633.1,1812.2,837.76,0,0.92
9220,2630,712.53,525.06,841.39,692.11,0,0.67
9220,2649,2615.4,903.35,2716.64,1159.38,1,0.87
9220,2679,2523.86,772.72,2637.72,1000.1,0,0.28
9220,2385,2221.11,729.73,2333.25,946.11,1,0.66
9220,2343,2054.14,645.58,2153.96,854.63,0,0.92
9220,2552,3057.84,816.24,3201.52,1084.25,0,0.62
9220,2567,1954.39,662.28,2059.51,890.55,0,0.84
9230,2618,2371.69,783.5,2498.95,1041.1,0,0.92
9230,2631,1696.38,634.6,1812.22,836.58,0,0.93
9230,2630,710.97,525.3,841.75,692.45,0,0.68
9230,2649,2615.13,902.3,2718.41,1159.62,1,0.83
9230,2385,2219.65,727.6,2328.81,931.81,1,0.71
9230,2343,2058.04,644.95,2157.28,854.54,0,0.91
9230,2552,3063.41,799.63,3198.34,1052.25,0,0.88
9230,2567,1946.12,651.91,2051.42,872.55,0,0.6
9230,2696,2225.12,729.54,2331.96,937.59,1,0.39
9230,2671,1871.71,636.78,1974.02,808.29,0,0.26
9240,2618,2377.57,764.18,2502.18,1019.6,0,0.83
9240,2631,1696.88,633.49,1812.53,834.69,0,0.9
9240,2630,710.33,525.21,841.82,692.46,0,0.68
9240,2649,2611.9,892.8,2719.42,1152.86,1,0.74
9240,2343,2064.34,638.83,2162.75,844.08,0,0.87
9240,2552,3051.44,765.29,3178.66,1019.86,0,0.84
9240,2567,1945.12,639.6,2051.62,858.68,0,0.61
9240,2696,2231.69,731.73,2333.6,947.93,1,0.79
9240,2703,1841.22,538.19,1953.53,689.09,0,0.49
9240,2490,2524.84,771.62,2639.63,1003.97,0,0.76
9250,2618,2382.19,736.98,2501.09,966,0,0.58
9250,2631,1694.71,627.93,1810.41,831.53,0,0.86
9250,2630,710.08,523.19,842.79,692.48,0,0.65
9250,2649,2609.61,876.97,2720.54,1131.04,1,0.79
9250,2343,2082.13,620.24,2179.61,802.52,0,0.88
9250,2552,3035.68,724.1,3153.64,956.19,0,0.92
9250,2567,1948.56,627.43,2054.7,836.06,0,0.77
9250,2696,2227.79,728.51,2330.57,949.58,1,0.82
9250,2703,1830.17,539.04,1942.79,692.37,0,0.32
9250,2705,3312.43,783.64,3446.56,1023.81,0,0.94
9250,2706,2526.67,768.99,2638.95,1000.96,0,0.5
9250,2490,2522.67,772.06,2637.51,1001.8,0,0.64
9250,2385,2222.59,723,2324.82,929.17,1,0.75
9260,2618,2372.92,699.14,2483.69,917.76,0,0.94
9260,2631,1692.22,618.61,1801.77,814.23,0,0.81
9260,2630,713.49,523.54,842.02,692.25,0,0.6
9260,2343,2111.52,596.48,2204.55,757.79,0,0.83
9260,2552,3007.66,669.49,3115.77,885.1,0,0.95
9260,2567,1956.74,600.67,2063.59,806.63,0,0.74
9260,2703,1820.9,541.14,1937.18,713.49,0,0.65
9260,2705,3288.08,718.7,3412.66,942.79,0,0.93
9260,2385,2215.23,713.54,2314.64,919.63,1,0.8
9270,2618,2363.27,654.85,2467.71,860.35,0,0.9
9270,2631,1676.58,601.36,1781.51,798.99,0,0.66
9270,2630,714.3,524.11,841.72,692.48,0,0.62
9270,2703,1804.64,530.73,1911.82,700.31,0,0.56
9270,2490,2526.48,755.47,2640.78,982.09,0,0.76
9280,2618,2360.26,598.84,2458.97,796,0,0.85
9280,2631,1659.4,588.06,1757.54,776.26,0,0.59
9280,2630,715.38,524.11,842.6,691.31,0,0.76
9280,2703,1768.72,519.69,1874.24,695.26,0,0.66
9280,2714,2945.01,549.64,3039.56,725.38,0,0.78
9280,2490,2528.53,726.29,2641.25,955.74,0,0.88
9290,2618,2338.81,553,2432.2,737.26,0,0.89
9290,2631,1631.28,563.65,1724.77,747.46,0,0.63
9290,2630,717.88,524.87,842.61,692.18,0,0.8
9290,2714,2939.09,510.37,3021.46,670.19,0,0.84
9290,2490,2531.33,688.61,2639.09,911.65,0,0.75
9290,2724,2225.61,506.06,2299.11,663.51,0,0.73
9290,2343,2136.51,581.25,2221.09,750.26,1,0.29
9300,2630,719.44,525.85,842.01,692.58,0,0.72
9300,2714,2932.19,463.77,3010.17,613.06,0,0.47
9300,2490,2529.9,645.24,2634.91,855.57,0,0.86
9300,2724,2225.86,470.67,2299.86,626.69,0,0.47
9300,2730,3154.5,466.21,3244.4,621.8,0,0.72
9300,2632,963.85,525.05,1063.32,699.69,0,0.87
9310,2630,720,526.05,837.17,690.93,0,0.66
9310,2714,2911.84,427.92,2993.24,565.54,0,0.76
9310,2490,2513.35,601.88,2611.43,796.35,0,0.93
9310,2724,2207.93,429.31,2285.36,593.85,0,0.75
9310,2730,3143.54,429.3,3226.41,577.79,0,0.84
9310,2743,2017.68,421.87,2103.51,565.96,0,0.64
9320,2630,723.93,525.53,841.7,691.84,0,0.72
9320,2490,2486.94,555.04,2578.05,740.36,0,0.93
9320,2749,1460.82,455.49,1549.5,607.33,0,0.85
9320,2696,2218.62,747.91,2328.13,974.51,0,0.94
9330,2630,723.46,525.78,843.21,694.02,0,0.74
9330,2490,2450.7,512.58,2537.82,687.04,0,0.93
9330,2385,2177.49,642.74,2275.02,839.2,0,0.87
9330,2632,935.58,525.63,1034.46,716.61,0,0.73
9340,2630,715.67,526.29,843.97,690.15,0,0.61
9340,2771,1321.66,424.91,1403.17,551.13,0,0.87
9340,2343,2131.12,555.5,2217.11,738.95,0,0.67
9350,2630,713.56,527.5,841.25,690.45,0,0.66
9350,2618,2330.35,435.6,2406.54,588.39,0,0.68
9350,2632,929.23,531.06,1025.77,710.03,0,0.4
9360,2630,710.93,527.29,835.63,689.51,0,0.25
9360,2618,2295.06,411.04,2368.7,549.67,0,0.84
9360,2743,2019.95,443.02,2089.96,584.57,0,0.82
9370,2630,713.07,526,841.88,691.29,0,0.52
9380,2630,716.78,528.53,844.37,691.74,0,0.53
9390,2630,718.1,526.71,844.25,690.83,0,0.78
9400,2630,720.42,528.74,843.92,690.76,0,0.35
9410,2632,870.89,541.33,956.13,722.27,0,0.71
9420,2630,712.26,527.6,820.06,686.02,0,0.47
9430,2632,862.46,535.24,944.07,711.38,0,0.65
9440,2632,849.58,507.09,939.48,674.09,0,0.57
9440,2630,716.32,528.99,823.66,683.35,0,0.25
9450,2632,854.07,510.37,944.79,675.94,0,0.72
9450,2630,721.66,526.77,830.11,684.02,0,0.29
9460,2632,848.54,538.62,937.91,707.21,0,0.84
9460,2630,719.13,527.63,832.99,686.87,0,0.58
9490,2869,2049.6,463.54,2136.98,627.92,0,0.9
9490,2630,717.78,525.21,840.09,686.39,0,0.76
9500,2630,716.59,523.44,840.79,686.76,0,0.64
9500,2567,2022.09,415.34,2107.3,556.11,0,0.76
9510,2630,718.49,523.11,838.36,685.95,0,0.85
9520,2630,718.58,525.42,838.25,688.8,0,0.79
9530,2630,718.27,520.34,839.94,689.11,0,0.7
9540,2630,721.3,521.06,841.69,686.67,0,0.27
9550,2630,715.09,522.92,828.21,683.86,0,0.32
9560,2630,718.71,524.98,833.63,686.11,0,0.74
9570,2630,718.19,525.51,836.87,687.98,0,0.68
9580,2630,715.49,526.24,834.34,686.84,0,0.28
9580,2887,876.15,563.07,963.09,725.39,1,0.43
9590,2630,717.59,525.45,839.02,683.86,0,0.34
9600,2630,718.36,522.84,839.93,686.03,0,0.69
9610,2630,719.38,523.36,840.36,686.92,0,0.71
9620,2630,719.09,524.31,840.19,687.72,0,0.63
9640,2630,718.37,525.53,832.71,686.82,0,0.65
9660,2630,717.56,525.21,836.19,664.92,0,0.47
9670,2630,718.23,525.95,838.19,681.6,0,0.65
9670,2869,2038.25,468.62,2117.08,633.97,0,0.9
9680,2630,719.16,525.37,841.48,687.55,0,0.65
9690,2630,718.96,525.48,842.16,690.76,0,0.48
9700,2630,719.17,525.94,842.24,691.24,0,0.68
9710,2630,717.85,526.88,840.54,687.42,0,0.68
9720,2630,716.8,526.83,842.31,687.63,0,0.57
9730,2630,719.56,526.49,841.4,688.08,0,0.58
9740,2630,718.01,526.14,838.46,689.29,0,0.49
9760,2630,718.44,526.11,842.34,684.05,0,0.54
9770,2630,718.97,526.49,842.57,687.64,0,0.37
9780,2630,725.29,527.38,840.05,688.29,0,0.78
9790,2630,722.88,527.16,837.91,689.44,0,0.77
9800,2630,723.49,526.22,839.32,691.1,0,0.65
9810,2630,721.61,526.33,840.06,690.38,0,0.68
9830,2630,723.48,526.96,839.31,685.21,0,0.79
9840,2630,718.53,527.54,837.88,690.57,0,0.74
9850,2630,717.1,527.63,837.84,691.28,0,0.73
9850,2869,2033.48,508.51,2102.4,674.6,0,0.47
9860,2630,716.74,527.16,840.03,690.84,0,0.66
9870,2630,716.1,526.87,838.58,691.74,0,0.53
9880,2887,877.68,525.3,975.53,695.64,0,0.66
9890,2630,718.94,525.38,837.64,672.6,0,0.37
9900,2630,718.92,525.89,838.4,684.56,0,0.68
9910,2630,716.5,527.46,837.9,687.97,0,0.64
9920,2630,716.72,527.5,836.71,687.33,0,0.66
9930,2630,716.1,527.01,836.23,683.57,0,0.48
9940,2630,716.25,525.86,837.37,691.34,0,0.46
9950,2630,717.89,527.45,835.54,683.48,0,0.32
9960,2630,714.47,528.32,837.73,690.06,0,0.39
9960,2887,879.98,524.56,980.32,701.84,0,0.87
9990,2630,723.29,529.62,839.23,688.59,0,0.43
10000,2630,721.07,525.16,839.3,687.81,0,0.68
10010,2630,720.64,525.47,836.85,687.65,0,0.53
10020,2630,719.31,525.77,837.76,687.74,0,0.59
10030,2630,718.2,525.43,839.29,687.64,0,0.68
10040,2630,717.78,525.4,840.57,688.17,0,0.62
10050,2630,717.49,526.33,841.49,689.89,0,0.71
10060,2630,717.4,526.5,842.62,690.19,0,0.75
10070,2630,718.27,526.62,842.33,690.49,0,0.71
10080,2630,717.1,527.25,842.25,690.79,0,0.73
10090,2630,716.95,527.51,841.6,690.79,0,0.72
10100,2630,717.5,525.19,840.91,689.46,0,0.64
10110,2630,719.81,522.19,841.98,688.25,0,0.71
10120,2630,724.21,523.53,846.33,689.42,0,0.71
10130,2630,756.14,530.53,868.72,689.71,0,0.54
10140,2887,817.56,541.6,948.92,697.33,0,0.9
10150,2986,3911.96,1018.82,4045.32,1307.39,0,0.78
10150,2987,705.68,514.14,834.14,664.54,0,0.48
10160,2986,3874.31,980.42,4013.92,1263.23,0,0.86
10160,2987,724.36,516.46,852.08,666.1,0,0.79
10170,2986,3818.85,949.61,3978.05,1226.46,0,0.94
10170,2887,785.87,521.36,933.57,675.25,0,0.93
10180,2986,3790.57,938.31,3966.04,1214.53,0,0.94
10180,2992,328.29,520.3,438,689.73,0,0.64
10190,2986,3781.09,934.07,3964.18,1211.76,0,0.95
10190,2992,330.32,523.17,439,689.9,0,0.31
10200,2986,3785.81,933.19,3964.88,1212.54,0,0.76
10200,2992,336.08,520.8,451.9,696.19,0,0.51
10210,2986,3789.37,935.06,3965.69,1214.43,0,0.67
10220,2986,3794.97,937.29,3968.06,1215.94,0,0.94
10230,2986,3795.44,940.85,3968.57,1214.04,0,0.63
10240,2986,3796.06,940.3,3968.89,1214.23,0,0.69
10250,2986,3800.3,941.34,3969.06,1214.5,0,0.87
10260,2986,3801.17,950.83,3967.07,1216.23,0,0.89
10270,2986,3793.86,945.27,3968.62,1195.57,0,0.7
10280,2986,3796.4,942.14,3968.22,1210.8,0,0.73
10280,2987,837.64,517.2,980.6,678.78,0,0.78
10290,2986,3801.15,953.55,3972.4,1216.21,0,0.7
10300,2986,3799.54,947.08,3971.04,1217.48,0,0.94
10310,2986,3800.59,944.39,3969.45,1218.49,0,0.93
10320,2986,3800.77,943.84,3969.72,1220.2,0,0.94
10330,2986,3799.5,944.82,3971.27,1219.43,0,0.89
10340,2986,3801.3,941.34,3971.4,1221.24,0,0.69
10350,2986,3805.11,943.62,3971.54,1220.43,0,0.92
10360,2986,3803.93,942.77,3970.49,1217.99,0,0.85
10370,2986,3803.6,942.64,3972.53,1219.69,0,0.56
10380,2986,3802.19,943.27,3973.88,1221.16,0,0.93
10390,2986,3803.52,943.42,3972.34,1220.92,0,0.71
10390,3056,2268.26,772.64,2384.08,1039.49,1,0.83
10400,2986,3805.66,943.95,3972.82,1221.1,0,0.9
10400,3056,2268.06,770.88,2384.59,1036.04,1,0.85
10410,2986,3802.14,943.48,3973.28,1220.84,0,0.93
10410,3056,2268.66,770.27,2384.54,1038.63,1,0.91
10420,2986,3808.44,943.08,3976.56,1221.52,0,0.92
10420,3056,2268.52,770.92,2385.26,1042.31,1,0.82
10420,3060,2077.36,784.41,2201.92,1036.62,1,0.96
10430,2986,3813.92,945.14,3977.08,1219.92,0,0.61
10430,3060,2067.86,751.24,2184.93,990.16,1,0.98
10440,2986,3815.91,942.22,3975.72,1218.76,0,0.84
10440,3060,2060.52,723.92,2173.43,958,0,0.76
10450,2986,3815.87,941.77,3977.1,1219.67,0,0.51
10450,3060,2056.02,707.39,2165.8,937.32,1,0.61
10450,3066,2057.05,711.08,2167.58,942.28,0,0.37
10450,3056,2268.21,770.25,2385.75,1042.97,1,0.75
10460,2986,3817.68,946.67,3975.75,1220.53,0,0.8
10460,3066,2054.89,707.23,2166.36,931.87,1,0.79
10460,3056,2268.51,771.71,2386.59,1043.52,1,0.62
10470,2986,3817.38,948.05,3974.79,1221.28,0,0.93
10470,3066,2055.81,709.65,2166.42,932.64,1,0.87
10470,3056,2268.96,773.11,2386.51,1042.89,1,0.47
10480,2986,3813.34,955.21,3974.25,1221.14,0,0.95
10480,3066,2055.97,710.3,2166.64,936.77,1,0.93
10480,3056,2268.59,771.55,2386.39,1043.88,1,0.72
10490,2986,3811.23,953.24,3974.6,1221.15,0,0.93
10490,3066,2055.46,710.02,2165.69,934.17,1,0.94
10490,3056,2268.56,772.2,2386.3,1044.05,1,0.63
10500,2986,3810.93,949.91,3975.14,1220.37,0,0.9
10500,3066,2055.48,709.33,2165.89,933.33,1,0.76
10500,3056,2268.74,772.82,2386.67,1044.35,1,0.56
10510,2986,3806.72,947.77,3974.97,1215.29,0,0.91
10510,3066,2055.67,709.04,2165.27,933.03,1,0.89
10510,3081,1383.59,681.82,1510.62,901.58,3,0.91
10520,2986,3806.43,945.36,3974.4,1215.29,0,0.38
10520,3066,2055.64,710.21,2165.21,932.39,1,0.93
10520,3081,1368.95,657.82,1487.14,870.05,0,0.54
10530,2986,3807.24,944.11,3974.69,1210.63,0,0.91
10530,3066,2054.72,709.94,2165.84,933.26,1,0.77
10540,2986,3807.7,942.15,3973.17,1216.69,0,0.91
10540,3066,2055.04,709.94,2166.54,933.95,1,0.88
10540,2987,1084.03,604.99,1227.56,793.39,3,0.93
10550,2986,3809.86,943.84,3973.51,1218.39,0,0.89
10550,3066,2056.73,710.19,2167.66,935.56,1,0.93
10560,2986,3804.37,940.57,3971.99,1219.46,0,0.76
10560,3066,2057.66,712.24,2166.38,937.13,1,0.85
10560,3081,1288.79,609.91,1399.42,821.5,0,0.83
10570,2986,3803.78,942.36,3972.41,1219.95,0,0.93
10570,3066,2056.33,713.83,2166.01,939.14,1,0.78
10570,3081,1253.71,578.62,1367.31,783.14,0,0.72
10580,2986,3802.66,942.42,3972.84,1219.91,0,0.94
10580,3066,2055.82,713.4,2166.17,941.34,1,0.83
10580,2987,1145.53,565.28,1265.98,741.85,0,0.81
10590,3066,2055.08,714.22,2165.11,937.95,1,0.79
10590,3098,3557.99,892.4,3669.67,1066.11,0,0.54
10600,3066,2050.11,714.19,2162.88,936.88,1,0.87
10600,3056,2269.93,776.67,2386.89,1043.84,1,0.28
10600,2986,3805.84,941.1,3972.44,1191.05,0,0.7
10610,3066,2050.66,714.17,2159.97,936.21,1,0.89
10610,3056,2269.2,774.96,2387.32,1044.81,1,0.36
10610,2986,3825.13,945.57,4017.4,1212.46,0,0.82
10620,3066,2053.23,716.35,2161.63,937.99,1,0.85
10620,3056,2268.39,773.29,2388.06,1045.7,1,0.8
10630,3066,2055.1,715.24,2164.62,941.48,1,0.81
10630,3056,2268.94,773.9,2388.55,1043.64,1,0.49
10630,3107,2000.98,931.09,2126.66,1203.92,0,0.79
10640,3066,2056.02,715.45,2166.29,937.94,1,0.75
10640,3056,2269.21,774.79,2388.12,1041.76,1,0.6
10650,3066,2056.8,714.9,2166.9,933.09,1,0.85
10650,3056,2269.38,774.15,2386.26,1044.14,1,0.27
10650,3117,3805.1,946.39,3975.53,1205.27,0,0.37
10650,2986,3807.46,946.76,3981.24,1214.65,0,0.44
10660,3066,2059.75,715.35,2166.49,939.1,1,0.73
10660,3120,1939.27,744.67,2051.7,971.6,0,0.77
10670,3066,2059.32,715.29,2165.45,942.37,1,0.89
10670,3120,1913.88,717.85,2019.51,932.58,0,0.78
10670,3124,4018.69,856.3,4096,1018.83,0,0.34
10670,2986,3803.61,947.85,3973.8,1217.45,0,0.49
10680,3066,2058.1,714.63,2165.05,941.78,1,0.87
10680,3120,1888.4,686.83,1997.31,895.06,0,0.82
10680,3124,4019.58,855.9,4095.98,1023.66,0,0.37
10680,2986,3800.81,949.6,3973.84,1219.53,0,0.92
10690,3066,2057.78,714.82,2164.6,941.71,1,0.86
10690,3120,1874.36,667.4,1986.66,862.18,0,0.87
10690,2986,3800.93,947.93,3972.2,1220.04,0,0.55
10700,3066,2058.04,716.82,2165.42,944.87,1,0.89
10700,3120,1863.57,652.11,1983.99,859.81,0,0.86
10700,2986,3800.26,948.56,3971.98,1220.92,0,0.91
10700,3056,2268.14,768.72,2389.85,1040.32,1,0.7
10710,3066,2056.62,717.38,2165.94,954.6,1,0.79
10710,2986,3798.89,949.83,3971.62,1221.39,0,0.93
10710,3133,2051.77,718.81,2167.09,959.38,1,0.82
10710,3056,2267.95,768.93,2390.24,1038.71,1,0.58
10720,3066,2054.24,716.31,2166.49,956.59,1,0.76
10720,2986,3802.06,948.48,3970,1221.69,0,0.83
10720,3133,2050.42,716.93,2167.09,958.98,1,0.84
10720,3056,2268.03,768.95,2389.34,1037.97,1,0.46
10720,3135,2617,741.21,2732.55,988.14,1,0.5
10730,3066,2055.36,714.73,2166.46,955.22,1,0.78
10730,2986,3803.09,949.79,3970.46,1219.84,0,0.87
10730,3133,2052.46,716.57,2167.22,961.49,1,0.74
10730,3056,2267.98,767.47,2387.32,1043.23,1,0.37
10730,3135,2614.5,734.91,2735.42,980.27,1,0.74
10730,3142,2614.24,733.44,2735.47,978.55,0,0.33
10740,3066,2050.74,713.59,2165.49,951.03,1,0.59
10740,2986,3801.71,950.74,3971.68,1219.45,0,0.83
10740,3056,2267.5,766.9,2386.42,1047.24,1,0.49
10740,3135,2610.02,731.33,2731.26,978.1,1,0.38
10740,3142,2610.21,731.68,2730.93,978.53,0,0.67
10750,3066,2050.56,711.05,2166.48,956.91,1,0.8
10750,2986,3803,951.13,3970.98,1219.7,0,0.89
10750,3056,2267.45,767.24,2386.95,1047.46,1,0.65
10750,3135,2608.65,722.4,2728.3,974.65,0,0.88
10760,3066,2052.4,711.39,2167.03,956.25,1,0.83
10760,2986,3802.71,951.32,3970.7,1219.97,0,0.88
10760,3056,2268.17,767.13,2386.19,1045.29,1,0.4
10760,3135,2604.47,725.44,2728.06,976.23,1,0.8
10770,3066,2052.27,708.17,2167.84,960.01,1,0.81
10770,2986,3802.34,952.46,3971.77,1221.03,0,0.66
10770,3056,2268.2,773.51,2385.96,1045.24,1,0.36
10770,3135,2604.12,725.67,2728.32,978.89,0,0.84
10770,3163,2604.8,727.34,2728.82,980.31,1,0.47
10780,3066,2054,709.16,2168.19,958.85,1,0.77
10780,2986,3803.21,951,3972.26,1220.3,0,0.41
10780,3056,2267.17,768.27,2385.85,1048.64,1,0.83
10780,3135,2602.34,727.19,2720.74,976.44,0,0.47
10780,3163,2606.2,732.89,2724.55,978.41,0,0.27
10790,3066,2055.43,709.12,2167.13,956.67,1,0.83
10790,2986,3803.45,950.79,3971.52,1220.08,0,0.61
10790,3056,2267.05,766.56,2386.47,1048.96,1,0.7
10790,3135,2602.9,727.33,2724.73,976.76,1,0.53
10790,3163,2604.62,729.69,2726.39,977.51,0,0.73
10800,3066,2055.41,709.91,2166.53,954.41,1,0.86
10800,2986,3801.64,951.23,3971.26,1220.11,0,0.84
10800,3056,2267.31,765.73,2388.5,1044.47,1,0.73
10810,3066,2056.54,710.7,2166.71,953.01,1,0.86
10810,2986,3797.26,947.87,3964.66,1217.87,0,0.47
10810,3056,2267.58,765.85,2388.79,1042.81,1,0.67
10810,3135,2603.49,728.04,2727.46,977.15,0,0.88
10820,3066,2056.33,711.3,2167.08,951.99,1,0.88
10820,2986,3800.92,948.8,3968.1,1219.79,0,0.87
10820,3056,2267.72,765.88,2388.45,1042.35,1,0.69
10820,3135,2603.76,728.62,2727.8,977.07,0,0.84
10830,3066,2056.43,712.25,2165.41,948.89,1,0.88
10830,2986,3803.46,950.54,3969.78,1220.27,0,0.88
10830,3056,2267.86,767.65,2387.73,1042.99,1,0.5
10830,3135,2603.05,727.62,2727.22,975.96,0,0.84
10840,3066,2055.69,713.39,2164.87,947.53,1,0.87
10840,2986,3801.99,952.4,3971.47,1220.69,0,0.89
10840,3056,2267.9,768.29,2387.15,1043.11,1,0.49
10840,3135,2603.22,727.78,2726.73,975.32,0,0.83
10840,3186,1650.97,572.53,1751.83,710.03,0,0.73
10850,3066,2056.49,713.55,2165.88,953.05,1,0.79
10850,2986,3801.72,951.91,3973.22,1219.36,0,0.9
10850,3056,2267.57,767.41,2387.65,1044.63,1,0.65
10850,3135,2604.25,728.11,2727.58,975.97,0,0.8
10850,3186,1652.18,567.6,1752.55,709.54,0,0.61
10860,3066,2056.7,713.07,2166.45,954.19,1,0.81
10860,2986,3802.84,953.65,3971.2,1218.19,0,0.85
10860,3056,2267.37,766.83,2387.77,1044.94,1,0.75
10860,3135,2604.97,729.1,2727.63,975.61,0,0.82
10860,3186,1657.9,570.61,1754.75,708.96,0,0.41
10860,3187,2054.5,716.04,2167.29,965.02,1,0.59
10860,3188,1895.74,635.05,1989.56,745.53,0,0.52
10870,3066,2055.83,713.17,2165.57,957.3,1,0.73
10870,2986,3802.62,953.31,3970.93,1217.71,0,0.88
10870,3056,2267.39,766.74,2387.58,1045.07,1,0.76
10870,3135,2605.21,729.52,2727.29,975.03,0,0.78
10870,3186,1663.77,567.62,1760.47,709.41,0,0.47
10870,3187,2053.72,716.54,2166.1,967.02,1,0.82
10870,3188,1890.67,636.12,1988.7,744.13,0,0.29
10880,3066,2055.49,713.93,2165.82,955.4,1,0.76
10880,2986,3801.59,952.11,3971.92,1217.7,0,0.81
10880,3056,2267.05,766.31,2388.23,1046.73,1,0.88
10880,3135,2605.1,730.62,2727.75,975.07,0,0.63
10880,3186,1662.03,568.47,1762.53,709.59,0,0.58
10880,3187,2053.69,716.65,2166.5,963.47,1,0.51
10890,3066,2056.9,714.42,2167.6,954.51,1,0.72
10890,2986,3800.94,953.35,3972.71,1217.16,0,0.85
10890,3056,2267.37,766.79,2387.85,1046.28,1,0.89
10890,3135,2605.31,731.24,2727.72,975.33,0,0.59
10890,3186,1658.88,569.52,1754.42,711.19,0,0.62
10890,3187,2055.79,717.3,2168.2,960.9,1,0.81
10890,3188,1887.75,636.46,1987.73,744.52,0,0.29
10900,2986,3801.5,951.98,3971.21,1218.09,0,0.85
10900,3056,2267.36,767.19,2387.2,1045.17,1,0.87
10900,3135,2604.31,731.29,2727.33,974.66,0,0.65
10900,3186,1654.15,569.43,1752.64,711.82,0,0.57
10900,3189,2604.19,731.34,2727.33,974.76,1,0.34
10900,3188,1892.09,635.28,1987.65,743.51,0,0.35
10910,2986,3802.45,950.97,3970.25,1218.62,0,0.83
10910,3056,2267.29,767.34,2387.51,1044.38,1,0.77
10910,3186,1653.63,569.39,1753.25,710.64,0,0.5
10910,3188,1893.53,635.27,1987.58,742.19,0,0.38
10910,3066,2053.54,717.34,2168.74,962.27,1,0.97
10920,2986,3802.72,950.1,3969.91,1219.48,0,0.85
10920,3056,2267.43,767.25,2387.42,1043.83,1,0.81
10920,3186,1653.21,568.65,1753.78,710.12,0,0.69
10920,3188,1893.76,634.7,1988.1,741.91,0,0.43
10920,3066,2053.08,718.26,2168.86,962.63,1,0.88
10920,3135,2604.13,729.91,2728.72,976.73,0,0.84
10930,2986,3801.35,949.37,3971.96,1220.23,0,0.82
10930,3056,2267.37,767.73,2387.68,1044.82,1,0.72
10930,3186,1654.95,568.33,1754.14,710.96,0,0.73
10930,3188,1891.89,633.6,1987.49,743.1,0,0.39
10930,3066,2054.59,718.54,2169.37,967.08,1,0.85
10930,3135,2604.3,730.38,2728.11,975.27,0,0.61
10940,2986,3802.29,950.04,3970.88,1220.08,0,0.7
10940,3056,2267.3,767.98,2387.26,1045.4,1,0.78
10940,3186,1653.96,567.32,1753.32,710.41,0,0.62
10940,3188,1890.23,632.8,1987.63,743.6,0,0.43
10940,3066,2054.92,718.11,2170.65,968.75,1,0.88
10940,3135,2605.15,730.14,2728.44,975.42,1,0.64
10950,2986,3803.07,950.19,3971.64,1219.52,0,0.73
10950,3056,2266.59,766.26,2387.4,1048.23,1,0.85
10950,3186,1653.3,568.29,1753.44,710.82,0,0.54
10950,3188,1889.53,633.66,1986.88,743.61,0,0.25
10950,3066,2055.76,712.92,2170.05,950.7,1,0.85
10950,3135,2605.91,730.12,2727.97,974.76,0,0.6
10950,3201,2606.17,730.21,2727.91,974.66,1,0.31
10960,2986,3802.26,950.48,3972.9,1219.56,0,0.84
10960,3056,2266.25,765.37,2387.5,1048.96,1,0.87
10960,3186,1652.74,568.9,1752.42,711.22,0,0.49
10960,3066,2054.32,704.69,2168.53,937.07,1,0.83
10960,3135,2605.11,729.47,2727.79,974.15,0,0.59
10960,3201,2605.02,729.47,2727.79,974.06,1,0.56
10970,2986,3804.29,950.13,3971.64,1219.56,0,0.86
10970,3056,2265.95,764.95,2386.2,1043.88,1,0.66
10970,3186,1652.78,569.15,1751.86,711.31,0,0.61
10970,3066,2053.93,698.75,2165.83,911.8,1,0.89
10970,3135,2605.79,728.31,2727.57,973.51,0,0.86
10980,2986,3805.52,950.12,3970.33,1220.04,0,0.85
10980,3056,2261.75,764.27,2382.52,1033.18,1,0.68
10980,3186,1653.28,558.57,1752,708.03,0,0.4
10980,3066,2054.51,697.67,2166.3,909.51,1,0.81
10980,3135,2605.67,728.2,2728.04,973.69,0,0.8
10990,2986,3802.48,952.3,3971.44,1220.79,0,0.67
10990,3056,2265.16,761.83,2385.07,1029.9,1,0.46
10990,3066,2053.93,696.12,2167.15,911.19,1,0.87
10990,3135,2606.41,728.75,2728.21,975.38,0,0.69
11000,2986,3803.14,952.37,3971.73,1221.23,0,0.89
11000,3066,2052.77,694.76,2166.84,913.4,1,0.77
11000,3135,2605.85,728.67,2727.67,975.87,0,0.75
11000,3186,1653.54,566.61,1752.44,710.04,0,0.49
11010,2986,3801.44,954.13,3971.47,1220.05,0,0.74
11010,3066,2051.07,694.82,2165.13,915.77,1,0.69
11010,3135,2606.47,728.49,2727.2,974.11,0,0.76
11020,2986,3803,954.06,3970.17,1219.31,0,0.8
11020,3066,2049.03,697.08,2163.07,916.66,1,0.79
11020,3135,2606.76,729.06,2726.9,973.4,0,0.77
11020,3056,2258.01,761.44,2379.2,1022.46,1,0.69
11020,3186,1652.59,568.71,1754.08,706.26,0,0.55
11030,2986,3801.21,954.19,3971.6,1218.47,0,0.78
11030,3066,2049.88,697.23,2162.66,928.81,1,0.83
11030,3135,2605.71,729.21,2727.74,973.97,0,0.63
11030,3056,2257.79,761.74,2377.53,1021.98,1,0.48
11030,3186,1653,568.67,1752.98,709.23,0,0.67
11040,2986,3802.49,953.93,3970.96,1217.85,0,0.79
11040,3066,2050.94,696.89,2163.11,930.55,1,0.78
11040,3135,2605.71,730,2727.12,973.47,0,0.67
11040,3056,2257.9,760.78,2377.53,1021.39,1,0.39
11040,3186,1653.73,569.76,1752.36,709.71,0,0.65
11050,2986,3800.73,953.98,3971.27,1218.45,0,0.7
11050,3066,2051.03,697.98,2163.02,912.8,1,0.78
11050,3135,2606.17,729.69,2726.68,972.62,0,0.74
11050,3186,1654.7,560.22,1754.07,707.14,0,0.68
11060,2986,3802.04,952.77,3969.96,1218.96,0,0.79
11060,3066,2052.98,698.18,2164.68,908.74,1,0.77
11060,3135,2605.93,728.87,2727.2,973.2,0,0.78
11060,3186,1653.89,558.89,1755.11,707.34,0,0.71
11070,2986,3801.89,952.34,3970.71,1219.37,0,0.62
11070,3066,2055.28,698.55,2165.03,901.28,1,0.81
11070,3135,2606.25,728.92,2727.65,973.16,0,0.77
11070,3186,1654.05,565.59,1754.2,708.62,0,0.62
11080,3066,2053.97,697.91,2165.55,909.66,1,0.43
11080,3135,2606.66,728.62,2727.04,973.18,0,0.69
11080,3186,1654.25,568.99,1754.34,709.2,0,0.44
11090,3066,2052.71,697.57,2165.29,916.08,1,0.71
11090,3135,2606.84,728.85,2726.6,973.02,0,0.7
11090,3186,1654.43,571.37,1753.61,709.3,0,0.49
11090,2986,3801.08,952.84,3971.08,1218.59,0,0.78
11100,3066,2048.5,697.77,2163.68,919.96,1,0.56
11100,3135,2605.62,729.57,2726.11,973.41,0,0.69
11100,3186,1654.53,569.69,1753.82,708.78,0,0.65
11100,2986,3801.12,954.11,3970.86,1219.23,0,0.77
11110,3066,2047.7,696.91,2163.12,926,1,0.77
11110,3135,2605.6,729.9,2725.88,973.63,0,0.63
11110,3186,1654.46,572.51,1753.59,708.71,0,0.56
11110,2986,3801.42,954.08,3971.02,1219.12,0,0.8
11110,3056,2259.16,757.09,2377.67,1023.68,1,0.29
11120,3066,2049.28,697.9,2164.1,927.23,1,0.83
11120,3135,2605.15,730.47,2725.74,973.76,0,0.47
11120,3186,1654.88,570.66,1753.81,709.79,0,0.69
11120,2986,3800.31,954.98,3972.6,1218.94,0,0.68
11120,3056,2259.4,756.99,2377.74,1024.48,1,0.53
11120,3188,1889.76,632.63,1986.82,744.57,0,0.42
11130,3066,2051.59,699.23,2164.26,929.57,1,0.83
11130,3135,2605.22,731.3,2725.52,972.62,0,0.48
11130,3186,1654.74,571.05,1754.18,709.75,0,0.34
11130,2986,3801.61,952.76,3971.17,1219.29,0,0.78
11140,3066,2052.24,699.24,2163.93,930.55,1,0.83
11140,3135,2605.69,730.91,2725.83,973.19,0,0.6
11140,3186,1653.89,569.61,1753.93,709.6,0,0.39
11140,2986,3801.07,952.81,3971.98,1219.58,0,0.67
11150,3066,2051.09,700.54,2163.1,929.66,1,0.83
11150,3135,2607.1,729.68,2726.63,973.13,0,0.72
11150,3186,1653.98,569.31,1753.53,710.7,0,0.67
11150,2986,3801.99,954.65,3970.49,1219.22,0,0.78
11150,3188,1887.7,632.2,1986.61,746.8,0,0.27
11160,3066,2051.16,700.55,2162.51,929.36,1,0.84
11160,3135,2606.89,729.17,2726.97,973.82,0,0.77
11160,3186,1653.92,569.69,1752.79,711.56,0,0.57
11160,2986,3801.11,954.75,3971.16,1219.59,0,0.71
11160,3188,1890.32,626.32,1991.13,743.3,0,0.49
11170,3066,2051.58,700.72,2162.5,923.77,1,0.81
11170,3135,2607.3,728.92,2727.21,973.89,0,0.74
11170,3186,1654.76,570.87,1751.94,709.33,0,0.81
11170,2986,3802.05,954.55,3970.07,1219.45,0,0.75
11170,3188,1896.71,618.07,1998.16,732.67,0,0.76
11180,3066,2053.75,701.09,2163.19,916.37,1,0.89
11180,3135,2606.61,729.1,2727.2,974.55,0,0.77
11180,3186,1654.96,564.99,1752.99,706.85,0,0.87
11180,2986,3802.15,953.74,3971.48,1219.71,0,0.71
11180,3188,1900.46,611.72,2002.99,732.61,0,0.79
11190,3066,2053.31,699.09,2163.77,913.67,1,0.87
11190,3135,2605.79,729.12,2727.08,974.83,0,0.79
11190,3186,1654.83,569.8,1753.1,707.87,0,0.47
11190,2986,3802.48,953.37,3973.92,1220.35,0,0.75
11190,3188,1906.93,609.58,2009.04,732.19,0,0.78
11200,3066,2054.73,699.95,2164.59,913.65,1,0.85
11200,3135,2605.93,728.66,2727.03,974.57,0,0.71
11200,3186,1656.73,571.33,1752.47,711.37,0,0.55
11200,2986,3803.44,954.72,3972.66,1220.96,0,0.59
11200,3188,1918.15,600.86,2022.76,730.37,0,0.67
11210,3066,2052.88,699.93,2165.25,914.78,1,0.87
11210,3135,2605.86,728.85,2726.89,974.41,0,0.71
11210,3186,1659.43,570.09,1755.53,710.02,0,0.75
11210,2986,3802.41,955.15,3972.9,1221.36,0,0.36
11210,3188,1931.25,589.22,2032.67,724.66,0,0.88
11220,3066,2053.6,701.14,2165.62,918.2,1,0.89
11220,3135,2606.01,729.21,2726.92,974.7,0,0.72
11220,3186,1660.44,570.65,1756.21,710.35,0,0.71
11220,2986,3803.65,955.22,3972.32,1221.51,0,0.52
11220,3188,1941.09,575.4,2039.99,721.85,0,0.6
11230,3066,2054.5,700.09,2164.83,916.35,1,0.69
11230,3135,2607.55,729.52,2727.02,973.16,0,0.63
11230,3186,1660.73,569.25,1756.66,709.59,0,0.73
11230,2986,3802.25,955.26,3973.51,1222.04,0,0.73
11230,3188,1938.52,553.93,2038.84,711.26,0,0.57
11240,3066,2055.1,700.58,2163.9,919.07,1,0.86
11240,3135,2608.11,729.67,2727.18,972.78,0,0.56
11240,3186,1657.29,568.71,1753.53,708.98,0,0.69
11240,2986,3803.34,953.6,3973.8,1222.24,0,0.8
11240,3188,1932.66,547.01,2033.03,709.85,0,0.61
11250,3066,2054.68,699.89,2164.14,923.79,1,0.87
11250,3135,2607.55,729.16,2727.58,974.81,0,0.72
11250,3186,1657.16,568.98,1752.51,710.11,0,0.7
11250,2986,3803.45,954.71,3975.29,1222.25,0,0.79
11250,3188,1927.88,541.24,2025.38,711.8,0,0.77
11260,3066,2055.5,700.4,2164.16,921.53,1,0.82
11260,3135,2607.79,730.78,2728.02,977.12,0,0.91
11260,3186,1659.77,569.83,1751.08,708.18,0,0.59
11260,2986,3804.64,953.48,3976.1,1222.11,0,0.86
11260,3188,1925.22,537.91,2023.93,711.02,0,0.83
11270,3066,2055.74,700.61,2164.31,919.71,1,0.73
11270,3135,2610.41,730.97,2728.51,976.9,0,0.8
11270,3186,1659.44,570.59,1751.88,709.02,0,0.78
11270,2986,3806.05,953.07,3976.21,1222.82,0,0.84
11270,3188,1923.54,534.91,2023.3,710.76,0,0.8
11280,3066,2052.51,700.28,2164.26,916.14,1,0.74
11280,3135,2611.06,729.87,2727.85,975.27,0,0.66
11280,3186,1658.56,569.11,1750.5,708.98,0,0.53
11280,2986,3804.12,952.55,3976.05,1222.06,0,0.82
11290,3066,2051.07,699.38,2164.19,915.91,1,0.79
11290,3135,2609.17,729.81,2726.77,973.4,0,0.65
11290,3186,1656.65,569.96,1749.55,708.41,0,0.57
11290,2986,3804.41,954.7,3974.72,1220.93,0,0.78
11290,3188,1923.83,533.79,2023.34,709.32,0,0.48
11300,3066,2053.3,698.72,2164.81,912.75,1,0.83
11300,3135,2609.39,729.15,2726.99,973.01,0,0.69
11300,3186,1656.37,571.79,1748.41,709.54,0,0.59
11300,2986,3802.91,956.16,3974.11,1221.41,0,0.71
11300,3188,1923.2,536.55,2023.22,710.68,0,0.86
11310,3066,2054.23,698.17,2165.74,918.67,1,0.77
11310,3135,2609.38,728.28,2727.04,973,0,0.71
11310,3186,1656.03,572.45,1748.68,709.63,0,0.31
11310,2986,3804,955.19,3972.81,1221.48,0,0.52
11310,3188,1923.27,538.23,2023.63,712.18,0,0.89
11320,3066,2053.66,698.06,2165.64,919.3,1,0.76
11320,3135,2610.13,727.81,2727.11,973.03,0,0.68
11320,3186,1655.82,571.6,1748.76,709.71,0,0.62
11320,2986,3804.2,955.2,3972.91,1221.53,0,0.74
11320,3188,1923.72,537.11,2024.59,711.88,0,0.85
11330,3066,2051.05,699.57,2164.14,923.53,1,0.73
11330,3135,2609.19,728.72,2727.08,974.26,0,0.59
11330,3186,1655.69,572.31,1748.9,709.54,0,0.53
11330,2986,3802.86,955.03,3975.12,1220.8,0,0.79
11330,3188,1923.03,534.9,2023.83,711.24,0,0.72
11340,3066,2050.36,700.33,2164.42,921.23,1,0.8
11340,3135,2607.22,729.77,2726.17,973.7,0,0.61
11340,3186,1656.09,572.96,1749.33,709.04,0,0.61
11340,2986,3803.25,952.3,3974.84,1220.86,0,0.75
11340,3188,1924,539.63,2024.91,711.84,0,0.82
11350,3066,2052.59,700.22,2165,922.25,1,0.77
11350,3135,2605.7,730.05,2726.62,973.01,0,0.63
11350,3186,1656.27,571.51,1745.8,707.91,0,0.39
11350,2986,3809.06,951.06,3975.07,1221.34,0,0.75
11350,3188,1926.64,541.5,2027.12,708.91,0,0.7
11360,3066,2051.12,699.88,2164.96,923.59,1,0.79
11360,3135,2606.51,730.02,2727.09,973.19,0,0.74
11360,3186,1656.49,572.76,1747.28,709.02,0,0.63
11360,2986,3813.89,949.19,3976,1221.48,0,0.63
11360,3188,1926.85,544.08,2027.9,710.12,0,0.79
11370,3066,2050.94,698.99,2165.38,923.92,1,0.8
11370,3135,2609.39,727.92,2728.04,969.66,0,0.91
11370,3186,1655.73,567.24,1747.48,708.22,0,0.63
11370,2986,3811.69,948.14,3975.29,1221.64,0,0.85
11370,3188,1926.56,540.97,2029.17,712.81,0,0.83
11380,3066,2052.21,700.12,2164.73,920.78,1,0.79
11380,3135,2609.39,728.79,2728.88,970.76,0,0.57
11380,3186,1655.14,570.37,1752.56,709.62,0,0.79
11380,2986,3808.44,951.42,3972.1,1220.43,0,0.66
11380,3188,1924.88,536.81,2025.53,713.19,0,0.75
11390,3066,2053.04,697.92,2164.76,914.92,1,0.8
11390,3135,2609.43,729.74,2728.1,972.45,1,0.62
11390,3186,1656.29,568.64,1751.26,709.97,0,0.4
11390,2986,3807.98,953.49,3969.88,1219.35,0,0.56
11390,3188,1925.46,523.42,2017.2,695.25,0,0.85
11390,3265,2442.68,755.48,2560.57,992.96,1,0.91
11390,3268,2609.37,730.09,2727.94,973.09,0,0.45
11390,3269,4009.67,852.92,4095.99,1011.99,0,0.52
11400,3066,2055.98,679.96,2163.68,891.48,0,0.55
11400,3135,2606.66,728.38,2726.76,971.02,1,0.26
11400,3186,1670.42,556.36,1768.39,710.06,0,0.68
11400,2986,3809.52,950.41,3973.93,1221.4,0,0.86
11400,3265,2436.99,687.33,2550.11,904.53,1,0.83
11400,3268,2606.11,728.24,2726.46,970.97,0,0.62
11400,3269,3993.89,852.03,4094.94,1005.35,0,0.54
11410,3066,2065.15,651.96,2166.4,855.81,0,0.7
11410,3186,1684.2,527.36,1778.11,688.24,0,0.82
11410,2986,3804.47,944.21,3967.91,1216.89,0,0.62
11410,3268,2594.41,708.51,2711.26,941.81,0,0.76
11410,3269,3989.08,848.98,4094.08,1001.68,0,0.5
11410,3188,1934.95,475.95,2019.93,617.82,0,0.65
11420,3066,2072.72,610.65,2170.61,807.33,0,0.82
11420,3186,1689.67,487.51,1777.14,646.99,0,0.9
11420,2986,3782.43,932.47,3929.72,1197.19,0,0.73
11420,3268,2577.88,668.56,2687.27,894.38,0,0.63
11420,3188,1954.62,437.31,2029.93,576.15,0,0.8
11430,3066,2085.87,567.54,2177.63,751.23,0,0.85
11430,3186,1689.88,441.64,1766.44,585.8,0,0.83
11430,3268,2552.57,618.82,2657.12,826.2,0,0.82
11430,3188,1965.56,402.68,2035.67,530.43,0,0.5
11430,3278,2275.81,625.36,2368.06,839.97,0,0.7
11440,3066,2081.14,523.17,2167.62,693.15,0,0.89
11440,3188,1964.89,368.92,2031.39,486.71,0,0.56
11440,3278,2272.8,590.24,2360.03,787.99,0,0.55
11440,3265,2481.54,549.95,2588.72,747.33,0,0.92
11450,3188,1958.19,341.77,2014.06,447.21,0,0.83
11450,3278,2286.09,553.23,2365.77,732.9,0,0.6
11450,3287,1817.58,367.07,1909.93,491.17,0,0.67
11460,3188,1943.89,318.61,1996.28,424.02,0,0.51
11460,3278,2281.01,533.18,2351.59,697.07,0,0.58
11470,3305,3183.15,629.45,3316.84,827.75,0,0.91
11480,3278,2263.7,456.65,2328.32,606.99,0,0.73
11490,3265,2513,445.74,2607.29,598.61,0,0.66
11500,3335,633.52,746.15,755.67,976.25,3,0.86
11530,3335,643.34,782.6,756.21,1016.13,3,0.68
11560,3335,629.9,742.01,747.85,968.88,3,0.9
11570,3387,452.92,864.38,592.68,1129.44,3,0.75
11570,3335,616.8,709.97,735.7,934.06,3,0.83
11580,3394,172.15,1038.36,359.05,1369.91,3,0.55
11580,3398,169.49,1038.74,368.69,1368.96,3,0.9
11650,3422,973.39,469.61,1056.53,617.93,0,0.67
11660,3335,580.02,737.55,693.93,960.56,3,0.73
11670,3387,420.82,847.61,553.93,1099.1,3,0.74
11700,3443,849.84,611.49,959.05,814.15,0,0.78
11710,3335,570.97,728.5,689.11,965.57,0,0.46
11720,3387,446.34,814.98,575.63,1077.14,1,0.55
11740,3471,1156.17,320.09,1219.08,431.14,0,0.49
11740,3394,93.65,1069.98,290.71,1377.47,3,0.64
11750,3471,1154.75,326.58,1219.95,444.33,0,0.61
11770,3471,1151.41,365.46,1215.66,486.53,0,0.56
11780,3482,2010.36,471.55,2093.88,645.73,0,0.91
11780,3471,1130.12,390.42,1199.41,523.43,0,0.65
11790,3482,2025.71,431.62,2104.12,586.45,0,0.84
11800,3482,2034.84,386.57,2111.52,523.77,0,0.72
11800,3422,1003.96,471.57,1091.67,645.92,0,0.68
11810,3482,2040.34,354.25,2107,485.9,0,0.41
11990,3515,2369.96,480.47,2462.35,649.61,0,0.81
12000,3515,2376.18,433.44,2466.39,589.75,0,0.91
12010,3515,2389.15,386.25,2471.37,535.93,0,0.74
12090,3563,2789.44,546.61,2888.81,731.6,0,0.74
12100,3563,2793.6,584.2,2903.02,795.8,0,0.83
12110,3563,2813.91,648.34,2925.14,867.87,0,0.7
12120,3563,2833.47,722.42,2943.73,944.59,0,0.82
12120,3571,1922.63,415,1990.41,548.07,0,0.81
12150,3577,2929.84,920.91,3074.99,1195.55,1,0.9
12180,3563,2873.01,1007.41,3038.2,1305.07,3,0.98
12190,3584,2691.1,1140.19,2890.21,1493.89,3,0.97
12200,3584,2674.09,1082.52,2898.37,1495.28,3,0.93
12210,3584,2680.34,1114.74,2891.01,1493.05,3,0.91
12220,3584,2684.95,1120.53,2893.54,1490.53,3,0.99
12230,3584,2690.46,1113.95,2894.57,1486.66,3,0.92
12240,3584,2689.33,1121.67,2898.68,1474.68,3,0.94
12240,3591,2679.2,1116.83,2897.21,1528.04,3,0.6
12250,3591,2655.37,1141.92,2873.54,1524.9,3,0.97
12260,3591,2667.43,1183.86,2883.48,1591.28,3,0.99
12260,3595,2044.71,1397.63,2397,2028.94,3,0.74
12260,3584,2676.11,1178.33,2891.71,1588,3,0.8
12270,3595,2044.12,1312.23,2372.88,1892.69,3,0.62
12270,3584,2714.65,1271.11,2926.79,1705.11,1,0.67
12300,3604,2170.18,1098.23,2325.9,1364.33,1,0.8
12310,3604,2188.78,1035.92,2320.19,1280.74,0,0.67
12320,3604,2202.14,972.76,2331.92,1213.2,1,0.93
12320,3615,1403.61,747.88,1538.17,994.74,3,0.91
12330,3604,2211.32,925.53,2330.54,1165.83,1,0.85
12330,3615,1423.74,697.81,1547.35,933.26,3,0.88
12340,3604,2213.26,887.07,2324.5,1122.15,1,0.86
12340,3615,1430.9,660.33,1548.3,874.42,0,0.47
12350,3604,2219.64,862.81,2332.92,1095.02,1,0.57
12350,3615,1404.56,642.69,1524.8,848.27,0,0.92
12360,3604,2216.53,840.54,2331.96,1062.59,1,0.57
12360,3615,1351.97,631.37,1491.77,834.54,3,0.56
12370,3604,2212.93,815.25,2344.96,1050.27,1,0.56
12370,3615,1376.69,587.84,1546.74,777.88,0,0.88
12380,3604,2207.09,800.43,2337.19,1021.84,0,0.54
12380,3636,2203.48,811.38,2335,1032.7,1,0.48
12380,3577,2837.98,1034.45,3091.85,1312.46,3,0.93
12390,3636,2182.53,802.07,2302.56,1017.73,0,0.47
12400,3636,2177.86,790.96,2291.18,1011.18,1,0.8
12410,3636,2183.04,781.74,2296.07,1002.04,1,0.6
12420,3636,2177.04,780.66,2292.87,998.47,1,0.55
12430,3636,2171.09,780.94,2292.17,999.53,0,0.66
12440,3636,2168.72,781.54,2291.1,999.24,1,0.49
12440,3664,2363.14,945.14,2498.81,1238.92,0,0.86
12450,3664,2368.75,890.57,2497.89,1178.59,0,0.56
12460,3664,2363.64,866.18,2492.51,1130.13,0,0.91
12460,3636,2171.53,782.74,2293.26,1003.09,1,0.76
12470,3664,2362.44,849.89,2496.12,1114.12,0,0.94
12470,3636,2174.4,784.65,2295.64,1004.94,1,0.85
12480,3664,2364.6,853.43,2497.21,1117.68,0,0.93
12480,3636,2174.57,785.84,2294.44,1005.34,1,0.82
12490,3664,2363.14,855.23,2496.13,1121.72,0,0.97
12490,3636,2173.73,786.64,2294.26,1008.04,1,0.91
12500,3664,2366.31,855.07,2496.62,1119.11,0,0.96
12500,3636,2173.04,787.07,2290.62,1010.51,1,0.84
12500,3681,2220.74,981.05,2366.52,1277.15,0,0.82
12510,3664,2365.07,855.3,2497.8,1118.25,0,0.95
12510,3636,2169.57,786.3,2289.59,1009.09,1,0.86
12510,3681,2203.58,967.25,2351.91,1263.78,0,0.87
12510,3591,2713.07,1653.07,2969.14,2110.79,0,0.87
12520,3664,2365.65,854.82,2498.3,1119.66,0,0.96
12520,3636,2168.21,786.82,2290.13,1015.25,1,0.85
12520,3681,2204.19,969.49,2348.67,1255.56,0,0.81
12530,3664,2367.78,856.69,2497.3,1119.06,0,0.97
12530,3636,2169.67,786.91,2291.29,1015.18,1,0.74
12530,3681,2204.73,967.84,2350.92,1251.42,0,0.88
12540,3664,2368.54,856.29,2498.42,1118.19,0,0.97
12540,3636,2170.66,786.75,2291.86,1014.52,1,0.64
12540,3681,2205.63,965.3,2353.92,1245.18,0,0.87
12550,3664,2368.8,860.5,2497.3,1120.12,0,0.95
12550,3636,2171.08,787.49,2291.49,1013.49,1,0.8
12550,3681,2207.13,965.6,2352.93,1249.65,0,0.8
12550,3693,2605.64,944.22,2751.39,1220.7,0,0.77
12560,3664,2367.16,862.83,2493.43,1119.47,0,0.96
12560,3636,2170.91,787.87,2290.96,1013.77,1,0.82
12560,3681,2209.47,967.31,2353.58,1252.36,0,0.81
12560,3693,2605.64,889.79,2739.57,1143.81,0,0.81
12570,3664,2365.79,862.49,2491.11,1123.51,0,0.96
12570,3636,2168.61,787.94,2290.83,1015.15,1,0.8
12570,3681,2210.84,968.52,2352.67,1252.66,0,0.83
12570,3693,2625.95,827.99,2766.69,1073.71,0,0.49
12580,3664,2365.22,864.56,2491.67,1124.45,0,0.97
12580,3636,2170.66,785.79,2293.22,1016.35,1,0.7
12580,3681,2210.87,969,2353.13,1252.58,0,0.88
12580,3693,2663.73,780.62,2802.48,1017.88,3,0.9
12590,3664,2365.76,863.65,2493.14,1127.63,0,0.97
12590,3681,2212.22,968.1,2353.74,1251.44,0,0.89
12590,3693,2700.85,754.26,2837.59,987.21,3,0.6
12600,3664,2364.05,860.69,2494.19,1128.02,0,0.96
12600,3681,2213.6,971.77,2348.28,1248.3,0,0.85
12600,3693,2723.09,740.64,2854.68,966.84,3,0.75
12600,3704,2719.65,751.95,2850.92,980.18,0,0.43
12600,3636,2193.26,781.12,2299.96,1006.8,1,0.53
12610,3664,2364.74,858.72,2495.46,1127.14,0,0.96
12610,3681,2212.65,970.68,2350.16,1250.16,0,0.83
12610,3693,2731.41,731.26,2865.68,947.64,1,0.4
12610,3704,2724.18,743.01,2859.27,961.36,3,0.73
12610,3636,2201.37,782.64,2304.16,1004.48,1,0.77
12620,3664,2364.2,860.36,2494.73,1126.05,0,0.97
12620,3681,2210.82,967.99,2354.38,1250.59,0,0.74
12620,3704,2729.2,737,2860.97,932.26,0,0.46
12620,3636,2199.12,781.84,2306.75,1006.2,1,0.86
12620,3707,2687.61,842.52,2822.52,1092.53,0,0.65
12630,3664,2367.18,861.7,2495.59,1128.29,0,0.96
12630,3681,2209.96,969.25,2356.36,1252.63,0,0.85
12630,3704,2716.92,738.49,2859.23,951.8,0,0.42
12630,3636,2183.23,783.82,2298.33,1010.67,1,0.62
12640,3664,2366.57,862.29,2495.8,1127.29,0,0.96
12640,3681,2209.93,969.03,2356.98,1251.65,0,0.85
12640,3704,2717.06,740.88,2857.38,959.7,3,0.48
12640,3636,2176.67,784.95,2293.79,1012.16,1,0.61
12640,3708,2641.82,786.84,2776.91,1020.19,0,0.57
12640,3709,2716.64,742.39,2856.27,964,0,0.35
12650,3664,2365.88,861.33,2496.3,1129.23,0,0.96
12650,3681,2208.54,970.24,2354.93,1251.53,0,0.82
12650,3704,2715.06,740.76,2860.69,960.46,3,0.67
12650,3636,2174.9,786.02,2292.56,1010.94,1,0.6
12650,3709,2730.68,747.21,2871.47,970.2,3,0.3
12650,3711,2191.72,782.68,2307.07,1008.28,1,0.44
12660,3664,2365.5,862.43,2496.37,1128.01,0,0.96
12660,3681,2204.71,971.33,2352.83,1257.25,0,0.84
12660,3704,2716.87,738.58,2857.74,957.19,3,0.58
12660,3711,2190.82,781.36,2302.9,1006.89,1,0.69
12660,3708,2653.63,798.57,2785.22,1044.35,0,0.67
12670,3664,2365.23,862.57,2495.81,1128.81,0,0.96
12670,3681,2203.97,969.74,2352.68,1259.61,0,0.68
12670,3704,2724.51,739.61,2857.43,956.24,3,0.55
12670,3711,2189.06,780.91,2301.17,1007.69,1,0.57
12670,3708,2658.12,806.84,2786.42,1048.24,0,0.83
12680,3664,2363.77,863.67,2494.25,1130.86,0,0.96
12680,3681,2205.68,972.36,2351.53,1250.86,0,0.71
12680,3704,2727.36,740.49,2856.7,956.98,3,0.58
12680,3711,2190.66,780.96,2301.99,1004.93,1,0.7
12680,3708,2661.69,810.11,2789.44,1049.44,0,0.87
12690,3664,2362,863.72,2492.9,1131.09,0,0.96
12690,3681,2206.28,973.58,2351.03,1247.37,0,0.72
12690,3711,2192.18,782.26,2302.07,1002.59,1,0.57
12690,3708,2663.41,807.65,2791.27,1049.59,0,0.88
12700,3664,2360.78,863.55,2491.93,1131.89,0,0.97
12700,3681,2207.52,973.06,2350.25,1246.81,0,0.86
12700,3711,2195.3,781.99,2303.54,1002.96,1,0.53
12700,3708,2664.43,803.83,2794.57,1048.97,0,0.77
12710,3664,2361.65,863.16,2493.3,1129.78,0,0.96
12710,3681,2207.05,974.32,2351.17,1245.84,0,0.85
12710,3711,2198.65,782.25,2306.69,1004.99,1,0.57
12710,3708,2663.21,802.09,2789.96,1047.47,0,0.48
12710,3704,2729.04,746.23,2853.71,960.35,3,0.58
12720,3664,2362.05,862.87,2493.56,1127.87,0,0.95
12720,3681,2205.83,971.47,2352.34,1245.57,0,0.83
12720,3708,2663.3,803.68,2789.86,1046.8,0,0.71
12720,3704,2732.06,748.24,2854.46,959.87,3,0.33
12730,3664,2361.73,862.71,2491.92,1127.65,0,0.94
12730,3681,2208.11,971.21,2354.45,1247.3,0,0.86
12730,3708,2663.36,799.93,2791.81,1046.65,0,0.87
12730,3704,2732.47,747.65,2853.42,961.92,1,0.25
12740,3664,2360.91,862.01,2491.28,1128.16,0,0.95
12740,3681,2209.28,973.85,2354.23,1248.01,0,0.86
12740,3708,2664.45,801.36,2792.73,1046.75,0,0.91
12740,3704,2726.94,744.92,2854.61,964.93,0,0.32
12740,3711,2188.61,780.56,2300.93,1006.42,1,0.35
12750,3664,2361.89,862.44,2492.77,1127.87,0,0.95
12750,3681,2207.07,973.08,2353.51,1256.98,0,0.65
12750,3708,2662.55,803.96,2795.99,1047.57,0,0.89
12760,3664,2362.68,861.97,2493.67,1128.08,0,0.96
12760,3681,2205.76,972.66,2352.82,1258.91,0,0.65
12760,3708,2664.2,804.28,2796.73,1047.85,0,0.88
12760,3636,2169.08,786.64,2294.64,1013.68,1,0.59
12760,3704,2726.23,742.89,2855.78,962.65,3,0.45
12770,3664,2363.49,862.14,2494.64,1129.13,0,0.95
12770,3681,2206.29,971.15,2353.81,1252.91,0,0.87
12770,3708,2665.62,803.32,2796.49,1047.88,0,0.91
12770,3745,2728.46,746.12,2855.99,962.32,3,0.32
12770,3636,2169.8,787.08,2292.78,1016.09,1,0.7
12770,3704,2728.13,745.71,2855.96,962.47,1,0.49
12780,3664,2365.09,862.48,2494.77,1128.1,0,0.95
12780,3681,2208.16,967.21,2357.21,1248.38,0,0.88
12780,3708,2662.04,799.31,2792.44,1039.12,0,0.61
12780,3636,2172.05,786.66,2293.2,1014.23,1,0.81
12780,3704,2719.51,743.11,2855.32,961.84,3,0.29
12790,3664,2365.53,861.56,2495.3,1127.8,0,0.96
12790,3681,2207.62,969.41,2356.59,1251.73,0,0.68
12790,3708,2661.63,796.59,2793.05,1042.74,0,0.82
12790,3636,2175.17,785.6,2294.8,1012.68,1,0.74
12790,3704,2706.96,740.75,2854.79,957.83,0,0.54
12790,3711,2186.92,779.83,2301.18,1010.28,1,0.4
12800,3664,2363.38,863.07,2494.8,1129.78,0,0.96
12800,3681,2206.06,971.89,2354.68,1250.98,0,0.76
12800,3708,2662.97,801.87,2794.94,1046.28,0,0.87
12800,3636,2176.53,785.37,2292.7,1009.76,1,0.35
12800,3704,2713.28,744.43,2853.4,955.16,3,0.48
12810,3664,2362.63,863.03,2494.79,1130.75,0,0.96
12810,3681,2206.05,972.08,2353.41,1250.53,0,0.85
12810,3708,2662.74,803.18,2794.5,1047.36,0,0.9
12810,3636,2176.18,784.74,2293.92,1010.83,1,0.33
12810,3704,2714.28,743.88,2856.31,954.84,1,0.48
12810,3757,2715.95,744.12,2856.8,954.9,3,0.41
12820,3664,2362.52,864.06,2494.1,1130.63,0,0.95
12820,3681,2205.17,970.86,2353.31,1250.53,0,0.8
12820,3708,2664.27,802.55,2794.25,1047.6,0,0.88
12820,3636,2172.3,784.51,2293.94,1012.81,1,0.54
12820,3704,2714.21,744.48,2857.2,956.81,1,0.25
12820,3757,2715.02,744.62,2857.39,957.44,3,0.4
12830,3664,2360.83,862.22,2493.27,1129.06,0,0.94
12830,3681,2206.88,972.35,2352.63,1244.05,0,0.83
12830,3708,2664.51,801.75,2796.36,1047.67,0,0.72
12830,3636,2169.32,786.69,2292.07,1013.45,1,0.71
12830,3704,2717.38,744.36,2857.04,956.64,3,0.53
12840,3664,2361.33,861.11,2492.91,1126.88,0,0.94
12840,3681,2208.51,966.02,2358.09,1249.04,0,0.78
12840,3708,2665.77,801.4,2795.73,1047.52,0,0.82
12840,3636,2169.39,787.67,2292.63,1014.33,1,0.71
12840,3704,2718.89,743.43,2856.99,958.69,1,0.56
12850,3664,2364.34,862.26,2494.55,1125.68,0,0.95
12850,3681,2207.02,964.83,2359.22,1247.63,0,0.86
12850,3708,2665.19,803.1,2794.31,1047.96,0,0.85
12850,3636,2169.65,787.23,2291.76,1013.75,1,0.51
12850,3704,2718.49,745.25,2857.08,955.61,3,0.45
12860,3664,2365.77,862.86,2495.15,1125.28,0,0.96
12860,3681,2206.28,964.93,2359.56,1247.64,0,0.84
12860,3708,2664.94,803.96,2794.27,1047,0,0.81
12860,3636,2168.68,786.62,2291.46,1014.57,1,0.51
12860,3704,2718.65,745.31,2857.25,956.54,1,0.7
12860,3761,2718.8,745.48,2857.22,956.65,3,0.44
12870,3664,2365.5,862.74,2495.1,1125.13,0,0.96
12870,3681,2206.18,966.43,2358.99,1247.35,0,0.82
12870,3708,2664.79,804.13,2794.66,1047.35,0,0.83
12870,3636,2169.63,785.68,2291.84,1014.34,1,0.4
12870,3704,2719.19,744.77,2856.69,956.64,3,0.47
12870,3761,2719.42,744.67,2856.52,956.83,1,0.57
12880,3664,2363.54,862.58,2495.89,1130.54,0,0.97
12880,3681,2207.08,970.19,2356.38,1248.78,0,0.83
12880,3708,2666.03,802.21,2795.39,1050.67,0,0.9
12880,3636,2170.74,786.73,2290.09,1010.8,1,0.37
12880,3704,2722.29,746.1,2857.29,960.52,3,0.26
12880,3761,2723.02,746.18,2857.24,961.34,1,0.41
12890,3664,2361.87,861.5,2494.57,1132.11,0,0.95
12890,3681,2206.65,970.79,2355.93,1248.44,0,0.77
12890,3708,2666.4,801.66,2795.52,1051.05,0,0.89
12890,3636,2171.16,787.1,2289.81,1009.6,1,0.39
12900,3664,2362.33,862.61,2494.57,1131.35,0,0.95
12900,3681,2207.46,970.94,2355.52,1248.63,0,0.86
12900,3708,2665.63,803.02,2793.77,1050.93,0,0.9
12900,3704,2721.37,745.23,2855.41,961.45,3,0.42
12910,3664,2361.54,861.92,2494.75,1130.89,0,0.95
12910,3681,2207.98,970.56,2355.8,1249.11,0,0.87
12910,3708,2665.18,803.95,2793.69,1051.02,0,0.89
12910,3704,2721.4,746.29,2854.63,961.39,3,0.56
12910,3636,2170.54,786.32,2290.24,1010.32,1,0.31
12920,3664,2362.13,861.86,2494.89,1130.03,0,0.95
12920,3681,2207.98,972.1,2354.9,1248.96,0,0.87
12920,3708,2665.38,802.4,2793.91,1051.21,0,0.88
12920,3704,2721.14,746.79,2854.42,961.55,3,0.54
12930,3664,2361.77,862.35,2494.52,1129.16,0,0.95
12930,3681,2206.68,970.33,2354.78,1250.85,0,0.75
12930,3708,2664.81,802.79,2792.34,1051.01,0,0.87
12930,3704,2719.99,746.34,2854.18,962.18,3,0.49
12930,3636,2172.28,786.25,2291.71,1010.38,1,0.26
12940,3664,2361.89,862.87,2493.33,1129.78,0,0.96
12940,3681,2205.71,968.56,2355.42,1251.08,0,0.73
12940,3708,2665.57,800.42,2794.04,1051.82,0,0.91
12940,3704,2721.03,745.81,2854.76,962.22,0,0.45
12940,3636,2171.63,786.3,2293.9,1011.47,1,0.68
12950,3664,2361.27,863.79,2493.06,1130.41,0,0.95
12950,3681,2207.45,969.54,2355.41,1250.5,0,0.84
12950,3708,2664.72,802.88,2793.52,1052.39,0,0.92
12950,3704,2713.55,741.68,2855.46,959.19,0,0.53
12950,3636,2187.46,782.7,2299.82,1007.47,1,0.41
12960,3664,2360.41,862.75,2493.45,1130.89,0,0.95
12960,3681,2208.51,970.35,2355.6,1250.76,0,0.83
12960,3708,2665.09,802.31,2793.54,1052.42,0,0.93
12960,3704,2725.68,739.94,2855.88,959.28,0,0.46
12960,3636,2194.18,781.33,2305.26,1007.57,1,0.57
12970,3664,2359.96,861.38,2493.96,1130.98,0,0.96
12970,3681,2209.06,971.07,2355.38,1250.5,0,0.83
12970,3708,2665.17,803.58,2793.25,1052.12,0,0.91
12970,3704,2728.87,742.6,2856.1,958.53,3,0.41
12970,3636,2197.79,780.79,2305.78,1006.74,1,0.53
12980,3664,2359.99,860.42,2493.99,1132.43,0,0.95
12980,3681,2209.99,970.78,2354.09,1249.68,0,0.85
12980,3708,2664.59,802.02,2794.8,1051.65,0,0.88
12980,3704,2723.94,743.72,2856.28,960.34,3,0.33
12980,3636,2181.8,784.29,2295.55,1009.55,1,0.49
12990,3664,2359.56,859.32,2493.79,1133.15,0,0.95
12990,3681,2209.73,970.9,2353.44,1248.83,0,0.85
12990,3708,2664.45,801.66,2795.29,1051.34,0,0.85
12990,3704,2723.63,745.57,2855.18,960.95,3,0.65
12990,3636,2175.82,785.87,2292.22,1010.47,1,0.5
13000,3664,2358.35,859.81,2492.42,1134.41,0,0.96
13000,3681,2209.26,970.31,2354.62,1249.73,0,0.81
13000,3708,2665.17,802.92,2792.21,1051.46,0,0.87
13000,3704,2719.98,745.8,2855.1,958.97,3,0.6
13000,3636,2174.35,786.25,2291.13,1010.64,1,0.47
13010,3664,2358.75,860.82,2491.83,1135.59,0,0.96
13010,3681,2209.11,969.94,2355.52,1250.16,0,0.82
13010,3708,2665.7,802.52,2791.67,1051.74,0,0.87
13010,3704,2720.64,747.76,2855.69,957.64,1,0.5
13010,3636,2173.84,785.59,2290.36,1010.92,1,0.33
13020,3664,2358.5,860.13,2492.12,1135.33,0,0.96
13020,3681,2209.19,969.3,2356.06,1250.08,0,0.82
13020,3708,2666.13,803.89,2791.5,1053.34,0,0.86
13020,3704,2719.05,747.9,2855.55,956.7,1,0.72
13020,3779,2718.91,747.96,2855.59,956.49,3,0.34
13030,3664,2359.68,859.84,2492.16,1133.17,0,0.96
13030,3681,2207.95,967.67,2357.41,1249.61,0,0.83
13030,3708,2666.29,804.74,2792.35,1053.68,0,0.85
13030,3704,2717.37,746.9,2854.95,956.62,1,0.55
13030,3779,2717.2,746.62,2854.84,956.68,3,0.64
13040,3664,2360.31,859.49,2492.42,1132.58,0,0.96
13040,3681,2207.3,967.53,2357.35,1249.6,0,0.82
13040,3708,2666.11,806.08,2792.11,1053.85,0,0.83
13040,3704,2715.98,746.71,2854.74,955.89,3,0.59
13040,3779,2715.72,746.39,2854.62,955.91,1,0.69
13040,3636,2178.54,782.08,2292.5,1010.18,1,0.29
13050,3664,2361.21,863.73,2491.95,1132.01,0,0.96
13050,3681,2207.95,969.35,2355.17,1249.94,0,0.82
13050,3708,2667.51,805.88,2793.07,1053.83,0,0.88
13050,3704,2720.65,745.03,2853.3,956.56,1,0.42
13050,3779,2721.18,744.55,2853.04,956.72,3,0.59
13050,3636,2176.9,784.04,2291.46,1012.26,1,0.34
13060,3664,2361.28,862.93,2491.25,1132.16,0,0.97
13060,3681,2208.1,969.11,2355.26,1250.31,0,0.83
13060,3708,2667.69,804.8,2793.46,1053.88,0,0.87
13060,3704,2720.22,744.57,2853.3,957.1,3,0.6
13060,3779,2720.57,744.17,2853.15,957.3,1,0.32
13060,3636,2175.55,785.36,2290.72,1013.89,1,0.46
13070,3664,2362.02,862.8,2491.75,1131.69,0,0.96
13070,3681,2208.43,969.59,2354.95,1250.26,0,0.81
13070,3708,2668.09,806.23,2793.36,1053.73,0,0.85
13070,3704,2723.39,746.12,2853.64,955.77,3,0.64
13070,3779,2723.91,745.91,2853.55,955.86,1,0.31
13070,3636,2174.79,787.37,2290.32,1013.75,1,0.66
13070,3789,1050.83,310.78,1155.72,425.33,0,0.68
13080,3664,2363.12,860.4,2492.69,1131.67,0,0.96
13080,3681,2207.49,969.52,2354.79,1250.23,0,0.67
13080,3708,2667.24,805.36,2793.94,1054.06,0,0.87
13080,3704,2723.42,744.9,2853.31,959,3,0.5
13080,3636,2186.65,784.69,2295.13,1011.31,1,0.7
13090,3664,2363.15,861.66,2493.35,1132.82,0,0.96
13090,3681,2206.84,970.32,2354.93,1251.15,0,0.74
13090,3708,2666.7,805.52,2793.56,1053.87,0,0.88
13090,3704,2726.62,744.24,2854.37,959.5,3,0.49
13090,3636,2191.2,782.77,2296.7,1010.43,1,0.4
13100,3664,2362.44,863.11,2493.04,1132.19,0,0.95
13100,3681,2207.86,970.81,2354.2,1250.56,0,0.89
13100,3708,2667.02,804.2,2793.68,1053.48,0,0.89
13100,3704,2720.98,747.92,2853.6,959.55,3,0.43
13100,3636,2181.06,787.9,2291.55,1015.54,1,0.69
13110,3664,2361.66,864.03,2492.96,1131.92,0,0.95
13110,3681,2207.58,969.33,2354.52,1252.38,0,0.83
13110,3708,2667.21,803.15,2793.26,1052.94,0,0.89
13110,3704,2726.12,748.86,2854.28,960.13,3,0.46
13110,3636,2177.21,788.2,2290.87,1017.02,1,0.69
13120,3664,2361.98,863.56,2493.43,1130.19,0,0.95
13120,3681,2207.83,969.75,2354.44,1252.59,0,0.84
13120,3708,2667.19,798.84,2796.15,1047.15,0,0.55
13120,3704,2725.83,748.38,2854.44,961.11,3,0.29
13120,3636,2176.75,785.89,2292.29,1016.97,1,0.47
13130,3664,2363.81,863.34,2493.56,1131.1,0,0.95
13130,3681,2207.17,970.61,2355.05,1252.79,0,0.87
13130,3708,2666.91,803.59,2793.56,1048.74,0,0.85
13130,3704,2726.09,748.94,2853.79,959.11,3,0.56
13130,3636,2189.19,781.03,2299.41,1013.11,1,0.36
13140,3664,2364.33,863.96,2493.84,1130.38,0,0.94
13140,3681,2206.77,969.66,2354.7,1252.42,0,0.87
13140,3708,2665.75,805.26,2793.53,1049.61,0,0.83
13140,3704,2725.16,748.29,2854.46,957.93,3,0.73
13140,3636,2169.26,790.97,2285.19,1020.24,1,0.78
13150,3664,2363.59,864.67,2493.49,1129.59,0,0.94
13150,3681,2208.2,967.58,2356.39,1252.3,0,0.69
13150,3708,2668.16,798.31,2805.85,1021.17,0,0.39
13150,3704,2709.63,748.81,2853.93,958.22,3,0.63
13150,3636,2167.05,791.19,2287.78,1020.24,1,0.78
13160,3664,2363.44,865.03,2493.55,1130.08,0,0.94
13160,3681,2209.41,967.47,2357.91,1253.51,0,0.57
13160,3708,2665.55,802.58,2793.44,1039.87,0,0.68
13160,3704,2711.83,748.16,2852.4,948.6,1,0.56
13160,3636,2165.48,795.53,2284.32,1021.67,1,0.76
13170,3664,2363.17,865.57,2492.71,1131.03,0,0.95
13170,3681,2210.01,966.51,2358.49,1252.86,0,0.73
13170,3708,2665.61,805.81,2793.33,1048.01,0,0.88
13170,3704,2713.3,748.36,2853.66,951.31,3,0.69
13170,3636,2164.84,796.13,2283.77,1021.19,1,0.7
13170,3811,2714.54,748.26,2853.84,951.28,1,0.5
13180,3664,2363.62,866.76,2492.83,1133.71,0,0.96
13180,3681,2209.03,969.71,2356.41,1251.92,0,0.87
13180,3708,2665.93,805.81,2794.29,1050.13,0,0.86
13180,3704,2716.91,747.31,2853.66,955.04,1,0.37
13180,3636,2163.78,799.67,2281.37,1021.66,1,0.66
13180,3811,2718.19,747.09,2853.74,955.87,3,0.71
13190,3664,2363.38,865.37,2493.51,1135.4,0,0.96
13190,3681,2208.67,968.88,2355.84,1250.65,0,0.9
13190,3708,2665.72,802.01,2795.01,1050.46,0,0.9
13190,3704,2719.96,745.58,2853.64,957.58,1,0.3
13190,3636,2162.48,794.78,2281.69,1021.57,1,0.74
13190,3811,2721.34,745.14,2853.65,958.76,3,0.59
13200,3664,2365.02,865.84,2494.78,1133.6,0,0.96
13200,3681,2208.57,967.15,2356.82,1245.44,0,0.86
13200,3708,2667.13,802.61,2795.24,1050.79,0,0.6
13200,3704,2720.01,745.37,2852.79,957.67,3,0.45
13200,3636,2162.72,796.43,2277.33,1015.18,1,0.62
13210,3664,2364.9,863.87,2495.64,1132.46,0,0.96
13210,3681,2209.09,968.63,2358,1251.12,0,0.8
13210,3708,2668.23,804.07,2793.89,1052.45,0,0.86
13210,3704,2721.16,745.47,2851.6,959.35,3,0.51
13210,3636,2162.23,796.82,2278.03,1013.37,1,0.64
13220,3664,2364.46,863.53,2495.96,1131.71,0,0.95
13220,3681,2209.87,967.6,2358.29,1253.13,0,0.82
13220,3708,2667.99,806.4,2794.16,1053.27,0,0.75
13220,3704,2721.54,745.2,2852.79,958.77,3,0.52
13220,3636,2161.7,797.31,2277.38,1015.47,1,0.71
13230,3664,2365.06,864.85,2495.45,1134.11,0,0.96
13230,3681,2209.7,969.61,2356.76,1252.26,0,0.81
13230,3708,2667.92,804.51,2795.67,1052.7,0,0.84
13230,3704,2718.4,744.38,2852.4,958.8,3,0.47
13230,3636,2168.24,789.24,2276.34,1007.63,1,0.33
13240,3664,2364.54,864.42,2496.12,1135.87,0,0.95
13240,3681,2209.34,969.79,2356.32,1252.63,0,0.83
13240,3708,2667.49,803.28,2794.49,1050.69,0,0.85
13240,3704,2721.08,743.88,2852.24,959.3,3,0.41
13240,3824,1549.86,624.18,1688.33,830.68,0,0.55
13250,3664,2364.2,864.32,2494.41,1133.75,0,0.96
13250,3681,2210.4,970.71,2356.83,1249.3,0,0.82
13250,3708,2667.82,803.82,2794.18,1051.29,0,0.79
13250,3704,2722.24,746.06,2852.49,960.94,3,0.7
13250,3824,1557.59,613.19,1702.49,816.58,0,0.49
13250,3636,2169.41,783.81,2277.53,1001.93,1,0.51
13260,3664,2363.64,864.89,2494.09,1134.53,0,0.96
13260,3681,2211.15,968.5,2357.55,1251.09,0,0.88
13260,3708,2667.52,802.52,2794.77,1052.93,0,0.78
13260,3704,2716.42,746.14,2852.43,962.22,3,0.63
13260,3824,1560.23,609.89,1701.76,821.47,0,0.38
13260,3636,2164.65,792.31,2281.36,1009.74,1,0.5
13270,3664,2363.55,864.84,2493.09,1134.12,0,0.95
13270,3681,2211.36,969.61,2355.93,1250.33,0,0.8
13270,3708,2667.84,805.84,2793.04,1053.11,0,0.82
13270,3704,2713.81,745.88,2852.98,959.01,3,0.76
13270,3636,2162.89,795.58,2282.9,1013.41,1,0.67
13280,3664,2362.61,864.18,2493.97,1134.46,0,0.94
13280,3681,2210.65,967.95,2356.14,1246.77,0,0.81
13280,3704,2709.43,746.43,2854.04,960.57,1,0.54
13280,3824,1559.54,611.04,1699.23,824.51,0,0.41
13290,3664,2363.18,864.58,2493.42,1133.8,0,0.95
13290,3681,2208.98,970.54,2355.44,1247.94,0,0.8
13290,3704,2710.72,748.51,2853.18,958,3,0.48
13290,3824,1559.57,611.75,1697.83,822.98,0,0.35
13290,3708,2667.95,806.13,2801.19,1049.09,0,0.62
13290,3636,2193.73,783.06,2302.94,1007.16,1,0.56
13300,3664,2363.94,864.94,2494.68,1133.02,0,0.95
13300,3681,2209.46,970.07,2355.93,1248.57,0,0.86
13300,3704,2715.16,748.18,2849.85,956.51,1,0.5
13300,3824,1560.34,612.11,1697.99,822.94,0,0.34
13300,3830,2716.74,748.25,2849.02,955.98,3,0.48
13300,3708,2669.04,806.5,2798.58,1050.89,0,0.84
13300,3636,2212.1,781.18,2317.06,994.98,1,0.57
13310,3664,2364.42,864.84,2495.39,1133.19,0,0.96
13310,3681,2209.34,968.58,2356.35,1249.34,0,0.86
13310,3704,2718.42,747.1,2849.19,956.35,1,0.39
13310,3824,1560.29,612.22,1698.38,824.67,1,0.34
13310,3830,2719.46,746.87,2849.05,956.29,3,0.45
13310,3708,2668.91,804.23,2799.2,1052.49,0,0.85
13310,3636,2209.98,779.5,2313.84,997.15,1,0.36
13310,3831,2153.13,837.96,2233.22,1025.48,1,0.33
13320,3664,2365.12,865.36,2495.38,1132.88,0,0.95
13320,3681,2209.61,967.96,2357.42,1248.95,0,0.85
13320,3704,2715.39,746.86,2849.17,955.36,3,0.6
13320,3824,1560.16,611.9,1698.83,825.99,1,0.39
13320,3830,2715.3,746.6,2849.28,955.29,1,0.47
13320,3708,2668.63,805.38,2798.73,1053.09,0,0.83
13320,3636,2203.98,779.66,2307.8,995.45,1,0.52
13320,3833,1559.64,612.06,1698.71,826.71,0,0.34
13330,3664,2364.7,866.22,2494.25,1133.36,0,0.96
13330,3681,2209.71,969.46,2358.04,1249.66,0,0.85
13330,3704,2715.37,746.09,2848.94,956.26,3,0.65
13330,3830,2715.22,745.78,2849.09,956.4,1,0.38
13330,3708,2667.8,805.49,2796.19,1053.88,0,0.86
13330,3636,2202.69,780.23,2307.46,991.91,1,0.68
13340,3664,2363.91,866.33,2493.92,1133.56,0,0.95
13340,3681,2209.16,970.56,2358.09,1249.86,0,0.85
13340,3704,2714.53,745.19,2849.1,956.77,1,0.36
13340,3830,2714.32,744.88,2849.27,956.96,3,0.59
13340,3708,2667.02,804.41,2796.3,1054.69,0,0.85
13340,3824,1559.85,612.57,1697.56,824.12,0,0.27
13350,3664,2363.43,866.45,2493.25,1133.85,0,0.96
13350,3681,2208.88,970.45,2356.31,1249.23,0,0.87
13350,3708,2667.59,802.18,2798.62,1053.24,0,0.87
13350,3824,1559.65,613.8,1698.3,825.35,0,0.39
13350,3636,2201.97,779.42,2305.2,991.36,1,0.36
13360,3664,2364.01,864.84,2492.98,1135.67,0,0.95
13360,3681,2209.63,971,2355.83,1249,0,0.87
13360,3708,2667.68,802.42,2799.22,1052.93,0,0.87
13360,3824,1559.85,614.28,1697.41,823.79,0,0.36
13360,3636,2203.2,779.63,2306.72,989.87,1,0.45
13360,3704,2712.52,745.2,2849.21,957.09,3,0.45
13370,3664,2363.72,862.82,2492.76,1134.98,0,0.96
13370,3681,2209.74,971.2,2355.53,1250.51,0,0.86
13370,3708,2667.74,803.14,2798.31,1052.69,0,0.88
13370,3824,1560.3,612.71,1697.79,821.35,0,0.34
13370,3636,2199.34,778.18,2307.06,994.94,1,0.64
13370,3704,2715.42,745.49,2849.82,955.96,3,0.42
13380,3664,2363.98,863.47,2492.37,1134.97,0,0.96
13380,3681,2209.22,971.67,2355.11,1249.98,0,0.87
13380,3708,2666.93,803.94,2796.95,1052.99,0,0.87
13380,3824,1560.74,612.67,1697.76,821.1,0,0.4
13380,3636,2197.81,777.58,2306.73,997.86,1,0.57
13380,3704,2717.02,745.64,2850.65,958.72,3,0.53
13380,3845,1716.16,374.01,1848.78,500.83,0,0.67
13390,3664,2362.78,863.72,2492.23,1133.85,0,0.96
13390,3681,2207.95,971.35,2355.29,1248.73,0,0.84
13390,3708,2666.34,803.67,2794.87,1053.27,0,0.9
13390,3824,1559.65,620.41,1694.84,826.52,0,0.43
13390,3704,2728.95,737.09,2857.09,946.96,1,0.44
13400,3664,2361.45,863.47,2491.64,1133.13,0,0.95
13400,3681,2207.73,972.42,2355.18,1247.87,0,0.84
13400,3708,2666.25,803.13,2793.57,1053.17,0,0.91
13400,3824,1560.55,636.16,1685.69,828.06,0,0.56
13400,3704,2737.75,729.27,2866.19,930.92,3,0.35
13400,3636,2198.42,778.29,2303.22,991.98,1,0.5
13410,3664,2362.85,862.55,2493.38,1133.69,0,0.95
13410,3681,2207.66,973.26,2355.54,1248.27,0,0.83
13410,3708,2664.54,804.58,2792.3,1053.55,0,0.93
13410,3824,1559.11,625.96,1688.15,829.72,0,0.77
13410,3704,2736.65,723.28,2873.46,926.41,3,0.42
13410,3636,2189.81,778.48,2297.99,994.02,1,0.61
13420,3664,2363.64,862.12,2497.45,1133.86,0,0.94
13420,3681,2207.7,973.99,2356.46,1250.51,0,0.81
13420,3708,2662.26,803.14,2792.36,1052.33,0,0.91
13420,3824,1567.75,615.29,1708.76,816.96,0,0.73
13420,3704,2739.74,717.58,2871.48,923.72,3,0.56
13420,3636,2187.21,778.88,2295.97,990.38,1,0.64
13430,3664,2363.56,858.93,2499.39,1134.15,0,0.91
13430,3681,2207.79,975.83,2356.15,1250.81,0,0.72
13430,3824,1595.45,598.21,1728.06,801.45,0,0.65
13430,3704,2740.98,714.44,2870.61,919.62,3,0.75
13430,3636,2179.22,783.88,2296.44,1003.54,1,0.42
13440,3664,2364.29,857.94,2499.67,1135.33,0,0.88
13440,3681,2209.63,975.91,2356.02,1250.15,0,0.82
13440,3704,2754.48,717.98,2874.78,920.67,0,0.48
13440,3636,2179.14,786.65,2288.77,1006.23,1,0.63
13440,3708,2636.7,780.85,2763.01,1026.67,0,0.86
13450,3664,2364.57,857.87,2499.69,1136.57,0,0.91
13450,3681,2209.97,976.65,2355.84,1250,0,0.8
13450,3636,2172.28,792.18,2280.46,1008.96,1,0.5
13450,3882,1792.17,684.37,1898.3,893.1,0,0.95
13450,3708,2624.16,769.12,2754.95,1010.83,0,0.72
13450,3824,1634.42,566.83,1750.45,775.58,0,0.67
13460,3664,2364.78,858.29,2499.33,1136.4,0,0.92
13460,3681,2209.84,974.6,2356.86,1250.14,0,0.83
13460,3636,2171.68,791.85,2281.27,1007.06,1,0.37
13460,3882,1814.98,659.73,1924.42,886.51,0,0.92
13460,3708,2614.52,752.06,2747.65,992.4,0,0.77
13460,3824,1642.96,561.1,1753.99,768.11,0,0.72
13460,3704,2757.88,718.95,2874.53,925.69,3,0.51
13470,3664,2364.59,858.99,2499.02,1136.32,0,0.91
13470,3681,2208.32,976.22,2356.72,1249.98,0,0.83
13470,3636,2163.12,789.3,2282.15,1005.06,1,0.35
13470,3882,1824.68,644.84,1935.36,881.4,0,0.86
13470,3708,2594.91,746.94,2723.9,984.57,0,0.85
13470,3824,1646.83,558.62,1756.77,766.17,0,0.54
13470,3704,2749.02,722.9,2856.87,931.15,3,0.69
13480,3664,2365.03,860.3,2498.65,1133.98,0,0.93
13480,3681,2207.37,970.75,2357.35,1251.19,0,0.81
13480,3636,2165.46,761.7,2274.31,979.15,1,0.36
13480,3882,1827.42,646.45,1935.63,877.33,0,0.91
13480,3708,2588.38,745.07,2716.54,981.56,0,0.83
13480,3824,1648.71,558.21,1754.82,765.77,1,0.45
13480,3704,2746.26,721.68,2861.7,933.26,3,0.43
13490,3664,2366.8,858.27,2499.3,1132.46,0,0.71
13490,3681,2207.36,964.5,2359.45,1252.9,0,0.91
13490,3636,2156.11,735.84,2267.74,955.33,1,0.88
13490,3882,1828.49,649.68,1937.14,883.15,0,0.95
13490,3708,2590.95,742.67,2720.04,975.31,0,0.55
13490,3824,1648.03,558.37,1756.53,762.93,0,0.48
13490,3704,2746.46,719.51,2863.68,933.24,3,0.62
13500,3664,2367.16,856.21,2499.28,1131.2,0,0.66
13500,3681,2207.68,956.96,2361.31,1252.82,0,0.89
13500,3636,2149.64,721.35,2258.44,926.04,1,0.78
13500,3882,1827.97,650.54,1937.58,885.62,0,0.95
13500,3708,2587.88,744.36,2718.35,979.55,0,0.56
13500,3824,1648.21,556.66,1757.62,764.2,0,0.49
13500,3704,2745.53,721.51,2861.44,935.2,0,0.7
13500,3908,2370.48,851.78,2503.66,1130.25,0,0.5
13510,3664,2365.05,856.28,2499.89,1130.62,0,0.6
13510,3681,2207.14,956.56,2360.29,1252.85,0,0.92
13510,3636,2146.98,695.17,2255.85,896.67,1,0.67
13510,3882,1827.45,651.78,1936.97,886.67,0,0.95
13510,3708,2590.13,743.45,2722.82,973.6,0,0.63
13510,3824,1648.49,550.27,1755.65,763.56,1,0.41
13510,3704,2747.41,714.45,2863.88,924.88,3,0.63
13510,3908,2368.16,852.36,2504.37,1129.3,0,0.4
13520,3664,2363.68,857.6,2498.32,1132.24,0,0.79
13520,3681,2205.48,960.25,2359.02,1253.62,0,0.92
13520,3636,2136.88,679.34,2248.73,869.62,0,0.33
13520,3882,1826.32,652.15,1935.86,888.13,0,0.95
13520,3708,2591.49,743.83,2724.32,968.76,0,0.66
13520,3824,1647.44,555.13,1756.42,765.22,0,0.76
13520,3704,2745.75,703.25,2863.02,908.23,0,0.57
13530,3664,2362.52,858.42,2497.84,1135.09,0,0.92
13530,3681,2205.54,961.28,2358.64,1254.21,0,0.9
13530,3882,1824.53,651.89,1935.39,886.24,0,0.93
13530,3708,2588.12,744.35,2720.19,975.67,0,0.49
13530,3824,1648.7,557.15,1760.3,760.63,0,0.58
13530,3704,2732.4,682.56,2849.32,887,3,0.7
13540,3664,2363.44,848.83,2501.5,1126.03,0,0.95
13540,3681,2204.15,962.44,2358.9,1256.19,0,0.94
13540,3882,1825.9,653.58,1934.66,888.12,0,0.93
13540,3708,2587.71,746.58,2708.62,977.34,0,0.88
13540,3824,1661.15,548.07,1771.37,747.95,0,0.75
13540,3704,2699.04,660.7,2814.4,854.89,0,0.84
13540,3922,3885.41,820.02,4087,1049.51,0,0.74
13550,3664,2352.3,823.44,2481.92,1086.96,0,0.95
13550,3681,2205.49,961.25,2360.58,1255.5,0,0.93
13550,3882,1827.33,652.85,1933.67,887.33,0,0.9
13550,3708,2564.73,728.09,2683.67,951.17,0,0.68
13550,3824,1690.12,527.47,1802.66,724.73,0,0.64
13560,3681,2206.33,955.45,2366.69,1254.46,0,0.92
13560,3882,1828.27,651.68,1934.68,887.16,0,0.89
13570,3681,2206.85,955.21,2369.67,1251.13,0,0.93
13570,3882,1835.76,635.53,1939.47,861.87,0,0.47
13570,3941,1764.85,477.62,1863.32,650.95,0,0.81
13570,3943,2161.04,575.07,2288.72,762.71,0,0.8
13580,3681,2209.55,935.2,2364.12,1230.51,0,0.91
13580,3882,1833.66,618.56,1931.69,831.75,0,0.59
13580,3941,1762.98,442.36,1853.24,610.3,0,0.78
13580,3943,2159.56,559.83,2286.26,734.81,0,0.55
13590,3681,2212.27,886.64,2355.84,1170.99,0,0.94
13590,3882,1816.27,596.95,1915.21,803.69,0,0.9
13590,3943,2177.34,507.56,2292.59,675.39,0,0.7
13590,3845,1747.6,397.35,1830.06,537.95,0,0.52
13590,3708,2511.22,761.33,2634.79,1003.06,0,0.93
13600,3681,2208.31,826.86,2340.88,1089.33,0,0.88
13600,3882,1787.78,567.71,1883.39,762.11,0,0.94
13600,3845,1759.21,376.07,1824.17,502.38,0,0.51
13610,3681,2200.98,759.88,2325.58,1001.12,0,0.85
13610,3845,1766.92,347.65,1828.3,463.76,0,0.71
13610,3824,1765.04,501.34,1855.37,680.82,0,0.92
13620,3681,2180.61,690.24,2299.12,918.29,0,0.86
13620,3845,1775.76,321.66,1831.2,429.31,0,0.6
13620,3824,1793.04,469.82,1870.87,635.85,0,0.95
13630,3636,2127.61,600.85,2238.56,817.76,0,0.9
13630,3708,2483.56,815.48,2616.57,1080.73,0,0.57
13640,3664,2370.02,740.32,2498.48,962.88,0,0.91
13650,4014,978.96,447.31,1045.41,603.49,0,0.59
13660,4021,1026.19,443.28,1097.48,583.89,0,0.81
13660,3681,2177.15,596.99,2275.88,783.43,0,0.86
13670,4025,1144.04,445.35,1223.54,591.13,0,0.89
13670,3922,3908.35,763.18,4089.61,1007.63,0,0.65
13670,3636,2126.62,548.89,2216.65,723.21,0,0.77
13670,4014,994.98,474.66,1074.34,634.06,0,0.82
13680,3636,2103.38,503.38,2186.53,672.75,0,0.82
13690,3636,2079.42,471.87,2159.44,623.1,0,0.71
13700,3636,2057.59,432.59,2129.69,570.67,0,0.67
13700,4060,941.45,540.53,1038.08,714.33,0,0.8
13710,3636,2040.93,395.58,2111.96,527.21,0,0.62
13710,3708,2421.24,871.02,2555.36,1111.06,1,0.26
13720,3636,2033.81,363.06,2100.92,488.95,0,0.58
13720,4069,827.48,500.39,916.77,665.56,0,0.71
13750,3704,2615.16,493.86,2709.65,690.93,0,0.44
13780,4069,829.76,501.12,919.34,672.37,1,0.45
13840,4140,2934.68,905.55,3212.85,1146.64,1,0.49
13850,4140,2936.89,901.32,3208.91,1138.7,1,0.8
13870,4140,2936.9,903.16,3212.89,1145.26,1,0.27
13880,4140,2938.04,905.72,3203.36,1148.26,1,0.34
13890,4140,2937.65,906.48,3199.93,1149.94,1,0.47
13900,4140,2937.27,906.8,3199.1,1149.79,1,0.38
13910,4140,2941.32,896.58,3213.43,1150.48,1,0.43
13920,4140,2943.9,889.58,3220.9,1151.84,1,0.46
13930,4140,2949.57,890.9,3222.21,1152.83,1,0.41
13940,4140,2951.48,891.92,3221.09,1153.03,1,0.52
13950,4140,2953.63,891.91,3222.11,1153.12,1,0.28
13960,4140,2964.11,888.93,3224.29,1142.95,1,0.3
13970,4140,2961.31,889.82,3223.18,1141.88,1,0.29
13970,4144,775.42,374.36,847,487.41,0,0.81
13980,4140,2962.68,883.54,3227.67,1146.73,1,0.46
13990,4140,2963.69,885.57,3227.27,1148.27,1,0.48
14000,4140,2963.92,895.14,3229.58,1148.03,1,0.43
14000,4060,911.18,493.77,1004.92,653.64,0,0.77
14020,4140,2965.73,898.07,3233.07,1136.89,1,0.35
14030,4140,2969.19,897.83,3234.2,1136.25,1,0.33
14040,4140,2972.14,898.79,3234.44,1137.12,1,0.28
14070,4178,2938.09,550.85,3033.03,724.62,0,0.79
14080,4178,2927.25,591.33,3028.67,780.09,0,0.88
14080,4140,2972.97,905.91,3235.03,1150.24,1,0.33
14090,4178,2905.61,642.95,3016.93,846.85,0,0.89
14100,4178,2873.82,702.7,2991.03,917.93,0,0.75
14100,4187,1387.07,646.86,1501.75,873.39,1,0.98
14100,4190,1863.1,319.67,1920.17,430.57,0,0.63
14110,4187,1391.16,629.2,1502.76,845.86,1,0.94
14120,4187,1394.76,618.56,1498.64,828.04,1,0.94
14130,4187,1396.07,615.91,1500.58,822.15,1,0.97
14130,4140,2971.94,903.35,3233.21,1149.78,1,0.4
14140,4187,1396.34,615.52,1500.33,820.51,1,0.96
14140,4140,2973.53,901.79,3235.56,1142.05,1,0.44
14150,4187,1393.22,612.87,1494.84,818.06,1,0.93
14150,4140,2972.41,900.92,3237.06,1140.68,1,0.37
14160,4187,1387.82,606.74,1486.49,811.39,1,0.97
14160,4140,2971.22,901.22,3236.06,1148.02,1,0.3
14170,4187,1366.19,600.15,1472.05,802.4,1,0.98
14170,4140,2970.32,901.87,3235.58,1150.56,1,0.42
14180,4187,1349.81,591.37,1458.72,794.5,1,0.93
14190,4187,1329.38,586.93,1444.31,786.2,1,0.74
14200,4187,1307.06,579.47,1425.44,777.43,1,0.98
14200,4140,2969.8,899.15,3239.3,1142.27,1,0.37
14210,4187,1288.45,571.71,1402.95,769.37,1,0.81
14210,4140,2970.04,897.93,3240.18,1140.03,1,0.46
14220,4187,1268.81,566.81,1381.26,761.53,1,0.81
14220,4140,2970.81,898.4,3240.51,1139.68,1,0.39
14220,4218,1213.17,352.39,1297.92,468.68,0,0.61
14230,4187,1253.42,561.24,1364.02,752.31,1,0.98
14230,4140,2970.06,898.75,3239.92,1140.58,1,0.27
14230,4218,1201.82,371.97,1288.13,492.88,1,0.81
14230,4220,2483.39,390.94,2573.92,528.03,0,0.81
14240,4187,1244.56,552.01,1350.43,745.63,1,0.8
14240,4220,2493.33,427.3,2587.84,574.75,0,0.82
14250,4187,1240.03,546.95,1343.32,742.62,1,0.92
14250,4220,2493.79,483.8,2598.32,646.36,0,0.82
14250,4190,1864.58,360.62,1936.99,472.74,0,0.71
14250,4140,2971.3,899,3238.93,1140.5,1,0.3
14260,4187,1236.8,551.29,1338.89,742.09,1,0.83
14260,4220,2471.41,547.51,2583.86,734.66,0,0.9
14260,4227,1092.23,452.39,1199.95,591.59,0,0.56
14260,4140,2971.11,898.66,3240.15,1141.03,1,0.28
14270,4187,1235.22,550.49,1332.8,736.85,1,0.97
14270,4140,2969.97,898.14,3240.4,1140.66,1,0.29
14280,4187,1213.31,537.18,1313.05,721,1,0.81
14280,4140,2970.98,898.34,3239.26,1138.48,1,0.33
14290,4187,1167.07,518.35,1265.04,697.91,1,0.88
14290,4140,2971.8,898.66,3239.09,1138.08,1,0.39
14310,4060,895.83,471.63,1003.2,623.79,0,0.52
14350,4140,2975.13,893.67,3238.59,1140.55,1,0.6
14360,4140,2971.15,887.89,3236.54,1140.27,1,0.91
14370,4140,2913.22,884.24,3183.77,1134.33,1,0.92
14380,4140,2834.65,875.05,3099.21,1121.63,1,0.91
14410,4273,1635.91,947.49,1767.15,1249.45,0,0.96
14420,4277,2123.15,862.42,2249.34,1135.36,0,0.87
14420,4278,2745.92,541.03,2840.6,730.97,0,0.9
14430,4277,2116.89,850.8,2246.99,1125.65,0,0.9
14440,4277,2123.44,841.28,2251.59,1122.27,0,0.86
14440,4294,1149.53,534.67,1308.39,713.59,0,0.91
14440,4299,1647.74,775.43,1771.3,1020.48,0,0.88
14450,4277,2125.27,847.28,2249.83,1118,0,0.78
14450,4299,1645.58,771.16,1774.73,1016.8,0,0.66
14450,4300,1799.94,588.78,1996.04,787.85,0,0.95
14460,4277,2122.37,848.23,2250.24,1105.09,0,0.81
14460,4299,1646.43,771.36,1776.86,1015.83,0,0.89
14460,4311,2227.84,621.85,2425.95,825.18,0,0.93
14460,4294,1183.65,555.66,1332.59,726.7,0,0.76
14470,4277,2120.18,849.54,2249.71,1117.96,0,0.85
14470,4299,1646.09,770.58,1776.25,1015.26,0,0.5
14470,4318,2748.24,653.85,2952.27,865.21,0,0.92
14470,4300,1843.51,596.51,2021.1,796.48,0,0.94
14480,4277,2117.89,849.04,2249.56,1121.86,0,0.73
14480,4299,1646.56,772.64,1774.2,1016.09,0,0.75
14480,4322,3388.99,706.82,3606.25,925.43,0,0.94
14480,4311,2170.21,640.95,2366.24,846.45,0,0.93
14490,4277,2118.93,849.28,2250.57,1123.23,0,0.87
14490,4299,1645.69,770.02,1775.2,1016.58,0,0.72
14490,4300,1879.64,617.14,2040.32,809,0,0.96
14500,4277,2118.2,847.4,2250.47,1122.6,0,0.92
14500,4299,1645.99,769.98,1775.25,1016.78,0,0.86
14500,4337,1906.38,1213.25,2066.29,1570.95,0,0.96
14500,4311,2125.95,647.44,2291.05,845.61,0,0.93
14510,4277,2116.1,848.39,2250.31,1124.98,0,0.93
14510,4299,1645.15,772.52,1772.87,1015.24,0,0.75
14510,4337,1903.67,1090.95,2049.09,1416.31,0,0.94
14520,4277,2116.42,847.78,2250.01,1125.59,0,0.93
14520,4299,1644.87,771.32,1773.46,1015.03,0,0.89
14520,4337,1902.64,972.74,2030.09,1273.51,0,0.95
14520,4318,2688.54,723.01,2868.8,940.18,0,0.95
14530,4277,2116.3,847.92,2249.45,1123.19,0,0.89
14530,4299,1644.69,770.47,1775.22,1015.92,0,0.92
14530,4337,1887.51,896.2,2010.32,1183.67,0,0.9
14530,4220,2367.37,1543.07,2581.28,1957.06,0,0.98
14540,4277,2110.05,849.4,2248.83,1121.82,0,0.49
14540,4299,1644.94,770.11,1774.71,1014.48,0,0.93
14540,4337,1865.52,852.86,1993.12,1134.66,0,0.94
14540,4322,3354.4,820.14,3553.51,1046.99,0,0.93
14550,4277,2114.29,846.35,2247.88,1121.19,0,0.91
14550,4299,1645.99,771.25,1773.75,1014.16,0,0.92
14550,4337,1854.86,835,1981.95,1108.31,0,0.93
14560,4277,2116.52,846.71,2247.65,1120.41,0,0.97
14560,4299,1646.56,771.86,1773.97,1013.36,0,0.92
14560,4337,1852.53,820.58,1981.54,1088.97,0,0.91
14560,4360,2261.26,1019.89,2405.57,1327.93,0,0.95
14570,4277,2118.04,846.54,2247.96,1119.89,0,0.96
14570,4299,1646.94,771.67,1774.75,1013.25,0,0.93
14570,4337,1855.2,823.03,1986.11,1077.66,0,0.91
14570,4360,2261.32,964.68,2407.55,1259.85,0,0.92
14580,4277,2122.6,846.67,2250.07,1123.33,0,0.95
14580,4299,1645.87,769.72,1774.67,1012.27,0,0.92
14580,4337,1859.88,820.26,1989.92,1081.33,0,0.93
14580,4360,2258.53,934.54,2395.78,1233.74,0,0.88
14580,4220,2438.81,1825.48,2731.17,2160,3,0.82
14590,4277,2123.62,846.9,2248.76,1122.45,0,0.97
14590,4299,1645.89,769.64,1774.27,1011.41,0,0.92
14590,4337,1866.16,818.42,1988.44,1080.04,0,0.93
14590,4360,2260.85,932.83,2400.2,1225.87,0,0.87
14600,4277,2122.73,846.16,2248.49,1121.93,0,0.96
14600,4299,1645.29,770.11,1774.01,1011.08,0,0.91
14600,4337,1860.14,820.12,1988.48,1079.38,0,0.93
14600,4360,2261.41,931.1,2404.78,1223.91,0,0.62
14610,4277,2121.75,846.97,2247.24,1122.13,0,0.96
14610,4299,1645.45,770.05,1773.65,1011.16,0,0.91
14610,4337,1859.76,822.33,1989.63,1078.12,0,0.93
14610,4360,2261.81,931.14,2405.79,1225.46,0,0.64
14620,4277,2122.12,847.82,2246.72,1122.1,0,0.96
14620,4299,1645.58,769.47,1773.75,1011.37,0,0.93
14620,4337,1860.84,823.32,1989.44,1077.56,0,0.92
14620,4360,2261.78,931.47,2407.14,1227.76,0,0.84
14630,4277,2119.44,846.79,2246.13,1120.29,0,0.96
14630,4299,1645.8,769.87,1774.94,1012,0,0.93
14630,4337,1857.88,824.62,1989.54,1081.11,0,0.93
14630,4360,2262.24,931.85,2407.77,1227.32,0,0.64
14630,4322,3230.55,974.25,3490.2,1202.2,0,0.78
14640,4277,2117.93,846.12,2246.5,1120.2,0,0.96
14640,4299,1645.47,769.85,1775.44,1012.53,0,0.93
14640,4337,1856.71,825,1990.05,1084.25,0,0.93
14640,4360,2262.2,931.65,2408.49,1227.92,0,0.74
14650,4277,2119.78,845.69,2246.45,1120.01,0,0.96
14650,4299,1644.99,769.99,1775,1012.67,0,0.93
14650,4337,1856.21,825.92,1990.34,1085.39,0,0.93
14650,4360,2262.16,933.06,2408.21,1228.33,0,0.84
14660,4277,2120.51,845.73,2246.13,1118.9,0,0.96
14660,4299,1644.21,771.82,1775.02,1012.51,0,0.89
14660,4337,1856.96,828.77,1991.28,1086.37,0,0.91
14660,4360,2262.39,933.38,2409.02,1229.44,0,0.89
14670,4277,2122.02,846.25,2246.65,1120.24,0,0.96
14670,4299,1643.97,770.96,1774.98,1013.17,0,0.94
14670,4337,1856.47,829.53,1992.18,1087.8,0,0.93
14670,4360,2263.4,931.18,2407.32,1226.7,0,0.93
14680,4277,2120.09,846.26,2247.22,1118.81,0,0.98
14680,4299,1644.15,770.81,1774.89,1013.97,0,0.94
14680,4337,1855.96,827.41,1992.4,1088.23,0,0.93
14680,4360,2263.28,928.86,2406.49,1222.7,0,0.93
14690,4277,2119.63,846.26,2246.41,1119.11,0,0.98
14690,4299,1644.84,771.04,1774.91,1014.11,0,0.94
14690,4337,1856.13,827.79,1991.76,1088.36,0,0.93
14690,4360,2263.68,928.34,2402.95,1218.13,0,0.92
14690,4318,2442.65,930.61,2584.86,1238.48,0,0.66
14700,4277,2119.64,844.98,2247.68,1118.22,0,0.97
14700,4299,1644.23,770.17,1775.17,1014.15,0,0.94
14700,4337,1855.69,827.85,1991.92,1089.22,0,0.94
14700,4360,2263.73,932.45,2397.16,1207.73,0,0.89
14700,4140,2386.79,858.32,2527.75,1144.34,0,0.95
14710,4277,2119.19,844.22,2246.62,1128.2,0,0.96
14710,4299,1643.88,770.56,1774.31,1013.95,0,0.92
14710,4337,1856.02,828.06,1992.03,1086.34,0,0.95
14710,4360,2260.64,932.64,2397.77,1179.11,0,0.9
14710,4393,2200.24,1101.25,2359.56,1444.89,0,0.94
14720,4277,2122.06,844.22,2248.15,1129.18,0,0.96
14720,4299,1643.24,769.52,1774.29,1014.43,0,0.93
14720,4337,1856.34,827.51,1990.93,1085.78,0,0.93
14720,4360,2264.1,926.61,2401.79,1184.83,0,0.88
14720,4396,2321.45,793.83,2461.21,1051.06,0,0.92
14730,4277,2123.89,843.86,2249.52,1127.25,0,0.96
14730,4299,1643.53,770.52,1774.73,1013.56,0,0.92
14730,4337,1856.39,828.15,1992.2,1086.7,0,0.94
14730,4360,2266.71,926.42,2401.12,1185.04,0,0.88
14730,4396,2314.64,790.4,2454.6,1045.65,0,0.92
14730,4393,2202.76,1056.35,2343.31,1368.2,0,0.74
14740,4277,2127.75,844.05,2249.14,1125.44,0,0.96
14740,4299,1643.77,771.4,1774.68,1012.98,0,0.91
14740,4337,1857.43,828.4,1993.02,1087.81,0,0.93
14740,4360,2266.89,925.47,2402,1183.34,0,0.78
14740,4396,2310.2,784.2,2447.39,1032.19,0,0.93
14740,4393,2204.01,1046.59,2339.16,1357.07,0,0.89
14750,4277,2125.79,845.41,2249.98,1124.9,0,0.96
14750,4299,1643.64,771.71,1774.78,1012.88,0,0.92
14750,4337,1858.21,828.08,1993.67,1088.48,0,0.93
14750,4360,2266.81,925.92,2402.77,1181.68,0,0.74
14750,4396,2310.01,781.06,2445.31,1027.97,0,0.92
14750,4393,2203.42,1044.22,2340.25,1353.71,0,0.89
14760,4277,2126.26,846.43,2248,1127.62,0,0.95
14760,4299,1643.96,770.26,1772.69,1013.37,0,0.94
14760,4337,1857.05,829.55,1992.06,1090.76,0,0.9
14760,4360,2265.84,931.06,2402.35,1177.44,0,0.74
14760,4396,2309.73,782.08,2444.21,1030.87,0,0.96
14760,4393,2203.45,1043.25,2343.3,1354.26,0,0.89
14770,4277,2128.29,846.48,2248.01,1127.29,0,0.96
14770,4299,1643.82,768.36,1772.67,1013.18,0,0.94
14770,4337,1857.21,829.84,1993.11,1089.63,0,0.93
14770,4360,2266.21,934.47,2402.54,1177.9,0,0.82
14770,4396,2311.78,782.89,2442.49,1026.9,0,0.96
14770,4393,2204.14,1044.66,2342.22,1354.39,0,0.88
14780,4277,2125.84,846.35,2248.07,1126.44,0,0.95
14780,4299,1643.93,769.97,1773.51,1012.96,0,0.92
14780,4337,1857.61,830.25,1993.71,1089.61,0,0.93
14780,4360,2266.89,933.27,2403.04,1180.7,0,0.76
14780,4396,2311.29,783.43,2443.42,1025.44,0,0.95
14780,4393,2203.86,1043.44,2342.65,1355.47,0,0.87
14790,4277,2125.42,846.72,2247.74,1126.33,0,0.95
14790,4299,1643.85,770.52,1774.1,1012.96,0,0.92
14790,4337,1858.01,830.31,1994.07,1089.69,0,0.93
14790,4360,2266.64,934.08,2402.79,1181.97,0,0.79
14790,4396,2311.61,783.91,2443.46,1023.75,0,0.95
14790,4393,2204,1043.98,2341.9,1356.02,0,0.87
14800,4277,2124.63,845.95,2248.63,1126.88,0,0.95
14800,4299,1643.6,770.01,1774.28,1013.17,0,0.93
14800,4337,1857.58,829.79,1994.24,1090.22,0,0.93
14800,4360,2266.23,933.47,2402.02,1182.87,0,0.8
14800,4396,2310.89,783.37,2443.82,1024.4,0,0.95
14800,4393,2204.3,1044.47,2341.88,1357.54,0,0.88
14810,4277,2122.25,845.06,2249.94,1125.92,0,0.96
14810,4299,1643.74,769.85,1774.31,1013.76,0,0.93
14810,4337,1857.11,830.48,1994.51,1089.86,0,0.94
14810,4360,2266.27,933.67,2402.87,1183.63,0,0.79
14810,4396,2310.2,781.54,2444.3,1027.8,0,0.96
14810,4393,2200.68,1042.56,2342.8,1358.25,0,0.89
14820,4277,2122.73,844.33,2249.61,1126.15,0,0.96
14820,4299,1643.69,767,1771.94,1014.33,0,0.88
14820,4337,1856.92,830.33,1993.83,1089.84,0,0.92
14820,4360,2265.61,933.75,2402.43,1181.57,0,0.79
14820,4396,2310.27,780.85,2444.95,1031.52,0,0.96
14820,4393,2199.93,1041.88,2343.62,1359.26,0,0.89
14830,4277,2124.38,844.77,2249.15,1125.29,0,0.97
14830,4299,1643.37,768.63,1772.83,1013.68,0,0.93
14830,4337,1857.65,830.44,1994.17,1091.24,0,0.94
14830,4360,2265.56,933.77,2403.18,1183.04,0,0.81
14830,4396,2308.51,780.72,2443.46,1022.73,0,0.69
14830,4393,2203.03,1044.4,2343.43,1359.37,0,0.87
14840,4277,2125.21,845.3,2249.4,1125.54,0,0.97
14840,4299,1644.42,767.71,1773.26,1013.39,0,0.91
14840,4337,1857.49,830.31,1994.11,1092.16,0,0.93
14840,4360,2266.33,933.91,2403.12,1182.59,0,0.79
14840,4396,2310.3,781.71,2444.35,1021.95,0,0.94
14840,4393,2203.44,1045.63,2343.47,1360.2,0,0.87
14850,4277,2125.19,845.97,2249.3,1121.92,0,0.91
14850,4299,1642.74,768.07,1772.88,1013.9,0,0.92
14850,4337,1856.9,830.87,1992.22,1094.04,0,0.93
14850,4360,2267.56,934.18,2403.04,1183.52,0,0.81
14850,4396,2310.69,783.55,2445.2,1025.06,0,0.95
14850,4393,2204.24,1046.12,2343.35,1360.67,0,0.89
14860,4277,2125.35,845.08,2249.91,1123.14,0,0.97
14860,4299,1643.1,769.23,1773.26,1013.46,0,0.93
14860,4337,1857.76,830.36,1992.96,1091.06,0,0.94
14860,4360,2266.88,935.78,2402.48,1185.21,0,0.81
14860,4396,2310.38,785.68,2445.49,1026.83,0,0.96
14860,4393,2201.22,1045.95,2341.8,1359.09,0,0.89
14870,4277,2123.9,845.2,2249.62,1123.6,0,0.96
14870,4299,1643.51,769.98,1773.11,1013.1,0,0.92
14870,4337,1857.93,830.59,1992.96,1089.83,0,0.94
14870,4360,2266.67,936.25,2401.83,1186.22,0,0.78
14870,4396,2308.89,785.5,2445.78,1031.1,0,0.96
14870,4393,2200.06,1044.03,2342.31,1358.66,0,0.89
14880,4277,2125.24,845.3,2248.76,1124.52,0,0.96
14880,4299,1643.02,770.92,1773.58,1012.72,0,0.92
14880,4337,1857.57,829.4,1993.78,1089.8,0,0.93
14880,4360,2267.13,932.36,2402.37,1183.44,0,0.81
14880,4396,2306.25,783.82,2445.97,1032.75,0,0.93
14880,4393,2200.37,1044.63,2341.97,1359.27,0,0.87
14890,4277,2125.35,845.04,2249.72,1124.96,0,0.96
14890,4299,1642.58,770.59,1773.85,1012.75,0,0.93
14890,4337,1856.97,828.68,1994.07,1090.48,0,0.93
14890,4360,2266.87,933.05,2402.2,1182.43,0,0.82
14890,4396,2307.21,783.19,2446.74,1029.22,0,0.95
14890,4393,2200.34,1045.2,2342.35,1359.49,0,0.88
14900,4277,2125.57,845.43,2250.24,1125.08,0,0.96
14900,4299,1642.36,770.44,1774.21,1012.74,0,0.93
14900,4337,1856.49,828.52,1994.47,1091.29,0,0.94
14900,4360,2266.84,931.9,2403.18,1183.33,0,0.83
14900,4396,2309.49,781.83,2447.02,1026.45,0,0.92
14900,4393,2200.3,1046.39,2340.77,1358.6,0,0.88
14910,4277,2126.35,847.3,2249.33,1123.4,0,0.97
14910,4299,1643.49,771.61,1774.41,1013.47,0,0.91
14910,4337,1856.96,831.04,1993.53,1091.77,0,0.94
14910,4360,2268.89,933.48,2401.17,1175.71,0,0.82
14910,4396,2310.77,781.47,2446.61,1024.33,0,0.95
14910,4393,2202.81,1044.92,2341.94,1346.7,0,0.86
14920,4277,2125.43,847.49,2249.35,1123.82,0,0.97
14920,4299,1643.9,772.17,1774.21,1013.78,0,0.92
14920,4337,1857.19,831.48,1993.44,1092.72,0,0.94
14920,4360,2268.47,934.12,2400.62,1175.31,0,0.77
14920,4396,2311.31,781.11,2446.21,1023.95,0,0.96
14920,4393,2206.69,1042.98,2343.4,1341.09,0,0.87
14930,4277,2121.89,845.91,2248.55,1122.52,0,0.97
14930,4299,1644.79,771.15,1774.89,1012.83,0,0.93
14930,4337,1856.5,831.09,1994.06,1095.39,0,0.94
14930,4360,2266.35,934.92,2402.4,1190.22,0,0.73
14930,4396,2310.6,781.87,2448.1,1030.47,0,0.95
14930,4393,2203.51,1040.92,2344.8,1352.74,0,0.87
14930,4435,793.74,529.19,928.78,720.35,0,0.68
14940,4277,2122.74,845.28,2248.06,1122.59,0,0.97
14940,4299,1645.41,770.29,1774.93,1012.58,0,0.92
14940,4337,1856.47,830.45,1994.68,1096.22,0,0.93
14940,4360,2266.18,934.63,2403.89,1190.97,0,0.72
14940,4396,2309.44,781.67,2448.67,1029.67,0,0.95
14940,4393,2202,1040.31,2346.63,1357.93,0,0.87
14950,4277,2116.42,844.54,2247.38,1123.72,0,0.95
14950,4299,1644.66,768.38,1774.13,1012.62,0,0.94
14950,4337,1856.41,832.73,1993.64,1097.5,0,0.91
14950,4360,2267.01,935.14,2403.42,1192.09,0,0.72
14950,4396,2309.43,781.86,2448.69,1032.54,0,0.96
14950,4393,2201.91,1041.29,2346.79,1360.2,0,0.88
14960,4277,2119.19,847.98,2247.55,1124.46,0,0.93
14960,4299,1645.66,767.79,1771.09,1011.42,0,0.82
14960,4337,1860.02,835,1991.67,1096.48,0,0.91
14960,4360,2266.04,935.69,2404.01,1189.57,0,0.74
14960,4396,2307.5,782.79,2440.9,1027.76,0,0.59
14960,4393,2202.38,1042.43,2345.87,1361.03,0,0.87
14970,4277,2119.33,841.75,2251.29,1121.61,0,0.57
14970,4299,1644.69,769.34,1773.7,1012.35,0,0.93
14970,4337,1857.59,831.81,1992.21,1095.2,0,0.93
14970,4360,2269.28,934.25,2402.85,1185.57,0,0.75
14970,4396,2312.58,785.12,2442.99,1026.96,0,0.94
14970,4393,2202.92,1042.91,2343.53,1361.2,0,0.9
14970,4443,2344.95,670.27,2557.1,880.43,0,0.92
14970,4444,2127.47,370.11,2267.93,501.45,0,0.74
14980,4277,2118.69,844.12,2250.96,1123.18,0,0.97
14980,4299,1642.62,770.03,1773.61,1013.17,0,0.93
14980,4337,1857.84,831.5,1992.37,1092.58,0,0.94
14980,4360,2267.59,935.79,2403.14,1182.95,0,0.81
14980,4396,2311.46,781.95,2445.32,1031.77,0,0.93
14980,4393,2201.68,1046.64,2340.9,1360.75,0,0.9
14990,4277,2118.78,844.77,2250.85,1123.55,0,0.97
14990,4299,1641.21,769.24,1773.67,1013.21,0,0.92
14990,4337,1858.26,831.17,1992.85,1092.01,0,0.93
14990,4360,2266.75,936.03,2402.88,1180.98,0,0.8
14990,4396,2312.05,782.97,2446.43,1032.3,0,0.96
14990,4393,2201.08,1046.69,2340.76,1361.07,0,0.9
14990,4452,3630.68,855.38,3859.13,1092.66,0,0.77
14990,4444,2134.28,366.14,2278.9,503.33,0,0.74
15000,4277,2118.18,844.44,2250.92,1123.51,0,0.97
15000,4299,1640.85,769.87,1773.64,1013.36,0,0.93
15000,4337,1858.51,830.77,1993.64,1091.78,0,0.93
15000,4360,2266.91,934.42,2402.87,1181.82,0,0.81
15000,4396,2312.25,783.49,2446.78,1033.62,0,0.96
15000,4393,2200.92,1046.45,2341.03,1361.11,0,0.91
15010,4277,2120.27,843.15,2250.63,1121.89,0,0.96
15010,4299,1641.13,768.9,1774.05,1013.92,0,0.92
15010,4337,1858.35,831.76,1993.56,1089.8,0,0.93
15010,4360,2269.57,935.59,2403.46,1183.46,0,0.81
15010,4396,2310.75,785.43,2446.47,1032.23,0,0.96
15010,4393,2200.01,1045.3,2341.47,1361.06,0,0.87
15020,4277,2120.63,843.14,2250.56,1121.72,0,0.96
15020,4299,1641.72,768.41,1774.26,1014.02,0,0.92
15020,4337,1858.19,831.68,1994.37,1090.56,0,0.93
15020,4360,2269.74,936.6,2403.41,1183.71,0,0.78
15020,4396,2310.93,785.87,2446.89,1033.33,0,0.96
15020,4393,2200.87,1045.53,2341.5,1360.8,0,0.88
15030,4277,2123.08,844.12,2250.89,1123.21,0,0.96
15030,4299,1641.65,767.88,1774.48,1013.54,0,0.92
15030,4337,1858.69,830.29,1994.42,1091.05,0,0.93
15030,4360,2270.49,934.78,2402.99,1181.71,0,0.8
15030,4396,2309.26,786.17,2446.87,1033.2,0,0.96
15030,4393,2201.87,1046.92,2340.53,1362.06,0,0.9
15040,4277,2126.4,842.67,2250.19,1124.63,0,0.95
15040,4299,1642.12,768.11,1774.86,1013.59,0,0.92
15040,4337,1858.4,830.32,1994.33,1091.76,0,0.93
15040,4360,2270.92,933.03,2402.99,1181.74,0,0.8
15040,4396,2309.01,785.95,2447.48,1032.21,0,0.96
15040,4393,2202.46,1047.96,2340.27,1362.66,0,0.9
15050,4277,2129.04,844.2,2250.23,1124.59,0,0.96
15050,4299,1642.25,768.41,1775.12,1013.47,0,0.92
15050,4337,1858.78,830.95,1993.88,1091.86,0,0.93
15050,4360,2266.74,933.03,2400.11,1184.17,0,0.73
15050,4396,2310.35,786.36,2446.94,1029.14,0,0.96
15050,4393,2203.05,1047.96,2341.73,1362.12,0,0.9
15060,4277,2130.15,846.46,2249.55,1126.49,0,0.96
15060,4299,1643.74,767.82,1774.28,1013.93,0,0.93
15060,4337,1859.17,832.02,1994.22,1093.24,0,0.93
15060,4360,2266.89,935.14,2398.57,1191.49,0,0.85
15060,4396,2310.61,787.69,2447.18,1033.09,0,0.97
15060,4393,2205.47,1049.74,2339.97,1361.38,0,0.87
15060,4444,2134.27,364.46,2281.45,501.5,0,0.7
15070,4277,2130.18,845.09,2249.89,1126.16,0,0.97
15070,4299,1644.36,767.66,1773.79,1013.84,0,0.93
15070,4337,1859.37,831.93,1994.47,1093.15,0,0.93
15070,4360,2267,934.85,2399.92,1193.91,0,0.85
15070,4396,2310.1,786.82,2448.12,1033.31,0,0.97
15070,4393,2206.07,1049.32,2339.82,1361.26,0,0.87
15080,4277,2132.34,846.32,2250.11,1125.41,0,0.97
15080,4299,1644.74,768.99,1774.62,1015.14,0,0.93
15080,4337,1858.36,830.36,1994.2,1093.26,0,0.93
15080,4360,2269.82,937.63,2399.2,1196.23,0,0.8
15080,4396,2312.57,785.77,2447.43,1030.45,0,0.96
15080,4393,2204.2,1049.7,2339.77,1361.01,0,0.84
15080,4444,2092.57,364.32,2241.8,499.8,0,0.83
15090,4277,2131.61,845.62,2250.11,1125.23,0,0.97
15090,4299,1645.19,769.97,1774.69,1015.4,0,0.93
15090,4337,1858.03,829.95,1993.74,1093.37,0,0.93
15090,4360,2271.28,936.73,2399.42,1195.56,0,0.81
15090,4396,2313.64,784.97,2447.48,1028.58,0,0.96
15090,4393,2203.92,1049.27,2339.3,1361.2,0,0.87
15100,4277,2128.39,845.2,2249.61,1123.64,0,0.97
15100,4299,1645.15,770.04,1774.89,1015.58,0,0.94
15100,4337,1858.24,830.12,1994,1093.87,0,0.93
15100,4360,2272.56,938.33,2400.1,1194.5,0,0.8
15100,4396,2315.24,784.02,2447.64,1026.68,0,0.96
15100,4393,2203.77,1047.94,2339.8,1361.23,0,0.88
15110,4277,2121.54,844.25,2249.74,1122.58,0,0.96
15110,4299,1644.86,770.17,1775.61,1014.86,0,0.93
15110,4337,1858.12,831.19,1994.06,1093.63,0,0.93
15110,4360,2271.34,937.08,2401.73,1186.68,0,0.8
15110,4396,2313.99,783.47,2448.08,1033.99,0,0.95
15110,4393,2201.86,1046.12,2341.81,1360.75,0,0.89
15120,4277,2117.2,845.79,2249.33,1125.48,0,0.96
15120,4299,1644.35,770.38,1775.21,1014.56,0,0.92
15120,4337,1857.81,831.21,1994.06,1093.46,0,0.94
15120,4360,2269.32,936.71,2401.67,1184.13,0,0.84
15120,4396,2312.37,783.63,2447.88,1037.84,0,0.96
15120,4393,2202.12,1047.66,2342.02,1359.99,0,0.89
15130,4277,2115.5,846.45,2248.89,1125.01,0,0.97
15130,4299,1643.15,771.57,1774.43,1014.01,0,0.91
15130,4337,1858.34,830.81,1993.94,1092.61,0,0.94
15130,4360,2269.78,932.74,2403.14,1180.22,0,0.81
15130,4396,2309.72,784.61,2447.68,1037.47,0,0.95
15130,4393,2203.58,1049.19,2339.99,1358.35,0,0.89
15140,4277,2115.33,845.05,2248.56,1123.46,0,0.96
15140,4299,1642.67,772.16,1774.18,1013.73,0,0.91
15140,4337,1858.47,830.38,1993.52,1091.52,0,0.93
15140,4360,2269.38,931.71,2402.96,1179.02,0,0.85
15140,4396,2309.15,784.63,2447.92,1037.55,0,0.96
15140,4393,2204.7,1049.97,2341.62,1358.5,0,0.91
15140,4472,759.46,471.73,839.37,622.33,0,0.81
15150,4277,2119.26,846.35,2248.88,1123.46,0,0.96
15150,4299,1642.53,772.13,1774.14,1013.73,0,0.92
15150,4337,1858.37,830.06,1993.65,1091.71,0,0.93
15150,4360,2268.6,931.29,2403.97,1180.3,0,0.81
15150,4396,2310.2,783.49,2447.41,1034.77,0,0.96
15150,4393,2205.62,1049.39,2341.82,1359.31,0,0.88
15150,4472,767.86,480.84,848.09,632.62,0,0.78
15150,4452,3648.67,768.2,3890.3,999.16,0,0.63
15160,4277,2122.16,848.59,2248.61,1122.94,0,0.97
15160,4299,1643.36,771.69,1774.44,1013.48,0,0.92
15160,4337,1858.52,828.93,1994.39,1091.6,0,0.94
15160,4360,2268.04,930.96,2403.75,1177.36,0,0.8
15160,4396,2310.82,781.98,2446.73,1031.55,0,0.95
15160,4393,2205.25,1048.04,2344.3,1359.29,0,0.9
15160,4472,773.01,492.89,852.13,643.1,0,0.39
15170,4277,2122.69,850.23,2248.51,1122.81,0,0.97
15170,4299,1643.77,771.34,1774.52,1013.22,0,0.92
15170,4337,1858.45,828.79,1994.28,1091.64,0,0.94
15170,4360,2267.04,931.29,2403.16,1172.8,0,0.8
15170,4396,2310.82,782.42,2446.64,1029.56,0,0.96
15170,4393,2204.8,1047.23,2344.48,1359.82,0,0.9
15170,4472,777.08,490.8,851.49,643.86,0,0.82
15180,4277,2123.12,847.06,2249.52,1121.9,0,0.97
15180,4299,1643.43,771,1775.05,1014.54,0,0.92
15180,4337,1858.22,829.57,1994.44,1094.16,0,0.94
15180,4360,2265.6,932.35,2403.94,1176.67,0,0.82
15180,4396,2311.93,783.58,2448.06,1030.32,0,0.96
15180,4393,2200.95,1048.1,2344.96,1359.68,0,0.85
15190,4277,2118.35,845.81,2248.96,1120.92,0,0.97
15190,4299,1643.16,770.64,1774.99,1014.85,0,0.92
15190,4337,1858.34,829.59,1994.22,1095.35,0,0.94
15190,4360,2265.2,931.18,2403.97,1175.98,0,0.81
15190,4396,2312.98,783.7,2448.99,1026.56,0,0.94
15190,4393,2201.12,1047.67,2344.9,1360.56,0,0.87
15190,4472,778.45,492.65,851.78,647.09,0,0.28
15200,4277,2116.59,846.29,2249.17,1121.03,0,0.97
15200,4299,1643.29,770.53,1775.03,1014.86,0,0.92
15200,4337,1858.19,830.36,1994.04,1096.25,0,0.94
15200,4360,2265.34,930.99,2403.27,1176.48,0,0.8
15200,4396,2313.4,784.28,2450.19,1025.75,0,0.93
15200,4393,2201.14,1046.5,2344.37,1361.3,0,0.86
15200,4472,777.07,490.57,850.56,646.62,0,0.26
15210,4277,2118.23,846.43,2250.2,1120.66,0,0.97
15210,4299,1643.3,770.26,1774.2,1013.51,0,0.92
15210,4337,1858.41,830.37,1993.58,1094.52,0,0.94
15210,4360,2267.21,932.25,2402.35,1173.53,0,0.79
15210,4396,2312.05,785.02,2448.85,1028.05,0,0.95
15210,4393,2203.02,1046.16,2343.99,1360.47,0,0.89
15210,4472,775.78,488.68,851.27,646.46,0,0.65
15220,4277,2118.95,846.79,2250.34,1120.59,0,0.97
15220,4299,1643,770.4,1773.59,1013.23,0,0.93
15220,4337,1858.68,830.25,1993.43,1093.51,0,0.94
15220,4360,2269.18,934.01,2402.18,1171.16,0,0.8
15220,4396,2311,786.91,2447.75,1028.86,0,0.97
15220,4393,2204.16,1047.37,2343.01,1359.6,0,0.89
15220,4472,777.87,494.28,855.29,652.79,0,0.53
15230,4277,2119.97,843.4,2250.04,1121.4,0,0.94
15230,4299,1643.05,770.93,1773.78,1012.62,0,0.93
15230,4337,1858.57,830.86,1993.84,1094.76,0,0.94
15230,4360,2269.7,935.43,2402.43,1176.66,0,0.75
15230,4396,2303.29,769.4,2446.23,1033.02,1,0.47
15230,4393,2205.13,1045.96,2344.06,1359.2,0,0.9
15230,4472,778.86,493.82,853.08,649,0,0.41
15240,4277,2124.44,845.69,2250.61,1124.01,0,0.96
15240,4299,1642.65,770.48,1775.17,1012.76,0,0.92
15240,4337,1860.36,836.78,1989.24,1093.33,0,0.68
15240,4360,2270.61,935.22,2402.53,1179.19,0,0.8
15240,4396,2307.4,779.73,2446.24,1032.82,0,0.96
15240,4393,2205.18,1047.28,2343.37,1359.95,0,0.89
15240,4472,777.99,492.1,853.18,647.88,0,0.55
15240,4504,2637.97,1269.66,2830.91,1666.02,0,0.94
15250,4277,2120.65,845.29,2250.74,1123.94,0,0.97
15250,4299,1645.07,770.71,1770.96,1010.35,0,0.84
15250,4337,1858.9,833.24,1992.04,1094.58,0,0.94
15250,4360,2270.85,933.99,2402.51,1178.4,0,0.78
15250,4396,2309.3,783.92,2446.71,1031.69,0,0.96
15250,4393,2204.34,1046.98,2343.38,1361.54,0,0.88
15250,4472,777.7,491.48,852.69,647.23,0,0.39
15250,4504,2654.24,1154.8,2832.84,1512.97,0,0.98
15260,4277,2118.05,845.58,2250.51,1121.18,0,0.97
15260,4299,1643.85,771.2,1773.23,1011.74,0,0.91
15260,4337,1858.51,831.86,1992.7,1093.97,0,0.95
15260,4360,2270.79,933.37,2403.19,1175.79,0,0.75
15260,4396,2310.32,786.36,2447.72,1034.86,0,0.97
15260,4393,2201.59,1045.07,2343.89,1361.04,0,0.89
15260,4472,776.88,488.27,850.6,638.79,0,0.59
15260,4504,2673.85,1041.02,2837.65,1356.37,0,0.68
15270,4277,2117.32,845.93,2250.41,1120.42,0,0.97
15270,4299,1643.4,770.85,1774.04,1012.37,0,0.93
15270,4337,1858.07,831.16,1992.4,1093.19,0,0.95
15270,4360,2271.83,933.76,2404.62,1181.83,0,0.78
15270,4396,2310.46,787.45,2447.66,1033.76,0,0.96
15270,4393,2201.77,1045.23,2342.74,1361.26,0,0.89
15270,4472,777.94,494.15,850.25,643.11,0,0.69
15270,4504,2670.29,949.59,2822.72,1245.79,0,0.94
15280,4277,2117.61,845.56,2248.81,1119.19,0,0.97
15280,4299,1644.02,771.41,1773.89,1012.87,0,0.93
15280,4337,1858.08,830.21,1993.18,1093.96,0,0.95
15280,4360,2269.36,933.68,2402.4,1174.57,0,0.75
15280,4396,2309.28,787.65,2447.37,1040.07,0,0.96
15280,4393,2201.85,1045.27,2345.05,1360.22,0,0.91
15280,4472,776.24,491.2,850.43,641.26,0,0.62
15280,4504,2636.39,881.33,2784.95,1163.12,0,0.82
15290,4277,2117.74,845.12,2248.15,1120.05,0,0.97
15290,4299,1643.72,771.33,1774.03,1013.42,0,0.93
15290,4337,1857.77,829.9,1994.02,1094.47,0,0.95
15290,4360,2267.47,933.47,2402.6,1175.51,0,0.74
15290,4396,2308.63,787.62,2447.29,1040.16,0,0.96
15290,4393,2201.62,1044.53,2345.93,1359.83,0,0.9
15290,4472,775.01,490.96,850.29,638.12,0,0.55
15290,4504,2622.83,833.96,2760.67,1095.52,0,0.96
15300,4277,2117.41,844.96,2248.14,1120.62,0,0.97
15300,4299,1643.66,771.51,1774.09,1013.59,0,0.93
15300,4337,1857.46,829.88,1994.69,1094.64,0,0.95
15300,4360,2267.83,934.47,2401.54,1175.34,0,0.78
15300,4396,2310.81,787.32,2448.23,1039.58,0,0.96
15300,4393,2201.42,1044.62,2344.85,1362.61,0,0.86
15300,4472,774.37,489.45,849.61,642.87,0,0.48
15300,4504,2615.82,801.73,2750.83,1058.64,0,0.95
15310,4277,2117.29,844.62,2248.81,1120.84,0,0.97
15310,4299,1643.9,769.95,1774.03,1013.31,0,0.92
15310,4337,1858.3,829.75,1994.21,1092.66,0,0.92
15310,4360,2268.8,934.22,2402.64,1173.26,0,0.76
15310,4396,2311.05,787.16,2447.76,1036.1,0,0.97
15310,4393,2202.58,1043.6,2347.46,1357.84,0,0.87
15310,4472,773.97,488.77,848.68,640.24,0,0.49
15310,4504,2610.58,787.92,2746.52,1044.44,0,0.92
15320,4277,2117.12,844.21,2248.83,1121.03,0,0.97
15320,4299,1643.98,769.27,1773.75,1013,0,0.93
15320,4337,1858.24,829.64,1994.05,1092.05,0,0.93
15320,4360,2268.73,934.92,2402.34,1176.36,0,0.79
15320,4396,2310.85,787.74,2447.06,1036.31,0,0.97
15320,4393,2200.92,1045.05,2345.73,1359.52,0,0.9
15320,4472,776.41,494.58,851.57,644.05,0,0.51
15320,4504,2610.72,790.34,2743.4,1045.94,0,0.93
15330,4277,2116.63,843.56,2249.91,1121.66,0,0.97
15330,4299,1643.63,769.63,1774.12,1014.48,0,0.92
15330,4337,1857.99,831.74,1993.04,1093.62,0,0.94
15330,4360,2268.14,933,2403.55,1176.96,0,0.81
15330,4396,2309.14,786.52,2447.02,1034.59,0,0.96
15330,4393,2201.53,1048.09,2345,1359.69,0,0.88
15330,4472,736.78,497.11,865.77,668.28,0,0.79
15330,4504,2610.67,794.71,2744.68,1050.62,0,0.94
15340,4277,2116.97,843.85,2250.28,1121.86,0,0.97
15340,4299,1643.78,769.75,1774.09,1014.97,0,0.92
15340,4337,1858.02,832.58,1992.8,1093.47,0,0.94
15340,4360,2268.06,932.82,2403.68,1178.23,0,0.82
15340,4396,2308.69,785.7,2447.03,1033.82,0,0.96
15340,4393,2202.87,1049.67,2344.32,1358.88,0,0.88
15340,4472,758.01,495.88,858.71,655.82,0,0.77
15340,4504,2611.4,798.04,2743.58,1054.13,0,0.93
15350,4277,2117.82,843.41,2250.01,1122.08,0,0.97
15350,4299,1644.48,769.64,1773.66,1014.43,0,0.93
15350,4337,1858.39,832.8,1992.56,1093.1,0,0.94
15350,4360,2267.83,933.12,2403.26,1178.03,0,0.82
15350,4396,2308.4,786.84,2446.72,1034.53,0,0.96
15350,4393,2202.69,1049.6,2344.15,1358.72,0,0.89
15350,4472,768.7,490.2,853.27,648.92,0,0.42
15350,4504,2611.35,800.94,2743.45,1056.7,0,0.93
15360,4277,2118.45,843.52,2250.63,1120.74,0,0.97
15360,4299,1643.58,769.08,1773.52,1013.63,0,0.92
15360,4337,1857.9,831.98,1992.85,1093.65,0,0.93
15360,4360,2267.02,932.66,2402.39,1174.24,0,0.74
15360,4396,2310.18,787.84,2446.02,1031.46,0,0.97
15360,4393,2204.64,1047.59,2345.03,1359.38,0,0.92
15360,4472,772.02,487.06,851.15,646.84,0,0.6
15360,4504,2611.6,802.44,2742.49,1057.35,0,0.92
15370,4277,2119.2,843.56,2251.1,1120.82,0,0.97
15370,4299,1643.71,769.61,1773.5,1013.25,0,0.92
15370,4337,1858.11,831.32,1992.7,1093.51,0,0.93
15370,4360,2267,932.04,2402.18,1173.76,0,0.78
15370,4396,2311.91,786.59,2446.59,1030.71,0,0.97
15370,4393,2205.58,1046.9,2345.02,1359.85,0,0.92
15370,4472,773.38,485.96,850.4,645.57,0,0.62
15370,4504,2611.76,802.05,2741.78,1058.86,0,0.91
15380,4277,2117.27,843.19,2249.91,1121.26,0,0.97
15380,4299,1644.08,769.92,1774.94,1013.49,0,0.91
15380,4337,1856.61,830.59,1992.99,1093.99,0,0.94
15380,4360,2268.55,934.21,2401.55,1175.2,0,0.78
15380,4396,2312.67,785.88,2448.32,1035.21,0,0.97
15380,4393,2206.58,1047.22,2343.66,1349.39,0,0.91
15380,4472,773.26,487.1,850.55,644.9,0,0.31
15380,4504,2610.47,803.21,2741.55,1058.35,0,0.94
15390,4277,2116.98,843.83,2249.27,1121.16,0,0.96
15390,4299,1644.19,770.21,1775.57,1013.48,0,0.9
15390,4337,1856.22,830.53,1992.82,1093.59,0,0.94
15390,4360,2268.69,934.71,2403.11,1181.12,0,0.77
15390,4396,2313.7,786.24,2448.47,1033.89,0,0.96
15390,4393,2206.06,1048.05,2344.66,1355.58,0,0.89
15390,4472,773.28,485.66,850.72,644.57,0,0.58
15390,4504,2611.3,804.91,2742.6,1061.29,0,0.93
15400,4277,2116.62,843.84,2249.2,1121.46,0,0.96
15400,4299,1644.05,770.32,1775.86,1013.73,0,0.9
15400,4337,1855.78,830.48,1992.81,1093.76,0,0.94
15400,4360,2269.33,934.12,2403.46,1186.56,0,0.8
15400,4396,2313.81,787.7,2448.69,1034.84,0,0.96
15400,4393,2205.03,1048.2,2343.12,1358.18,0,0.89
15400,4504,2611.34,805.66,2743.01,1064.32,0,0.93
15410,4277,2117.02,844.44,2248.98,1121.9,0,0.97
15410,4299,1644.23,770.65,1774.16,1013.21,0,0.91
15410,4337,1856.94,830.52,1993,1093.48,0,0.94
15410,4360,2267.58,932,2402.75,1182.27,0,0.78
15410,4396,2313.7,787.49,2448.75,1033.89,0,0.96
15410,4393,2203.7,1048.72,2342.43,1361.27,0,0.91
15410,4504,2610.33,806.82,2742.82,1065.55,0,0.92
15410,4555,2506.63,394.92,2591.31,531.29,0,0.72
15410,4472,776.78,498.99,850.79,646.98,0,0.85
15420,4277,2117.35,844.94,2249.06,1121.91,0,0.97
15420,4299,1644.41,770.91,1773.55,1012.9,0,0.91
15420,4337,1857.54,830.73,1992.94,1093.36,0,0.94
15420,4360,2267.25,932.12,2402.33,1181.08,0,0.79
15420,4396,2313.36,787.06,2448.63,1034.95,0,0.97
15420,4393,2203.24,1049.55,2342,1362.39,0,0.91
15420,4504,2610.54,807.36,2743.16,1066.53,0,0.92
15420,4472,777.24,492.81,851.85,647.14,0,0.27
15430,4277,2117.64,845.31,2249.3,1120.51,0,0.97
15430,4299,1644.52,770.89,1774.42,1013.5,0,0.91
15430,4337,1857.65,830.87,1993.2,1093.3,0,0.94
15430,4360,2268.22,936.88,2402.33,1180.62,0,0.76
15430,4396,2313.85,787.87,2447.68,1035.26,0,0.97
15430,4393,2203.46,1048.95,2342.45,1361.02,0,0.9
15430,4504,2610.97,808.79,2742.11,1067.44,0,0.92
15430,4472,776.91,491.14,851.95,646.71,0,0.49
15440,4277,2118.12,845.53,2249.25,1119.73,0,0.97
15440,4299,1644.65,771.09,1774.63,1013.42,0,0.91
15440,4337,1858.07,831.07,1993.32,1093.21,0,0.94
15440,4360,2268.02,937.9,2403.64,1182.32,0,0.75
15440,4396,2314.22,788.92,2446.95,1031.82,0,0.97
15440,4393,2203.62,1048.57,2341.71,1360.6,0,0.9
15440,4504,2611.4,809.39,2742.05,1068.12,0,0.92
15440,4472,777.1,490.46,851.78,646.71,0,0.59
15450,4277,2118.22,845.43,2249.55,1119.72,0,0.97
15450,4299,1644.71,771.11,1774.6,1013.32,0,0.91
15450,4337,1858.29,830.76,1993.42,1093.02,0,0.94
15450,4360,2268.37,937.34,2404.63,1180.51,0,0.73
15450,4396,2313.43,789.41,2446.33,1029.21,0,0.97
15450,4393,2202.74,1048.99,2342.34,1360.49,0,0.91
15450,4504,2611.76,810.27,2742.34,1068.81,0,0.92
15450,4472,777,489.31,851.05,646.12,0,0.79
15460,4277,2119.05,845.94,2249.66,1119.77,0,0.97
15460,4299,1644.28,771.57,1774.56,1013.05,0,0.9
15460,4337,1858.49,830.59,1992.75,1091.53,0,0.94
15460,4360,2268.02,934.56,2403.18,1176.93,0,0.78
15460,4396,2312.35,787.73,2446.9,1031.3,0,0.96
15460,4393,2204.15,1049,2342.74,1359.62,0,0.89
15460,4504,2611.8,810.18,2742.38,1068.63,0,0.92
15460,4472,777.04,491.89,851.56,645.44,0,0.85
15460,4567,853.32,408.07,927.05,541.86,0,0.78
15470,4277,2119.71,845.89,2250.01,1119.86,0,0.97
15470,4299,1644.03,771.22,1774.59,1013.22,0,0.91
15470,4337,1858.49,830.65,1992.63,1091.05,0,0.94
15470,4360,2268.49,933.66,2402.87,1175.14,0,0.78
15470,4396,2313.03,786.76,2447.25,1027.88,0,0.96
15470,4393,2204.76,1048.3,2342.41,1359.61,0,0.89
15470,4504,2611.87,810.05,2742.58,1069,0,0.91
15470,4472,777.01,491.54,851.69,644.93,0,0.82
15470,4452,3727.92,612.03,3883.59,770.27,0,0.9
15480,4277,2120.61,846.17,2249.76,1118.81,0,0.97
15480,4299,1643.58,770.48,1774.37,1013.12,0,0.9
15480,4337,1858.14,830.58,1992.65,1091.4,0,0.95
15480,4360,2270.42,933.61,2403.68,1173.16,0,0.77
15480,4396,2313.05,787.91,2446.79,1026.48,0,0.97
15480,4393,2204.46,1049.27,2341.57,1361.3,0,0.9
15480,4504,2612.46,811.17,2741.77,1068.73,0,0.92
15490,4277,2121.13,846.16,2249.6,1118.42,0,0.97
15490,4299,1643.3,770.06,1774.35,1013.37,0,0.91
15490,4337,1857.54,830.79,1992.24,1092.06,0,0.95
15490,4360,2271.01,933.67,2403.94,1172.96,0,0.75
15490,4396,2312.33,788.5,2446.52,1026.47,0,0.97
15490,4393,2204.25,1049.51,2341.41,1361.75,0,0.89
15490,4504,2612.94,811.32,2741.81,1068.89,0,0.92
15490,4576,883.21,501.43,976.38,660.55,0,0.76
15490,4472,778.02,487.94,845.39,625.84,0,0.6
15500,4277,2121.76,846.16,2249.42,1118.09,0,0.97
15500,4299,1643.19,769.89,1774.26,1013.31,0,0.9
15500,4337,1857.44,831.06,1992.02,1092.03,0,0.94
15500,4360,2271.81,933.88,2404.01,1171.89,0,0.77
15500,4396,2312.19,788.85,2446.39,1026.25,0,0.97
15500,4393,2204.18,1049.8,2341.03,1361.72,0,0.9
15500,4504,2613.25,811.42,2742.02,1068.91,0,0.92
15500,4472,777.04,487.05,849.11,613.66,0,0.39
15510,4277,2120.74,846.23,2248.89,1120.3,0,0.97
15510,4299,1643.27,769.94,1774.68,1013.33,0,0.91
15510,4337,1857.38,831.12,1992.54,1092.66,0,0.94
15510,4360,2269.67,933.24,2404.07,1173.32,0,0.73
15510,4396,2312.86,788.38,2445.82,1027.33,0,0.96
15510,4393,2202.21,1048.15,2343.41,1359.84,0,0.9
15510,4504,2612.69,811.59,2742.01,1069.65,0,0.92
15510,4472,777.35,488.38,849.97,629.62,0,0.68
15520,4277,2121.31,845.64,2248.29,1121.76,0,0.97
15520,4299,1643.12,769.52,1774.67,1012.15,0,0.87
15520,4337,1858.01,831.64,1992.9,1092.11,0,0.94
15520,4360,2268.63,933.65,2403.2,1172.4,0,0.8
15520,4396,2313.51,789.28,2446.1,1030.23,0,0.98
15520,4393,2200.9,1049.32,2343.18,1359.27,0,0.9
15520,4504,2613.31,812.12,2743.39,1070.7,0,0.91
15530,4277,2121.71,844.98,2248.39,1122.83,0,0.97
15530,4299,1643.09,768.7,1774.85,1011.86,0,0.82
15530,4337,1857.98,831.75,1993.27,1092.65,0,0.94
15530,4360,2268.33,933.03,2403.61,1173.7,0,0.8
15530,4396,2313.49,789.79,2446.13,1031.63,0,0.97
15530,4393,2200.27,1050.53,2341.78,1359.04,0,0.9
15530,4504,2613.43,812.24,2744.28,1071.41,0,0.92
15540,4277,2121.72,844.67,2248.5,1122.81,0,0.97
15540,4299,1642.92,768.5,1774.72,1011.75,0,0.84
15540,4337,1858.27,831.82,1993.62,1092.35,0,0.94
15540,4360,2269.15,932.44,2403.05,1172.49,0,0.8
15540,4396,2314.69,788.85,2445.96,1030.65,0,0.98
15540,4393,2202.04,1050.21,2339.48,1360.6,0,0.92
15540,4504,2613.73,812.06,2743.97,1071.6,0,0.93
15540,4472,775.41,488.23,849.97,641.5,0,0.26
15550,4277,2120.98,844.43,2248.58,1122.3,0,0.97
15550,4299,1643.68,770.4,1775.1,1013.3,0,0.9
15550,4337,1858.71,831.67,1994.53,1095.02,0,0.94
15550,4360,2269.78,930.31,2403.8,1174.07,0,0.73
15550,4396,2314.31,788.74,2446.27,1024.86,0,0.97
15550,4393,2206.97,1048.47,2339.32,1351.27,0,0.89
15550,4504,2612.73,811.57,2742.3,1072.38,0,0.9
15550,4472,776.27,490.88,851.58,644.85,0,0.26
15560,4277,2120.13,844.27,2248.65,1123,0,0.97
15560,4299,1644.16,771.12,1775.26,1013.77,0,0.89
15560,4337,1858.99,831.65,1994.43,1095.76,0,0.93
15560,4360,2269.06,929.87,2405.62,1174.51,0,0.72
15560,4396,2313.05,788.76,2446.34,1024.7,0,0.96
15560,4393,2207.94,1047.74,2342,1347.98,0,0.89
15560,4504,2610.9,810.64,2740.28,1066.91,0,0.6
15560,4472,776.38,491.96,852.07,645.84,0,0.39
15570,4277,2120.16,844.26,2248.94,1120.33,0,0.96
15570,4299,1643.68,770.48,1775.09,1013.97,0,0.9
15570,4337,1859.29,831.89,1993.55,1094.23,0,0.94
15570,4360,2267.56,930.52,2408.56,1181.36,0,0.74
15570,4396,2313.63,787.05,2446.25,1024.12,0,0.97
15570,4393,2201.55,1047.21,2342.7,1355.79,0,0.89
15570,4504,2611.98,812.16,2740.66,1069.36,0,0.9
15580,4277,2120.28,843.9,2249.59,1120.3,0,0.96
15580,4299,1643.26,770.02,1775.36,1014.32,0,0.9
15580,4337,1858.54,832.68,1994.31,1093.41,0,0.95
15580,4360,2269.11,930.91,2406.74,1175.94,0,0.79
15580,4396,2314.58,785.96,2446.81,1023.45,0,0.97
15580,4393,2199.7,1047.52,2342.79,1358.79,0,0.9
15580,4504,2612.2,812.19,2741.61,1072,0,0.92
15580,4592,2608.42,1256.53,2806.79,1659.46,0,0.9
15590,4277,2119.62,843.08,2250.01,1120.62,0,0.96
15590,4299,1643.13,769.44,1775.63,1014.76,0,0.91
15590,4337,1858.39,831.21,1995.34,1093.49,0,0.95
15590,4360,2270.21,930.98,2404.44,1175.32,0,0.76
15590,4396,2314.9,786.26,2447.12,1028,0,0.97
15590,4393,2198.46,1045.57,2343.12,1366.51,0,0.86
15590,4504,2612.44,812.16,2742.44,1071.08,0,0.93
15590,4592,2632.74,1157.98,2819.55,1515.92,0,0.95
15590,4472,774.5,488.63,849.54,646.88,0,0.32
15600,4277,2121.23,844.22,2248.72,1120.81,0,0.97
15600,4299,1643.78,770.04,1774.63,1014.12,0,0.91
15600,4337,1859.86,832.04,1995.4,1094.27,0,0.94
15600,4360,2268.7,932.46,2403.15,1176.95,0,0.76
15600,4396,2315.38,787.55,2446.59,1028.18,0,0.97
15600,4393,2199.89,1047.1,2343.92,1363.51,0,0.9
15600,4504,2611.62,812.11,2741.98,1068.04,0,0.77
15600,4592,2689.36,1037.98,2860.43,1363.83,0,0.9
15600,4472,774.47,488.51,850.59,645.33,0,0.65
15610,4277,2122.57,844.64,2248.43,1121.26,0,0.97
15610,4299,1644.21,770.24,1773.77,1013.53,0,0.9
15610,4337,1860.14,832.89,1995.15,1094.18,0,0.94
15610,4360,2269.19,933.65,2402.55,1178.78,0,0.79
15610,4396,2315.94,787.23,2446.68,1028.29,0,0.97
15610,4393,2201.25,1048.56,2342.63,1361.89,0,0.9
15610,4504,2612.3,812.79,2742.33,1069.57,0,0.93
15610,4592,2767,936.31,2918.43,1233.53,0,0.96
15610,4472,775.8,489.17,851.11,643.64,0,0.65
15620,4277,2123.73,843.96,2249.02,1118.66,0,0.96
15620,4299,1643.91,770.02,1774.77,1013.35,0,0.9
15620,4337,1859.12,833.07,1995.05,1092.47,0,0.94
15620,4360,2270.18,933.07,2405.38,1174.71,0,0.8
15620,4396,2315.14,787.32,2448,1026.4,0,0.97
15620,4393,2201.41,1049.03,2343.81,1360.61,0,0.91
15620,4504,2612.28,812.59,2742.71,1071.33,0,0.93
15620,4592,2817.22,864.62,2956.45,1135.92,0,0.96
15630,4277,2123.3,843.71,2249.14,1118.12,0,0.96
15630,4299,1643.26,769.29,1775.23,1013.78,0,0.89
15630,4337,1858.5,833.28,1995.27,1092.22,0,0.94
15630,4360,2270.8,932.66,2406.11,1174.46,0,0.78
15630,4396,2315.44,788.34,2448,1026.95,0,0.97
15630,4393,2201.98,1048.77,2342.93,1354.91,0,0.91
15630,4504,2612.72,812.31,2743.25,1071.28,0,0.93
15630,4592,2832.54,810.42,2963.95,1068.3,0,0.96
15630,4472,774.58,489.61,850.69,645.38,0,0.37
15640,4277,2122.7,843.5,2249.54,1117.36,0,0.97
15640,4299,1642.9,768.71,1775.51,1013.74,0,0.9
15640,4337,1857.89,832.08,1993.76,1091.1,0,0.92
15640,4360,2270.18,932.5,2406.83,1176.37,0,0.76
15640,4396,2314.17,787.79,2447.72,1028.02,0,0.97
15640,4393,2201.54,1046.96,2346.38,1357.55,0,0.89
15640,4504,2612.29,811.75,2743.77,1071.55,0,0.93
15640,4592,2832.19,777.35,2959.05,1025.88,0,0.95
15640,4472,774.84,489.2,850.96,645.48,0,0.44
15650,4277,2121.86,844.8,2250.07,1118.49,0,0.97
15650,4299,1643.34,768.48,1774.98,1013.64,0,0.87
15650,4337,1859.51,831.16,1995.62,1091.77,0,0.93
15650,4360,2269.91,934.83,2403.5,1177.98,0,0.76
15650,4396,2313.7,786.92,2447.58,1033.46,0,0.96
15650,4393,2202.94,1048.07,2345.45,1359.99,0,0.9
15650,4504,2612.65,812.1,2743.69,1071.57,0,0.94
15650,4592,2827.9,757.77,2953.97,1002.05,0,0.96
15650,4472,774.55,488.78,851.08,645.74,0,0.44
15660,4277,2121.1,844.9,2249.95,1118.88,0,0.97
15660,4299,1643.66,768.84,1774.77,1013.26,0,0.88
15660,4337,1859.88,830.94,1994.71,1091.11,0,0.93
15660,4360,2269.36,935.98,2402.5,1177.17,0,0.79
15660,4396,2314.17,787.06,2447.89,1034.26,0,0.96
15660,4393,2203.53,1048.96,2344.41,1361.04,0,0.9
15660,4504,2612.91,812.81,2743.42,1071.82,0,0.94
15660,4592,2830.78,748.43,2951.55,991.86,0,0.92
15660,4472,775.17,489.27,851.58,644.28,0,0.51
15670,4277,2120.55,844.97,2250.09,1119.03,0,0.97
15670,4299,1643.08,769.75,1774.36,1012.61,0,0.85
15670,4337,1859.24,830.91,1994.56,1090.52,0,0.93
15670,4360,2269.43,934.62,2403.77,1175.06,0,0.81
15670,4396,2313.65,786.2,2447.18,1030.57,0,0.96
15670,4393,2202.44,1049.35,2343.62,1360.22,0,0.9
15670,4504,2612.29,813.78,2742.73,1071.82,0,0.94
15670,4592,2832.59,741.55,2955,988.92,0,0.77
15670,4472,775.41,491.2,851.52,643.81,0,0.28
15680,4277,2121.02,845.17,2250.2,1119.63,0,0.97
15680,4299,1643.16,769.98,1773.88,1011.77,0,0.84
15680,4337,1858.97,830.86,1993.98,1090.07,0,0.93
15680,4360,2270.09,934.92,2403.92,1174.88,0,0.8
15680,4396,2313.52,786.43,2447.19,1028.31,0,0.96
15680,4393,2202.37,1050.22,2342.72,1359.53,0,0.9
15680,4504,2612.26,814.37,2742.26,1071.67,0,0.94
15680,4592,2827.59,745.72,2952.66,990.63,0,0.88
15690,4277,2120,844.53,2249.85,1120.2,0,0.97
15690,4299,1643.14,769.4,1773.97,1013.02,0,0.91
15690,4337,1858.54,828.92,1993.37,1090.06,0,0.94
15690,4360,2270.98,934.21,2403.39,1171.82,0,0.82
15690,4396,2314.12,786.48,2447.09,1026.53,0,0.96
15690,4393,2202.78,1049.52,2342.05,1359.49,0,0.88
15690,4504,2611.64,813.34,2742.12,1072.31,0,0.93
15690,4592,2824.97,749.1,2949.84,995.56,0,0.87
15690,4472,776.28,490.36,852.01,643.33,0,0.3
15700,4277,2118.73,844.41,2249.67,1120.81,0,0.97
15700,4299,1643.34,769.69,1774.2,1013.72,0,0.92
15700,4337,1857.67,828.98,1993.34,1090.4,0,0.94
15700,4360,2271.75,934.7,2403.38,1171.22,0,0.81
15700,4396,2313.66,786.84,2446.61,1026.75,0,0.96
15700,4393,2202.15,1048.87,2342.07,1359.41,0,0.88
15700,4504,2610.8,812.96,2741.83,1072.71,0,0.93
15700,4592,2823.86,752.79,2948.76,1000.5,1,0.84
15700,4472,776.17,490.03,852.02,643.88,0,0.31
15710,4277,2121.08,845.04,2249.14,1119.76,0,0.96
15710,4299,1643.68,770.88,1774.73,1013.48,0,0.9
15710,4337,1859.11,830.48,1992.14,1087.63,0,0.94
15710,4360,2270.81,935.84,2402.58,1171.21,0,0.82
15710,4396,2312.22,785.12,2445.66,1027.05,0,0.95
15710,4393,2203.48,1049.49,2341.99,1359.77,0,0.9
15710,4504,2608.67,813.81,2740.96,1072.17,0,0.94
15710,4592,2822.8,754.86,2947.83,1001.11,0,0.88
15710,4472,779.22,490.95,851.61,644.46,0,0.73
15720,4277,2116.81,840.59,2247.43,1116.57,0,0.97
15720,4299,1643.08,770.13,1774.73,1013.11,0,0.93
15720,4337,1862.63,811.88,1994.4,1075.73,0,0.83
15720,4360,2269.1,933.55,2402.63,1173.26,0,0.76
15720,4396,2301.79,769.65,2428.31,1006.26,0,0.94
15720,4393,2204.4,1050.39,2342.71,1360.55,0,0.9
15720,4504,2610.54,801.14,2735.53,1052.69,0,0.91
15720,4592,2820.62,751.69,2942.32,989.45,0,0.86
15730,4277,2117.09,817.93,2242.11,1080.67,0,0.88
15730,4299,1645.27,754.63,1774.7,999.43,0,0.97
15730,4337,1867.9,789.83,1992.41,1047.3,0,0.95
15730,4360,2274.36,920.42,2413.9,1173.34,0,0.9
15730,4396,2273.15,728.5,2392.26,963.08,0,0.91
15730,4393,2201.56,1052.09,2343.53,1363.62,0,0.89
15730,4504,2596.44,766.76,2715.6,1008.06,0,0.94
15730,4592,2811.17,724.84,2929.74,950.54,0,0.87
15730,4472,777.6,489.79,850.3,642.66,0,0.51
15740,4277,2121.88,770.47,2228.73,1007.99,0,0.69
15740,4299,1661.9,717.64,1780.39,943.2,0,0.9
15740,4337,1884.62,750.12,1999.8,992.96,0,0.93
15740,4360,2268.49,899.54,2407.78,1156.61,0,0.94
15740,4393,2202.43,1049.37,2338.83,1351,0,0.91
15740,4504,2550.94,720.29,2675,951.39,0,0.92
15740,4592,2782.23,675.34,2896.77,888.87,0,0.93
15750,4277,2123.37,703.88,2220.78,916.16,0,0.67
15750,4299,1684.02,654.31,1789.31,866.5,0,0.97
15750,4337,1903.25,695.4,2009.27,922.04,0,0.79
15750,4360,2251.46,851.45,2389.11,1099.07,0,0.97
15750,4393,2204.36,1019.4,2334.51,1310.71,0,0.9
15750,4504,2526.14,663.11,2638.07,877.36,0,0.96
15760,4299,1710.87,586.39,1805.46,780.86,0,0.87
15760,4337,1921.49,636.54,2019.07,847.5,0,0.92
15760,4393,2208.7,964.27,2330.44,1240.17,0,0.69
15760,4396,2235.42,752.96,2352.2,977.8,0,0.93
15760,4472,776.89,492.13,851.94,648.71,0,0.49
15770,4299,1735.27,514.16,1823.16,690.85,0,0.92
15770,4337,1931.22,579.14,2023.52,774.88,0,0.85
15770,4607,2689.7,504.89,2782.46,670.71,0,0.89
15770,4396,2221.25,706.69,2333.27,916.15,0,0.88
15770,4472,777.32,492.58,851.61,646.38,0,0.5
15770,4360,2223.59,850.77,2339.58,1106.64,0,0.9
15780,4337,1934.95,524.57,2017.61,708.15,0,0.85
15780,4396,2206.77,643.98,2309.82,845.66,0,0.91
15780,4472,777.75,494.37,851.95,645.68,0,0.83
15780,4360,2225.77,786.19,2335.1,1034.42,0,0.82
15780,4567,853.66,414.49,923.29,549.46,0,0.27
15790,4337,1944.46,475.61,2021.21,645.42,0,0.8
15790,4396,2178.64,581.7,2278.15,773.76,0,0.94
15790,4472,776.45,493.38,850.17,645.81,0,0.75
15790,4360,2246.98,714.72,2346,944.5,0,0.93
15790,4627,863.8,373.79,936.77,494.87,0,0.41
15800,4337,1963.85,444.37,2031.15,592.74,0,0.75
15800,4396,2150.83,522.74,2243.19,703.62,0,0.89
15800,4472,779.85,491.21,848.63,645.87,0,0.34
15800,4360,2257.96,647.36,2351.57,858.01,0,0.94
15810,4337,1979.18,408.39,2043.76,548.1,0,0.71
15810,4396,2130.78,474.42,2215.64,642.33,0,0.91
15810,4360,2262.44,583.51,2352.55,780.35,0,0.95
15810,4299,1752.91,369.85,1825.08,508.87,0,0.68
15820,4396,2120.52,433.86,2193.17,584.08,0,0.77
15820,4360,2259.06,529.22,2341.55,705.46,0,0.8
15820,4472,782.59,491.27,849.58,644.34,0,0.28
15830,4396,2115.13,396.26,2183.07,536.38,0,0.65
15830,4360,2258.29,479.37,2331.69,650.18,0,0.89
15840,4396,2116.77,365.53,2181.32,491.12,0,0.56
15840,4360,2261.07,446.45,2330.35,596.3,0,0.85
15840,4667,65.99,1018.65,272.31,1350.02,3,0.82
15850,4360,2268.61,411.1,2332.56,554.35,0,0.61
15860,4360,2275.55,386.39,2339.76,519.31,0,0.51
15860,4683,284.63,1001.78,469.11,1301.51,3,0.87
15870,4667,63.79,1044.72,262.36,1368.92,1,0.78
15880,4683,220.14,910.36,400,1201.35,3,0.94
15900,4667,5.51,1036.31,191.44,1357.11,3,0.83
15910,4472,777.98,515.6,850.58,645.74,0,0.55
15920,4472,776.32,512.08,850.79,646.76,0,0.6
15930,4472,777.14,510.99,849.21,647.22,0,0.84
15940,4472,778.26,511.15,848.3,646.78,0,0.69
15950,4724,2216.59,478.78,2306,646.77,0,0.8
15960,4724,2189.52,453.84,2278.76,616.97,0,0.88
15970,4724,2152.31,439.28,2239.91,584.55,0,0.87
15970,4731,1320.06,595.24,1425.7,807.47,0,0.84
15970,4472,778.15,496.99,851.33,646.08,0,0.66
15980,4724,2106.76,413.54,2188.35,558.24,0,0.76
15980,4731,1303.74,544.14,1401.11,735.72,0,0.92
15980,4472,775.61,487.35,853.08,643.51,0,0.43
15990,4724,2047.09,402.37,2137.53,533.66,0,0.63
15990,4731,1282.04,492.41,1371.59,668,0,0.91
16000,4724,2014.88,378.83,2099.78,507.36,0,0.46
16000,4731,1281.56,467.04,1354.32,612.45,0,0.4
16010,4724,1974.48,363.66,2056.6,490.82,0,0.47
16010,4731,1281.24,436.68,1351.99,580.48,0,0.8
16010,4472,779.18,490.46,847.42,644.19,0,0.55
16020,4472,780.98,505.1,844.91,645.88,0,0.5
16050,4472,775.59,484.96,852.86,642.76,0,0.52
16060,4472,777.87,488,853.43,644.03,0,0.41
16070,4472,778.9,494.4,850.66,642.14,0,0.42
16070,4755,843.42,444.78,917.09,584.08,0,0.66
16070,4757,993.5,423.17,1063.7,556.85,0,0.69
16080,4472,779.73,493.33,851.1,641.34,0,0.52
16080,4755,850.18,454.33,913.57,593.01,0,0.61
16080,4757,996.49,448.67,1072.48,593.64,0,0.54
16090,4472,777.2,488.53,845.99,634.89,0,0.58
16090,4757,988,479.48,1068.24,629.9,0,0.47
16090,4767,1898.92,832.64,2046.41,1106.29,0,0.72
16100,4472,776.7,487.57,847.33,635.91,0,0.47
16110,4472,777.74,485.01,847.71,634.38,0,0.28
16130,4472,776.35,488.22,848.9,634.72,0,0.54
16140,4472,774.57,487.2,850.15,640.48,0,0.65
16150,4472,773.9,486.23,850.63,643.63,0,0.68
16160,4472,773.14,485.96,850.13,645.33,0,0.5
16160,4802,3702.26,871.75,3910.42,1135.79,0,0.89
16170,4472,774.05,485.8,850.27,646.52,0,0.68
16170,4802,3695.91,874.1,3914.87,1132.63,0,0.75
16180,4472,775.38,486.15,849.63,646.8,0,0.55
16180,4802,3698.19,874.56,3932.86,1131.03,0,0.76
16190,4802,3721.8,881.66,3912.65,1129.54,0,0.33
16200,4802,3702.08,883.41,3903.76,1120.73,0,0.87
16200,4472,774.76,487.33,850.06,646.54,0,0.54
16210,4802,3698.65,883.13,3897.78,1123.31,0,0.88
16210,4472,773.64,486.43,850.34,645.93,0,0.36
16220,4802,3697.83,882.85,3896.57,1123.85,0,0.86
16230,4802,3696.45,883.02,3896.33,1124.98,1,0.42
16230,4472,775.45,487.22,850.41,646.13,0,0.5
16240,4802,3697.55,880.92,3891.64,1123.13,0,0.83
16240,4472,776.44,489.4,849.79,645.46,0,0.3
16250,4802,3696.7,880.48,3896.58,1123.83,0,0.92
16260,4802,3695.38,880.04,3897.98,1122.85,0,0.92
16260,4472,776.17,488.38,849.68,645.4,0,0.38
16270,4802,3694.12,879.23,3905.22,1120.91,0,0.91
16270,4472,776.91,487.69,849.88,645.61,0,0.53
16280,4802,3694.95,880.32,3903.87,1121.6,0,0.91
16290,4802,3695.31,881.13,3903.16,1123.71,0,0.89
16300,4802,3696.74,882.57,3905.93,1125.93,0,0.89
16300,4472,775.8,492.02,851.74,645.55,0,0.27
16310,4802,3697.72,882.93,3907.53,1128.61,0,0.87
16310,4846,2424.17,433.92,2508.04,586.9,0,0.83
16310,4767,1976.83,884.91,2099.8,1189.39,0,0.86
16320,4802,3698.16,883.25,3908.04,1128.83,0,0.9
16320,4472,777.39,510.34,850.98,648.35,0,0.7
16330,4802,3699.02,882.63,3906.68,1129.29,0,0.89
16330,4472,779.37,513.62,849.6,646.83,0,0.66
16340,4802,3699.35,882.13,3906.42,1129.54,0,0.89
16340,4472,781.56,510.65,849.65,647.22,0,0.68
16350,4802,3698.55,882.23,3906.27,1130.17,0,0.84
16350,4472,780.45,502.06,849.22,645.87,0,0.72
16360,4802,3698.98,882.11,3904.89,1130.88,0,0.66
16360,4472,777.94,493.99,848.56,644.98,0,0.31
16360,4767,1926.91,915.49,2085.1,1219.45,0,0.76
16370,4802,3699.52,881.53,3904.12,1131.67,0,0.67
16370,4472,777,489.64,849.33,645.07,0,0.62
16380,4802,3700.08,880.19,3906.63,1134.11,0,0.86
16380,4472,776.25,487.96,849.6,643.57,0,0.63
16380,4868,1382.15,659.01,1524.6,881.18,0,0.71
16390,4802,3700.08,880.59,3907.79,1134.5,0,0.87
16390,4472,775.89,486.96,848.07,644.1,0,0.57
16390,4868,1400.1,649.53,1534.68,863.12,0,0.56
16400,4802,3700.35,880.21,3908.27,1134.91,0,0.87
16400,4472,775.54,485.83,848.01,644.28,0,0.72
16400,4868,1413.64,639.68,1537.65,843.6,0,0.34
16410,4802,3699.95,880.95,3906.61,1133.44,0,0.78
16410,4472,775.8,485.95,848.82,644.35,0,0.69
16410,4868,1438.85,627.51,1560.56,826.2,0,0.36
16420,4802,3700.08,880.48,3906.42,1133.22,0,0.85
16420,4472,775.86,485.87,849.05,644.42,0,0.71
16420,4868,1458.87,602.85,1575.31,801.77,0,0.62
16430,4802,3699.55,880.77,3906,1133.93,0,0.77
16430,4472,776.08,486.04,848.83,645.05,0,0.65
16430,4868,1468.55,568.03,1579.26,756.93,0,0.86
16440,4802,3699.54,881.25,3905.79,1134.05,0,0.71
16440,4472,776.54,485.8,848.21,645.03,0,0.74
16440,4868,1447.88,538.26,1552.84,719.35,0,0.84
16450,4802,3699.77,881.17,3905.46,1134.41,0,0.52
16450,4472,776.75,486.04,847.72,645.19,0,0.61
16460,4802,3697.15,885.1,3906.79,1135.66,0,0.42
16460,4472,777.33,487.04,847.91,643.76,0,0.67
16470,4802,3696.16,886.1,3906.7,1134.88,0,0.74
16470,4472,777.74,487.55,848.44,643.23,0,0.52
16480,4802,3695.04,893.4,3906.03,1136.3,0,0.95
16480,4472,778.04,487.49,846.72,639.89,0,0.69
16490,4802,3695.29,903.1,3905.37,1137.17,0,0.93
16500,4802,3695.2,888.17,3906.24,1138.1,0,0.79
16500,4472,777.7,489.15,846.95,643.9,0,0.32
16510,4802,3696.76,889.39,3906.51,1136.94,0,0.88
16510,4472,775.07,487.24,847.7,645.23,0,0.35
16520,4802,3697.87,884.63,3903.7,1133.19,0,0.47
16520,4472,774.6,488.08,849.64,645.69,0,0.43
16530,4802,3698.54,883.05,3903.03,1131.74,0,0.55
16530,4472,775.67,490.06,850.07,646.52,0,0.43
16540,4802,3698.91,882.32,3903.16,1131.53,0,0.82
16540,4472,776.79,489.72,850.69,642.74,0,0.45
16550,4802,3696.41,880.87,3899.06,1125.27,0,0.63
16550,4472,777.64,486.1,854.31,642.9,0,0.64
16570,4802,3637.36,898.5,3905.63,1131,0,0.5
16580,4923,3507.56,1016.89,3733.27,1239,0,0.89
16590,4472,788.81,493.8,882.84,655.54,0,0.87
16600,4472,811.29,498.17,936.49,657.35,0,0.69
16610,4472,802.18,520.86,924.22,683.73,0,0.62
16620,4949,1533.66,592.62,1728.04,787.59,0,0.82
16640,4965,2413.56,632.29,2618.14,847.45,0,0.85
16650,4973,2944.34,670.99,3149.1,882.04,0,0.94
16650,4974,3590.01,700.95,3763.27,886.29,0,0.8
16660,4974,3538.44,713.66,3733.92,929.44,0,0.58
16660,4965,2486.72,625.88,2660.19,823.62,0,0.95
16670,4965,2493.26,605.38,2680.78,803.46,0,0.92
16670,4472,790.27,558.08,900.54,730.62,0,0.83
16670,4973,3023.66,661.77,3174.47,856.5,0,0.96
16760,5019,2650.66,1007.47,2826.41,1319.67,0,0.92
16770,5019,2643.92,963.93,2810.68,1259.16,0,0.93
16780,5019,2639.34,927.43,2803.48,1223.88,0,0.89
16790,5019,2641.12,911.91,2802.4,1204.58,0,0.92
16800,5019,2639.89,913.8,2801.15,1204.57,0,0.86
16810,5019,2639.46,918.03,2802.66,1205.2,0,0.89
16820,5019,2639.8,918.43,2804.86,1207.4,0,0.9
16830,5019,2636.41,920.69,2803.22,1203.89,0,0.89
16840,5019,2637.69,923.08,2803.29,1208.06,0,0.82
16850,5019,2639.4,922.34,2804.49,1211.43,0,0.91
16850,4974,3079.34,924.82,3257.6,1196.48,0,0.92
16860,5019,2640,920.96,2805.88,1212.03,0,0.92
16870,5019,2640.68,921.27,2806.18,1212.83,0,0.9
16870,4802,3604.28,831.67,3787,1072.78,0,0.95
16880,5019,2639.78,923.16,2805.48,1216,0,0.83
16890,5019,2638.44,925.51,2803.71,1217.32,0,0.81
16900,5019,2638.97,924.9,2803.26,1213.92,0,0.89
16910,5019,2636.96,924.26,2798.89,1195.71,0,0.87
16920,5019,2639.49,926.55,2801.45,1203.56,0,0.89
16930,5019,2638.88,926.8,2806.32,1208.82,0,0.37
16940,5019,2640.08,927.95,2803.02,1214.88,0,0.82
16950,5019,2639,926.95,2803.37,1216.85,0,0.91
16960,5019,2638.4,925.05,2803.72,1214.22,0,0.89
16970,5019,2637.74,923.95,2803.41,1213.1,0,0.92
16980,5019,2635.68,925.11,2803.27,1213.07,0,0.92
16990,5019,2635.08,926.09,2803.01,1214.01,0,0.9
17000,5019,2636.53,925.95,2801.91,1215.9,0,0.84
17010,5019,2634.22,924.74,2801.18,1189.33,0,0.67
17020,5019,2633.3,923.83,2802.37,1178.81,1,0.55
17020,5065,2633.1,923.91,2802.74,1175.62,0,0.36
17030,5019,2637.01,926.54,2800.34,1200.36,0,0.4
17030,5065,2637.81,927.19,2800.17,1204.03,1,0.56
17040,4802,3582.96,768.55,3829.43,985.55,2,0.49
17050,5019,2640.01,929.06,2800.19,1211.37,0,0.75
17060,5019,2639.15,926.63,2800.74,1215.84,0,0.91
17060,4802,3631.69,726.71,3833.93,925.12,0,0.71
17070,5019,2637.87,925.95,2802.06,1216.89,0,0.9
17080,5019,2637.2,925.14,2803.79,1216.27,0,0.9
17080,5083,1466.98,635.01,1578.56,805.68,0,0.79
17090,5019,2637.14,924.04,2804.03,1216.35,0,0.91
17090,5083,1482.89,617.57,1591.19,781.42,0,0.83
17100,5019,2637.44,924.22,2803.83,1215.67,0,0.91
17100,5083,1490.96,589.75,1600.72,754.1,0,0.46
17110,5019,2638.4,926.42,2803.82,1214.41,0,0.89
17110,5083,1494.79,598.81,1603.12,765.57,0,0.78
17120,5019,2639.98,927.76,2803.99,1214.91,0,0.8
17120,5083,1497.99,604.32,1603.86,785.21,0,0.8
17130,5019,2640.71,928.02,2803.4,1214.05,0,0.83
17130,5083,1495.16,604.38,1603.79,783.57,0,0.79
17140,5019,2640.78,926.58,2803.33,1213.74,0,0.86
17140,5083,1493.96,606.31,1603.43,781.55,0,0.8
17150,5019,2640.7,926.89,2802.71,1213.58,0,0.87
17150,5083,1489.97,611.76,1605.54,837.09,0,0.58
17160,5019,2641.15,918.42,2803.39,1206.38,0,0.9
17160,5083,1493.49,606.79,1602.41,799.4,0,0.81
17170,5019,2641.11,901.61,2795.58,1184.36,0,0.6
17170,5083,1494.37,604.95,1601.01,781.81,0,0.83
17180,5019,2641.14,877.58,2791.39,1147.68,0,0.93
17180,5083,1495.61,608.47,1600.53,779.72,0,0.69
17190,5019,2646.57,848.46,2794.23,1115.29,0,0.92
17190,5083,1495.79,610.72,1600.81,776.39,0,0.51
17200,5019,2650.99,823.42,2795.1,1083.13,0,0.91
17200,5083,1496.18,611.77,1599.84,773.45,0,0.49
17210,5019,2657.59,803.95,2799.51,1061.49,0,0.89
17210,5083,1496.41,612.26,1599.72,773.18,0,0.36
17220,5019,2659.38,792.52,2800.35,1044.13,0,0.93
17220,5083,1497.31,608.48,1599.96,756.12,0,0.58
17230,5019,2660.82,789.91,2800.74,1036.1,0,0.9
17230,5083,1496.8,610.95,1598.79,761.34,0,0.41
17240,5019,2661.06,790.64,2802.94,1041.67,0,0.94
17240,5083,1495.8,611.32,1598.32,764.84,0,0.53
17250,5019,2661.36,796.2,2802.5,1044.25,0,0.8
17250,5083,1494.64,607.82,1598.38,760.4,0,0.89
17260,5019,2661.92,793.63,2804.83,1046.57,0,0.94
17260,5083,1494.25,606.69,1599.44,760.3,0,0.88
17270,5019,2661.98,792.77,2805.9,1047.15,0,0.94
17270,5083,1493.24,608.74,1599.3,764.65,0,0.86
17280,5019,2661.18,792.85,2806.73,1048,0,0.95
17280,5083,1494.87,607.66,1599.94,760.87,0,0.89
17290,5019,2661.09,792.8,2807.31,1048.43,0,0.94
17290,5083,1495.01,606.73,1600.44,759.31,0,0.88
17300,5019,2660.83,793.73,2807.1,1048.52,0,0.91
17300,5083,1494.76,606.65,1597.85,763.03,0,0.87
17310,5019,2661.11,795.1,2807.38,1049.64,0,0.91
17310,5083,1495.54,605.58,1598.94,761.65,0,0.85
17320,5019,2661.09,795.6,2806.87,1050.51,0,0.91
17320,5083,1495.43,606.04,1600.18,764.19,0,0.85
17330,5019,2660.86,795.79,2807.39,1050.12,0,0.92
17330,5083,1495.99,605.67,1600.97,770.21,0,0.85
17340,5019,2660.79,796.1,2807.34,1049.76,0,0.92
17340,5083,1495.97,605.02,1601.25,777.06,0,0.83
17350,5019,2660.78,796.27,2807.36,1049.75,0,0.93
17350,5083,1496.76,603.92,1601.15,770.52,0,0.86
17360,5019,2660.77,797.03,2806.95,1050.48,0,0.92
17360,5083,1496.54,606.87,1601.52,776.57,0,0.9
17370,5019,2660.76,797.31,2806.68,1050.96,0,0.92
17370,5083,1496.1,610.26,1600.93,782.33,0,0.88
17380,5019,2660.86,797.25,2806.4,1050.29,0,0.93
17380,5083,1498.22,609.65,1600.94,782.71,0,0.84
17390,5019,2661.09,797.45,2806.75,1049.77,0,0.94
17390,5083,1498.57,609.74,1601.21,781.72,0,0.84
17400,5019,2660.89,797.41,2806.86,1050.06,0,0.94
17400,5083,1497.54,609.7,1601.44,785.49,0,0.92
17410,5019,2661.13,798.13,2807.3,1049.51,0,0.94
17410,5083,1496.35,609.25,1603.08,786.58,0,0.88
17420,5019,2661.35,798.54,2807.33,1049.08,0,0.93
17420,5083,1495.15,609.19,1603.7,785.91,0,0.87
17430,5019,2661.29,798.26,2806.44,1049.38,0,0.92
17430,5083,1494.53,610.61,1602.79,792,0,0.83
17440,5019,2661.32,798.19,2806.54,1049.48,0,0.92
17440,5083,1494.25,610.24,1602.12,797.82,0,0.8
17450,5019,2660.81,798.19,2806.17,1045.52,0,0.92
17450,5083,1496.26,610.25,1602.07,792.58,0,0.9
17450,5120,1306.22,699.3,1418.15,926.71,0,0.87
17450,5122,3970.28,835.36,4081.9,1027.09,1,0.54
17450,5123,3970.28,835.36,4081.9,1027.09,0,0.44
17460,5019,2659.27,798.38,2805.99,1030.01,0,0.9
17460,5083,1496.49,610.81,1601.06,788.47,0,0.92
17460,5120,1311.29,673.7,1422.66,896.59,0,0.73
17460,5122,3965.73,833.98,4081.01,1026.88,1,0.28
17460,5123,3965.73,833.98,4081.01,1026.88,0,0.27
17470,5019,2659.45,797.66,2805.38,1044.3,0,0.91
17470,5083,1496.96,611.73,1600.44,786.48,0,0.92
17470,5120,1313.4,653.56,1421.51,869.22,0,0.9
17480,5019,2659.07,796.96,2805.07,1043.88,0,0.91
17480,5083,1496.74,612.33,1600.13,788.64,0,0.91
17480,5120,1295.73,631.43,1403.72,845.26,0,0.93
17480,5122,3965.79,835,4081.14,1025.18,0,0.52
17490,5019,2659.86,797.45,2803.97,1050.67,0,0.92
17490,5083,1495.79,612.31,1600.25,787.16,0,0.9
17490,5122,3966.2,834.83,4081.38,1025.42,0,0.46
17500,5019,2660.32,797.73,2803.59,1048.64,0,0.93
17500,5083,1494.73,612.44,1600.67,786.58,0,0.89
17500,5122,3966.01,835.1,4081.69,1025.43,0,0.44
17500,5134,793.14,463.33,892.28,615.98,3,0.74
17510,5019,2660.94,797.39,2803.57,1048.57,0,0.94
17510,5083,1495.39,612.92,1600.53,784.17,0,0.89
17510,5122,3968.82,835.87,4080.43,1025.78,0,0.59
17510,5134,825.56,463.47,926.15,621.92,0,0.76
17520,5019,2661.19,797.53,2803.43,1049.53,0,0.93
17520,5083,1495.32,611.44,1600.29,783.37,0,0.87
17520,5122,3970.23,836.76,4079.99,1026.11,0,0.37
17520,5134,817.57,521.67,925.16,698.72,0,0.87
17530,5019,2660.74,797.88,2803.99,1050.23,0,0.91
17530,5083,1495,612.57,1600.49,786.56,0,0.89
17530,5122,3965.34,835.7,4081.06,1025.2,1,0.44
17530,5149,3964.43,835.44,4081.41,1025.16,0,0.44
17540,5019,2660.57,798.48,2804.34,1049.01,0,0.91
17540,5083,1495.65,612.32,1600.44,786.78,0,0.89
17540,5122,3964.98,835.67,4081.12,1024.28,0,0.42
17540,5120,1248.34,501.17,1386.4,677.8,3,0.51
17550,5019,2660.35,798.89,2804.35,1048.84,0,0.9
17550,5122,3964.82,835.7,4081.08,1023.89,0,0.48
17560,5019,2660.57,799.36,2806.34,1050.47,0,0.92
17560,5083,1494.8,611.07,1601.39,785.28,0,0.88
17570,5019,2661.74,800.2,2806,1048.32,0,0.95
17570,5083,1495.29,610.88,1601.96,785.1,0,0.9
17570,5122,3965.11,836.04,4081.81,1026.23,1,0.47
17580,5019,2661.64,799.65,2806.13,1050.88,0,0.93
17580,5083,1496.34,612.25,1601.44,785.5,0,0.87
17580,5122,3964.81,833.62,4085.72,1025.8,0,0.79
17590,5019,2661.16,800.15,2806,1052.75,0,0.5
17590,5083,1496.58,612.18,1601.64,786.34,0,0.89
17590,5122,3970.53,829.44,4087.87,1026.08,0,0.4
17590,5177,1215.24,734.47,1351.38,989.86,0,0.8
17600,5019,2660.34,797.18,2806.65,1053.74,0,0.85
17600,5083,1496.33,611.58,1602.6,786.27,0,0.88
17600,5122,3969.39,832.57,4084.33,1026.41,0,0.47
17600,5177,1218.52,685.95,1344.02,924.92,0,0.58
17610,5019,2660.81,796.08,2806.06,1052.44,0,0.93
17610,5083,1495.65,612.55,1599.64,785.07,0,0.9
17610,5122,3967.18,834.8,4082.57,1026.32,1,0.3
17610,5177,1167.42,636.47,1295.2,871.63,0,0.7
17620,5019,2661.08,796.46,2805.63,1051.47,0,0.92
17620,5083,1495.88,612.89,1597.84,784.21,0,0.91
17620,5122,3969.08,835.49,4079.76,1025.43,0,0.49
17620,5198,2323.03,745.36,2437.3,1003.5,0,0.5
17630,5019,2661.61,798.59,2803.61,1051.93,0,0.9
17630,5083,1494.36,611.35,1600.23,784.83,0,0.88
17630,5122,3966.22,833.65,4081.12,1025.2,0,0.36
17630,5198,2317.39,749.23,2437.27,1002.75,0,0.76
17640,5019,2661.11,798.09,2803.56,1052.25,0,0.92
17640,5083,1495.55,610.77,1600.98,786.13,0,0.9
17640,5122,3966.61,832.65,4085.66,1022.88,0,0.93
17640,5198,2317.52,748.89,2435.95,1002.27,0,0.58
17650,5019,2661.39,797.79,2803.65,1052.2,0,0.93
17650,5083,1496.21,610.1,1601.2,787.52,0,0.89
17650,5122,3967.96,827.3,4089.26,1023.24,0,0.85
17650,5198,2318.22,749.85,2433.7,1002.26,0,0.75
17660,5019,2660.8,797.17,2805.26,1052.28,0,0.94
17660,5083,1497.36,610.81,1601.41,786.01,0,0.91
17660,5122,3965.3,832.16,4090.69,1023.49,0,0.29
17660,5198,2319.08,748.01,2433.3,1002.14,0,0.64
17670,5019,2660.28,797.35,2805.51,1052.8,0,0.92
17670,5083,1498.15,612.12,1601.59,786.11,0,0.92
17670,5122,3964.79,833.81,4091.03,1024.05,0,0.54
17670,5198,2319.82,748.88,2434.89,1002.34,0,0.58
17680,5019,2660.76,797.89,2805.14,1051.81,0,0.91
17680,5083,1496.88,613.02,1601.54,787.38,0,0.89
17680,5122,3967.8,833.4,4091.44,1024.57,1,0.72
17680,5198,2320.17,749.04,2435.55,1003.3,0,0.44
17690,5019,2660.46,797.86,2805.29,1051.24,0,0.93
17690,5083,1495.74,613.3,1601.34,787.59,0,0.88
17690,5122,3968.19,831.89,4089.74,1023.53,0,0.64
17690,5198,2320.5,748.54,2436.94,1001.24,0,0.61
17700,5019,2659.82,797.35,2805.96,1043.6,0,0.96
17700,5083,1495.06,612.29,1601.66,788.06,0,0.9
17700,5122,3967.58,832.17,4090.68,1025.23,0,0.61
17700,5198,2317.72,748.77,2432.87,1000.4,0,0.65
17710,5019,2661.2,797.98,2802.54,1028.86,0,0.9
17710,5083,1494.22,612.46,1601.52,786.32,0,0.85
17710,5122,3968.71,832.43,4091.15,1026.8,1,0.73
17710,5198,2318.69,754.82,2427.49,996.32,0,0.47
17710,5229,1738.6,718.02,1860.24,966.14,0,0.8
17710,5230,3968.87,832.61,4091.11,1027.28,0,0.48
17720,5019,2661.06,797.12,2803.09,1037.38,0,0.91
17720,5083,1494.1,612.54,1601.41,785.79,0,0.87
17720,5122,3967.97,832.93,4091.58,1027.2,0,0.58
17720,5198,2316.41,755.74,2429.16,996.78,0,0.66
17720,5229,1742.92,718,1863.04,962.94,0,0.95
17720,5230,3967.82,833.12,4091.44,1027.3,1,0.66
17730,5019,2661.9,798.76,2802.15,1042.64,0,0.92
17730,5083,1496.71,612.06,1601.04,783.94,0,0.85
17730,5122,3968.7,834.63,4092.02,1025.74,0,0.66
17730,5198,2317.03,753.01,2432.83,997.64,0,0.64
17730,5229,1746.51,719.36,1863.45,964.3,0,0.95
17730,5230,3968.64,835.07,4091.89,1025.41,1,0.59
17740,5019,2661.76,799.21,2802.26,1046.88,0,0.93
17740,5083,1495.89,616.27,1600.25,785.14,0,0.49
17740,5122,3968.32,834.32,4092.05,1027.23,0,0.69
17740,5198,2317.32,751.36,2438.4,997.65,0,0.6
17740,5229,1745.87,718.07,1863.7,963.92,0,0.93
17740,5230,3968.21,834.56,4091.91,1027.17,1,0.5
17750,5019,2661.2,799.62,2802.92,1045.52,0,0.94
17750,5083,1494.09,611.75,1600.85,787.3,0,0.83
17750,5122,3968.71,832.89,4091.67,1028.02,0,0.67
17750,5198,2317.74,752.64,2441.89,999.2,0,0.85
17750,5229,1745.98,718.47,1864.14,964.14,0,0.95
17750,5230,3968.66,832.92,4091.48,1028.01,1,0.52
17760,5019,2660.14,799.64,2802.8,1036.57,0,0.91
17760,5083,1494.08,606.25,1603.12,820.89,0,0.82
17760,5122,3967.72,832.09,4091.43,1027.46,1,0.41
17760,5198,2317.75,750.56,2439.19,999,0,0.75
17760,5229,1746.63,717.68,1864.65,963.67,0,0.89
17760,5230,3967.6,832.06,4091.24,1027.38,0,0.77
17760,5237,2377.21,1660.67,2643.07,2106.06,3,0.93
17770,5019,2659.93,798.6,2805.04,1047.18,0,0.92
17770,5083,1499.77,591.82,1603.87,792.1,0,0.58
17770,5122,3966.34,831.54,4091.39,1027.21,1,0.52
17770,5198,2318.4,750.73,2437.64,998.91,0,0.69
17770,5229,1746.96,719.13,1864.22,964.02,0,0.94
17770,5230,3966.18,831.5,4091.22,1027.13,0,0.67
17770,5237,2414.1,1528.28,2646.73,1957.95,3,0.99
17780,5019,2662.41,798.31,2804.6,1043.82,0,0.96
17780,5083,1502.56,574.8,1606.29,779.6,0,0.67
17780,5122,3969.4,831.76,4090.82,1026.59,0,0.64
17780,5198,2319.27,749.91,2433.79,997.55,0,0.68
17780,5229,1746.86,719.24,1863.96,963.05,0,0.95
17780,5230,3969.38,831.74,4090.66,1026.49,1,0.7
17780,5237,2453.48,1366.25,2656.38,1759.16,3,0.98
17790,5019,2663.31,797.99,2805.08,1029.76,0,0.91
17790,5198,2317.34,748.82,2434.98,997.42,0,0.61
17790,5229,1746.2,719.29,1863.83,958.93,0,0.94
17790,5237,2508.13,1232.23,2699.27,1594.41,3,0.52
17800,5019,2656.59,798.38,2812.19,1024.83,0,0.62
17800,5198,2315.63,748.52,2434.82,998.76,0,0.75
17800,5229,1746.06,718.29,1864.24,954.64,0,0.7
17800,5237,2568.9,1129.14,2746.77,1465.66,3,0.76
17800,5122,3942.25,826.79,4087.86,1026.44,0,0.77
17810,5019,2656.99,797.56,2802.92,1031.67,0,0.87
17810,5198,2316.68,748.5,2433.34,997.7,0,0.69
17810,5229,1750.86,717.32,1865.33,953.12,0,0.75
17810,5255,2713.39,1300.4,2939.49,1679.04,3,0.94
17810,5258,1748.19,717.62,1864.68,952.06,0,0.55
17810,5122,3911.77,821.95,4071.07,1021.6,1,0.63
17820,5019,2660.04,798.21,2801.48,1040.47,0,0.93
17820,5198,2317.21,749.42,2431.26,997.25,0,0.7
17820,5229,1753.53,716.27,1865.21,951.23,0,0.92
17830,5019,2661.4,797.21,2803.85,1047.07,0,0.92
17830,5198,2316.18,755.24,2431.22,999,0,0.5
17830,5229,1750.98,715.96,1866.65,953.2,0,0.82
17830,5122,3909.22,816.34,4077.45,1024.46,0,0.58
17840,5019,2662.1,797.38,2804.68,1049.94,0,0.9
17840,5198,2318.75,752.9,2433.76,997.39,0,0.65
17840,5229,1756.5,704.11,1872.52,945.03,0,0.98
17840,5273,2895.28,680.51,3015.1,902.58,0,0.89
17850,5019,2660.49,796.05,2804.9,1051.2,0,0.85
17850,5198,2320.06,751.94,2435.88,996.9,0,0.72
17850,5229,1774.92,661.9,1885.95,884.39,0,0.95
17850,5122,3920.23,777.01,4084.89,1021.04,0,0.71
17860,5019,2658.23,797.08,2805.85,1052.44,0,0.91
17860,5198,2319.08,751.44,2435.67,998.64,0,0.58
17860,5229,1787.14,588.16,1888.39,789.36,0,0.81
17860,5284,3444.3,668.5,3574.64,868.13,0,0.9
17870,5019,2659.87,794.24,2803.01,1033.62,0,0.95
17870,5198,2316.56,749.89,2432.9,998.6,0,0.82
17870,5284,3477.11,616.24,3602.43,809.86,0,0.93
17870,5301,3031.4,662.16,3143.2,873.02,3,0.66
17880,5019,2661.03,770.4,2793.55,991.09,0,0.94
17880,5198,2314.07,737.78,2427.59,982.78,1,0.83
17890,5019,2659.89,735.06,2796.57,955.12,0,0.92
17890,5198,2292.38,706.02,2405.02,940.79,0,0.96
17900,5019,2670.67,690.23,2800.54,906.47,0,0.88
17900,5198,2268.54,653.27,2372.85,870.81,0,0.93
17900,5332,1821.16,325.9,1886.15,442.59,0,0.84
17910,5019,2678.04,644.33,2793.79,846.04,0,0.74
17910,5198,2274.75,595.19,2371.55,799.48,0,0.73
17910,5332,1825.61,311.69,1887,411.4,0,0.47
17910,5343,2788.56,1737.27,3005.56,2146.44,0,0.98
17920,5019,2656.72,590.69,2766.79,782.21,0,0.64
17920,5198,2280.75,543.6,2372.4,736.44,0,0.67
17920,5343,2805.99,1570.18,2998.47,1981.06,0,0.91
17930,5198,2269.02,492.17,2354.32,676.06,0,0.84
17930,5366,2549.87,1464.73,2784.22,1895.24,3,0.91
17930,5255,2805.77,1302.08,2977.89,1657.95,0,0.65
17950,5019,2646.78,518.24,2730.54,696.65,0,0.78
17950,5255,2762.72,1189.53,2973.65,1550.78,3,0.89
18010,5463,30.93,1142.5,259.23,1503.72,3,0.99
18030,5122,3811.36,769.33,4028.69,993.24,0,0.9
18060,5514,2514.33,444.23,2590.5,596.07,0,0.85
18070,5514,2511.87,483.7,2590.76,643.02,0,0.76
18080,5514,2522.08,535.5,2608.44,710.14,0,0.88
18080,5525,344.82,884.34,499.15,1152.01,3,0.66
18090,5514,2536.61,593.68,2634.75,786.68,0,0.76
18090,5463,94.68,1032.91,292.27,1360.19,3,0.93
18100,5514,2557.67,656.35,2662.3,864.96,1,0.53
18110,5514,2574.87,736.29,2689.78,983.13,1,0.72
18120,5514,2607.41,840.08,2734.75,1107.37,0,0.74
18240,5366,2566.69,1362.76,2762.53,1768.37,0,0.94
18260,5555,3634.96,1167.87,3808.15,1461.82,1,0.63
18330,5572,842.2,521.66,931.63,677.96,0,0.55
18580,5623,2070.79,458.47,2156.85,612.93,0,0.72
18630,5640,2236.59,1034.46,2383,1345.03,0,0.9
18630,5641,3866.79,951.65,4084.29,1199.23,0,0.56
18640,5640,2247.36,960.31,2383.58,1249.1,0,0.91
18640,5641,3819.57,944.28,4085.14,1196.4,0,0.75
18650,5640,2262.88,893.22,2399.42,1174.56,0,0.94
18650,5641,3761.95,932.92,4045.45,1195.44,0,0.86
18660,5640,2270.23,867.05,2402.29,1136.21,0,0.93
18660,5641,3705.85,930.53,3995.61,1194.64,0,0.83
18670,5640,2272.23,863.21,2404.54,1128.31,0,0.93
18670,5641,3645.3,922.19,3941.95,1191.15,0,0.62
18680,5640,2268.35,864.28,2405.39,1129.46,0,0.95
18680,5641,3596.48,921.36,3890.45,1183.92,0,0.77
18690,5640,2267.76,865.25,2408.1,1131.04,0,0.94
18690,5641,3556.66,922.24,3848.56,1183.96,0,0.83
18700,5640,2267.8,868.7,2407.32,1134.36,0,0.93
18700,5641,3523.28,917.58,3816.57,1178.24,0,0.62
18700,5648,1155.36,415,1225.47,551.94,0,0.68
18710,5640,2268.14,869,2409.61,1134.65,0,0.94
18710,5641,3504.79,913.97,3802.17,1175.99,0,0.53
18710,5648,1159.97,448.72,1236.74,596.09,0,0.78
18710,5650,1426.02,757.01,1543.05,1006.6,0,0.96
18710,5653,3517.81,908.78,3812.83,1183.4,0,0.35
18720,5640,2267.6,868.42,2408.98,1137.01,0,0.95
18720,5648,1147.86,494.3,1226.91,650.92,0,0.59
18720,5650,1444.44,716.2,1556.22,950.49,0,0.96
18720,5653,3506.93,914.59,3792.28,1180.58,0,0.32
18730,5640,2267.68,868.92,2409.33,1138.27,0,0.94
18730,5648,1147.71,494.62,1277.4,657.51,0,0.84
18730,5650,1460.44,683.36,1575.95,904.67,0,0.92
18730,5641,3424.29,899.45,3700.97,1175.97,0,0.83
18740,5640,2267.16,868.8,2408.27,1139.41,0,0.94
18740,5648,1093.25,518.47,1252.52,687.67,0,0.77
18740,5650,1470.8,666.38,1583.23,883.65,0,0.74
18740,5641,3315.66,891.83,3572.25,1160.59,0,0.7
18750,5640,2266.63,868.2,2408.12,1140.02,0,0.94
18750,5648,1070.28,509.3,1252.21,675.46,0,0.88
18750,5650,1470.97,655.8,1582.45,879.94,0,0.88
18760,5640,2265.59,870.75,2407.62,1141.58,0,0.91
18760,5650,1474.8,659.71,1578.56,877.67,0,0.91
18770,5640,2265.49,870,2410.17,1143.55,0,0.85
18770,5650,1476.75,653.65,1577.79,879.5,0,0.52
18770,5676,2031.07,570.98,2221.53,762.86,0,0.91
18770,5680,2532.35,591.36,2731.32,781.13,0,0.94
18770,5648,1144.99,549.45,1321.28,744.56,0,0.91
18780,5640,2267.35,870.75,2406.1,1144.18,0,0.94
18780,5650,1478.26,673.4,1572.87,880.43,1,0.5
18780,5680,2500.05,609.18,2702.66,800.37,0,0.9
18790,5640,2266.97,872.85,2404.87,1144.38,0,0.92
18790,5650,1476.45,662.33,1578.73,884.48,0,0.92
18790,5653,3569.56,940.74,3838.81,1190.26,0,0.96
18800,5640,2267.79,873.76,2405.11,1143.3,0,0.93
18800,5650,1463.52,640.44,1573.75,879.94,0,0.57
18800,5704,3709.48,667.98,3890.91,867.92,0,0.84
18800,5705,694.11,1089.67,847.3,1416.08,0,0.87
18800,5641,3176.02,896.34,3413.05,1138.76,0,0.87
18810,5640,2267.84,873.12,2405.08,1143.02,0,0.94
18820,5640,2266.95,873.64,2401.01,1142.69,0,0.94
18820,5648,1118.81,683.75,1290.18,887.88,0,0.54
18830,5640,2265.92,876.15,2400.85,1145.19,0,0.92
18830,5648,1152.32,718.48,1282.22,941.7,0,0.86
18830,5653,3641.72,900.66,3912.8,1139.9,0,0.67
18840,5640,2264.97,872.59,2404.7,1144.41,0,0.93
18840,5653,3734.57,861.38,3979.08,1124.91,0,0.88
18850,5640,2264.8,871.55,2405.46,1143.88,0,0.93
18850,5741,1157.93,609.55,1262.55,811.6,0,0.91
18850,5650,1472.16,685.83,1662.06,906,0,0.77
18860,5640,2264.72,871.16,2404.7,1144.11,0,0.93
18860,5741,1158.12,652.22,1337.19,861.46,0,0.95
18860,5746,1044.55,573.86,1161.48,766.44,0,0.92
18870,5640,2264.8,867.88,2403.75,1142.2,0,0.93
18880,5640,2265.53,875.89,2401.94,1142.5,0,0.92
18880,5758,2437.38,1200.04,2622.82,1584.39,0,0.83
18880,5680,2301.62,652.17,2511.53,860.07,0,0.86
18880,5653,3881.62,840.86,4088.09,1070.45,0,0.56
18890,5640,2267.24,874.36,2402.44,1144.37,0,0.93
18890,5758,2470.18,1089.75,2645.87,1440.23,0,0.93
18890,5676,2038.11,629.2,2221.81,832.85,0,0.9
18900,5640,2267.26,872.27,2402.87,1144.77,0,0.93
18900,5758,2508.58,989.63,2671.37,1320.33,0,0.85
18900,5767,2311.82,1199.77,2462.36,1522.7,0,0.79
18910,5640,2267.87,871.61,2404.78,1144.22,0,0.95
18910,5758,2521.22,924.08,2682.53,1231.86,0,0.84
18910,5767,2320.36,1114.46,2468.63,1429.39,0,0.95
18910,5771,2694.49,1141.79,2885.44,1492.7,0,0.94
18920,5640,2268.09,873.22,2402.42,1137.56,0,0.92
18920,5758,2517.99,897.81,2671.57,1202.27,0,0.94
18920,5767,2336.22,1052.25,2471.68,1355.5,0,0.53
18920,5771,2728.72,1039.75,2895.94,1359.18,0,0.76
18920,5650,1549.82,588.12,1719.67,782.55,0,0.89
18930,5640,2267.55,875.42,2404.44,1137.14,0,0.89
18930,5758,2521.18,887.35,2675.51,1186.14,0,0.94
18930,5767,2346.39,1020.12,2476.37,1307.37,0,0.9
18930,5676,2091.82,634.53,2283.36,827.45,0,0.55
18940,5640,2267.06,872.46,2404.33,1141.81,0,0.93
18940,5758,2519.8,888.08,2671.44,1188.91,0,0.93
18940,5767,2348.77,1012.74,2474.95,1295.93,0,0.87
18940,5785,2136.93,1091.09,2293.58,1413.73,0,0.91
18940,5641,2695.62,874.69,2837.17,1142.66,3,0.61
18950,5640,2266.17,870.43,2404.38,1144.36,0,0.8
18950,5758,2518.12,893.82,2663.45,1193.35,0,0.95
18950,5767,2350.09,1013.36,2475.5,1296.82,0,0.86
18950,5785,2119.51,1024.89,2270.98,1326.29,0,0.91
18950,5789,2693.05,1231.3,2871.71,1619.35,0,0.93
18950,5641,2648.25,849.09,2784.6,1118.03,1,0.6
18960,5640,2272.27,869.51,2407.2,1143.9,0,0.75
18960,5758,2519.2,900.72,2657.96,1195.88,0,0.92
18960,5767,2348.41,1014.14,2475.69,1301.57,0,0.9
18960,5785,2107.55,972.91,2251.85,1254.64,0,0.89
18960,5789,2717.29,1123.47,2880.59,1465.62,0,0.98
18960,5641,2620.3,826.45,2760.14,1092.2,1,0.57
18960,5795,2269.88,870.21,2406.02,1146.22,0,0.37
18960,5746,1058.66,555.57,1225.02,734.33,0,0.93
18960,5650,1566.62,581.25,1742.12,766.78,0,0.5
18970,5640,2272.69,869.25,2404.8,1147.57,0,0.35
18970,5758,2519.84,905.9,2655.59,1202.65,0,0.91
18970,5767,2345.09,1016.88,2475.98,1301.52,0,0.88
18970,5785,2112.52,931.45,2250.74,1224.68,0,0.86
18970,5789,2752.51,1023.38,2896.78,1337.28,0,0.95
18970,5641,2608.55,814.96,2744.21,1074.09,1,0.97
18970,5795,2276.58,870.07,2405.33,1147.7,0,0.79
18980,5758,2520.48,908.17,2654.05,1197.28,0,0.91
18980,5767,2344.08,1015.37,2475.88,1305.73,0,0.9
18980,5785,2117.27,922.98,2253.15,1220.93,0,0.86
18980,5789,2761.23,958.78,2897.33,1261.84,0,0.93
18980,5641,2607.6,808.95,2742.78,1070.71,1,0.97
18980,5746,1111.49,552.02,1279.67,725.01,3,0.51
18990,5758,2520.33,912.11,2652.2,1197.67,0,0.93
18990,5767,2342.88,1017.49,2477.33,1308.62,0,0.85
18990,5785,2112.53,932.9,2251.26,1221.86,0,0.68
18990,5789,2753.53,928.15,2890.45,1219.3,0,0.95
18990,5641,2605.34,806.92,2744.76,1070.24,1,0.94
18990,5640,2275.71,868.01,2404.71,1146.09,0,0.86
19000,5758,2520.56,912.84,2652.21,1199.29,0,0.92
19000,5767,2342.38,1020.17,2476.74,1311.04,0,0.84
19000,5785,2109.26,941.46,2249.96,1223.34,0,0.89
19000,5641,2605.87,804.77,2745.21,1064.97,1,0.97
19000,5640,2276.02,866.23,2403.44,1145.71,0,0.86
19010,5758,2520.68,915.25,2651.68,1200.88,0,0.93
19010,5767,2343.77,1022.32,2476.59,1311.74,0,0.82
19010,5785,2108.92,949.68,2251.77,1224.58,0,0.86
19010,5641,2604.96,806.84,2743.81,1068.45,1,0.96
19010,5640,2277.06,864.84,2404.75,1147.15,0,0.97
19010,5789,2745.97,919.76,2887.67,1210.53,0,0.96
19020,5758,2520.59,915.67,2652.57,1202.25,0,0.94
19020,5767,2343.67,1023.18,2476.12,1312.3,0,0.75
19020,5785,2109.27,955.11,2253.28,1225.35,0,0.87
19020,5641,2605.14,806.81,2744.7,1067.2,1,0.96
19020,5640,2277.4,864.08,2405.57,1147.81,0,0.96
19020,5789,2745.49,920.98,2888.26,1213.23,0,0.95
19030,5758,2520.29,915.95,2652.89,1203.97,0,0.93
19030,5767,2342.65,1026.47,2475.16,1312.62,0,0.81
19030,5785,2109.29,956.73,2254.18,1227.54,0,0.84
19030,5641,2608.24,806.54,2745.22,1068.67,1,0.93
19030,5640,2277.42,864.2,2407.01,1149.02,0,0.96
19030,5789,2745.18,923.55,2888.99,1215.94,0,0.95
19040,5758,2519.39,915.77,2651.68,1204.23,0,0.93
19040,5767,2339.85,1026.29,2473.88,1312.15,0,0.75
19040,5785,2109.4,954.46,2254.23,1230.12,0,0.85
19040,5641,2608.53,806.88,2748.15,1067.9,1,0.96
19040,5640,2276.57,865.64,2405.88,1150.71,0,0.87
19040,5789,2743.89,926.06,2886.25,1219.65,0,0.96
19050,5758,2519,915.95,2650.46,1206.9,0,0.92
19050,5767,2339.87,1026.18,2474.31,1312.02,0,0.85
19050,5785,2110.06,953.56,2254.54,1231.38,0,0.87
19050,5641,2609.62,807.01,2749,1068.94,1,0.91
19050,5640,2276.22,865.3,2404.35,1150.31,0,0.92
19050,5789,2742.29,921.49,2885.75,1218.31,0,0.84
19060,5758,2517.88,915.29,2651.4,1208.4,0,0.92
19060,5767,2339.46,1025,2474.69,1313.32,0,0.87
19060,5785,2110.34,954.24,2254.95,1232.14,0,0.83
19060,5641,2610.79,806.89,2750.04,1073.52,1,0.96
19060,5640,2275.99,866.83,2404.04,1149.9,0,0.86
19060,5789,2744.76,914.37,2883.09,1211.53,0,0.91
19070,5758,2517.64,915.84,2652.29,1209.29,0,0.91
19070,5767,2339.11,1025.46,2475.02,1314.08,0,0.86
19070,5785,2110.82,956.28,2254.03,1232.38,0,0.83
19070,5641,2612.06,809.13,2750.87,1075.19,1,0.94
19070,5640,2275.72,868.44,2403.62,1150.12,0,0.86
19070,5789,2743.29,911.45,2884.1,1208.35,0,0.93
19070,5812,2270.33,869.71,2402.37,1155.38,0,0.45
19080,5758,2518.53,916.89,2652.69,1209.89,0,0.92
19080,5767,2338.85,1027.55,2475.58,1311.17,0,0.83
19080,5785,2110.23,956.02,2254.86,1232.3,0,0.81
19080,5641,2612,810.5,2751.76,1076.46,1,0.93
19080,5640,2275.45,868.14,2405.93,1152.11,0,0.7
19080,5789,2743.12,911.66,2883.96,1207.52,0,0.92
19080,5812,2270.23,869.69,2404.47,1159.31,0,0.43
19090,5758,2517.88,915.09,2652.9,1211.78,0,0.91
19090,5767,2341.33,1030.74,2475.96,1312.84,0,0.78
19090,5785,2110.93,953.97,2254.89,1231.17,0,0.86
19090,5641,2613.49,810.32,2751.96,1080.58,1,0.94
19090,5640,2275.5,865.82,2406.18,1152.66,0,0.77
19090,5789,2745.38,911.72,2886.74,1207.09,0,0.93
19090,5812,2271.37,868.3,2404.23,1157.08,0,0.35
19100,5758,2517.2,914.41,2653.48,1212.84,0,0.91
19100,5767,2341.34,1030.32,2474.77,1312.03,0,0.66
19100,5785,2109.85,954.14,2254.88,1230.23,0,0.84
19100,5641,2614.43,809.86,2752.57,1078.44,1,0.96
19100,5640,2276.69,865.64,2406.2,1152.87,0,0.81
19100,5789,2748.53,912.36,2886.81,1206.28,0,0.91
19110,5758,2517.12,915.32,2653.17,1211.2,0,0.93
19110,5767,2337.99,1027.83,2475.76,1310.91,0,0.74
19110,5785,2109.97,953.4,2254.85,1230.52,0,0.85
19110,5641,2615.02,809,2752.27,1079.63,1,0.96
19110,5640,2276.18,864.17,2406.53,1153.95,0,0.97
19110,5789,2742.58,914.65,2886.88,1207.62,0,0.9
19120,5758,2517.55,916.99,2652.58,1210.58,0,0.92
19120,5767,2338.09,1026.59,2475.64,1309.81,0,0.57
19120,5785,2110.99,954.75,2254.96,1230.87,0,0.88
19120,5641,2615.81,807.71,2752.61,1078.04,1,0.94
19120,5640,2276.78,865.09,2406.33,1154.16,0,0.97
19120,5789,2740.45,916.38,2885.66,1206.45,0,0.88
19130,5758,2517.6,916.59,2652.5,1211.2,0,0.92
19130,5767,2341.19,1028.35,2476.15,1311.44,0,0.82
19130,5785,2112.64,954.18,2256.39,1230.84,0,0.85
19130,5641,2615.89,807.14,2752.28,1079.56,1,0.96
19130,5640,2276.31,867.28,2407.27,1153.43,0,0.74
19130,5789,2740.03,916.19,2885.26,1206.91,0,0.91
19140,5758,2517.18,917.14,2650.96,1211.79,0,0.9
19140,5767,2340.8,1028.22,2477.8,1313.65,0,0.87
19140,5785,2111.33,952.48,2256.34,1234.02,0,0.85
19140,5641,2616.43,807.65,2752.19,1079.22,1,0.95
19140,5640,2274.96,867.39,2405.19,1153,0,0.96
19140,5789,2739.89,917.22,2885.7,1208.09,0,0.9
19140,5817,770.98,1308.53,950.12,1698.44,0,0.94
19140,5746,1177.1,501.57,1311.93,660.11,0,0.61
19150,5758,2517.04,918.65,2649.56,1211.45,0,0.88
19150,5767,2341,1030.68,2476.44,1313.55,0,0.84
19150,5785,2111,957.95,2254.7,1234.89,0,0.83
19150,5641,2617.13,808.23,2752.19,1079.5,1,0.95
19150,5640,2274.8,868.52,2406.17,1151.55,0,0.96
19150,5789,2739.6,918.58,2885.68,1208.26,0,0.91
19150,5817,773.09,1298.89,952.64,1694.24,0,0.92
19160,5758,2517.85,916.76,2650.84,1213.09,0,0.89
19160,5767,2342.72,1027.05,2478.57,1312.71,0,0.47
19160,5785,2111.03,961.54,2253.07,1234.38,0,0.81
19160,5641,2616.69,810.4,2752.25,1080.83,1,0.95
19160,5640,2276.07,869.25,2404.75,1150.85,0,0.94
19160,5789,2738.57,919.79,2886.9,1207.38,0,0.91
19160,5817,771.44,1293.74,956.2,1686.82,0,0.76
19170,5758,2518.18,915.64,2650.96,1212.83,0,0.91
19170,5785,2111.95,961.45,2253.73,1234.24,0,0.82
19170,5641,2615.83,811.92,2752.36,1083.91,1,0.94
19170,5640,2275.88,869.52,2402.85,1149.51,0,0.95
19170,5789,2739.17,919.94,2885.96,1206.97,0,0.92
19170,5817,772.16,1290.65,959.54,1684.45,0,0.48
19180,5758,2517.61,914.76,2652.07,1213.46,0,0.91
19180,5785,2112.17,962.08,2255.33,1234.12,0,0.84
19180,5641,2615.93,818.16,2753.59,1079.81,1,0.56
19180,5640,2276.15,868.1,2403.47,1149.63,0,0.95
19180,5789,2741,922.43,2885.71,1207.39,0,0.9
19180,5817,773.68,1292.76,958.07,1687.9,0,0.64
19180,5828,3870.65,809.02,4077.2,981.46,0,0.41
19180,5830,773.81,1288.05,958.18,1686.85,0,0.49
19180,5767,2342.31,1024.57,2475.51,1313.53,0,0.81
19190,5758,2516.79,916.2,2651.83,1213,0,0.91
19190,5785,2112.23,962.82,2253.93,1236.63,0,0.81
19190,5641,2617.26,813.87,2753.82,1078.17,1,0.96
19190,5640,2271.65,869.38,2401.39,1153.78,0,0.92
19190,5789,2741.54,921.73,2885.84,1208.13,0,0.91
19190,5817,772.62,1295.01,954.49,1689.16,0,0.52
19190,5828,3868.31,809.18,4078.01,985.12,0,0.27
19190,5830,773.07,1285.75,955.14,1687.25,0,0.71
19190,5767,2342.81,1024.66,2474.68,1314.14,0,0.8
19200,5758,2516.2,916.23,2651.97,1213.01,0,0.92
19200,5785,2112.75,961.8,2253.26,1236.9,0,0.86
19200,5641,2618.24,810.75,2754.49,1077.41,1,0.96
19200,5640,2270.94,869.46,2400.94,1152.51,0,0.8
19200,5789,2741.92,921.37,2885.41,1208.59,0,0.91
19200,5817,772.76,1294.46,954.97,1686.89,0,0.88
19200,5828,3878.7,806.29,4071.33,979.87,0,0.53
19200,5767,2343.96,1023.49,2473.63,1314.3,0,0.78
19210,5758,2516.12,916.64,2651.65,1213.84,0,0.9
19210,5785,2111.61,962.15,2249.12,1233.86,0,0.87
19210,5641,2620.22,808.82,2754.8,1074.73,1,0.92
19210,5640,2271.1,871.18,2401.14,1151.35,0,0.86
19210,5789,2743.3,923.3,2885.08,1211,0,0.91
19210,5817,773.08,1293.41,955.89,1685.89,0,0.85
19210,5828,3876.17,806.98,4078.91,979.66,0,0.38
19210,5767,2343.46,1027.31,2472.73,1313.22,0,0.84
19220,5758,2516.07,917.24,2651.83,1213.25,0,0.89
19220,5785,2109.72,958.48,2248.41,1231.99,0,0.84
19220,5641,2619.22,808.3,2754.96,1075.83,1,0.73
19220,5640,2273.44,870.75,2403.62,1148.98,0,0.9
19220,5789,2743.23,923.43,2884.59,1212.05,0,0.87
19220,5817,768.5,1291.46,953.24,1688.33,0,0.96
19220,5828,3875.29,812.36,4077.52,980.17,0,0.61
19220,5767,2344.24,1027.79,2472.57,1312.3,0,0.84
19230,5758,2516.36,917.17,2651.79,1212.79,0,0.91
19230,5785,2109.5,956.83,2248.83,1231.86,0,0.81
19230,5641,2618.79,809.93,2755.2,1078.56,1,0.79
19230,5640,2274.54,869.83,2404.07,1148.89,0,0.76
19230,5789,2741.77,923.45,2884.52,1211.16,0,0.89
19230,5817,772.11,1289.08,954.38,1689.5,0,0.79
19230,5828,3907.88,811.45,4079.99,981.55,1,0.36
19230,5767,2343.23,1026.17,2471.48,1313.8,0,0.82
19230,5849,2618.92,810.54,2755.72,1079.52,0,0.31
19230,5850,2270.14,869.14,2402.14,1152.9,0,0.5
19240,5758,2516.34,917.22,2652.9,1214.31,0,0.92
19240,5785,2109.04,957.91,2249.88,1231.99,0,0.84
19240,5641,2619.45,809.09,2754.64,1076.41,1,0.95
19240,5640,2277.16,869.83,2405.31,1146.46,0,0.92
19240,5789,2742.73,922.15,2885.68,1211.35,0,0.9
19240,5817,773.24,1291.16,956.03,1690.5,0,0.84
19240,5828,3881.33,813.43,4078.52,979.99,0,0.73
19240,5767,2343.06,1023.88,2471.63,1315.76,0,0.82
19250,5758,2516.25,917.74,2652.57,1214.92,0,0.92
19250,5785,2108.2,960.59,2249.96,1231.58,0,0.83
19250,5641,2618.27,809.17,2755.22,1078.41,1,0.96
19250,5640,2278.02,869.56,2406.26,1146.22,0,0.73
19250,5789,2743.98,922.53,2885.73,1211.43,0,0.89
19250,5817,773.73,1292.49,956.54,1690.73,0,0.87
19250,5828,3872.45,755.78,4080.4,966.48,3,0.45
19250,5767,2343.7,1024.29,2472.15,1316.8,0,0.85
19260,5758,2516.35,917.63,2652.48,1213.27,0,0.93
19260,5785,2109.09,960.79,2250.68,1230.59,0,0.85
19260,5641,2619.26,810.49,2754.47,1079.24,1,0.95
19260,5640,2277.85,867.62,2405.92,1145.87,0,0.95
19260,5789,2742.26,923.65,2886.08,1211.68,0,0.9
19260,5817,774.05,1295.72,953.01,1689.59,0,0.88
19260,5828,3908.82,787.8,4082.58,973.66,1,0.63
19260,5767,2342.76,1026.31,2472.67,1316.48,0,0.82
19270,5758,2516.13,919.82,2650.12,1215.21,0,0.89
19270,5785,2110.35,957.36,2250.26,1230.77,0,0.81
19270,5641,2618.87,811.38,2754.51,1079.63,1,0.95
19270,5640,2277.52,867.45,2406.15,1146.58,0,0.92
19270,5789,2742.91,924.13,2884.59,1212.73,0,0.9
19270,5817,771.14,1293.18,950.24,1689.96,0,0.87
19270,5767,2342.96,1032.05,2472.47,1314.3,0,0.78
19280,5758,2516.1,921.2,2649.47,1214.79,0,0.89
19280,5785,2109.8,956.52,2249.79,1231.36,0,0.86
19280,5641,2618.89,810.6,2754.88,1077.61,1,0.95
19280,5640,2277.62,867.7,2406.34,1146.92,0,0.89
19280,5789,2743.53,924.19,2882.86,1211.87,0,0.91
19280,5817,772.31,1300.08,948.43,1693.35,0,0.65
19280,5767,2343.57,1031.86,2472.56,1314.21,0,0.8
19290,5758,2516,921.48,2648.95,1214.38,0,0.9
19290,5785,2109.74,956.36,2249.34,1231.69,0,0.88
19290,5641,2618.07,809.54,2755.16,1075.52,1,0.97
19290,5640,2278,867.11,2406.55,1146.7,0,0.94
19290,5789,2742.32,923.31,2886.96,1210.43,0,0.92
19290,5817,771.63,1299.46,946.23,1693.48,0,0.94
19290,5767,2343.61,1029.34,2472.27,1314.92,0,0.79
19300,5758,2515.47,918.65,2651.48,1214.79,0,0.9
19300,5785,2108.65,957.15,2249.17,1231.06,0,0.86
19300,5641,2617.51,810.32,2755.36,1075.51,1,0.95
19300,5640,2278.16,865.05,2405.07,1146.16,0,0.96
19300,5789,2741.77,921.73,2885.58,1210.36,0,0.92
19300,5817,772.1,1296.97,940.86,1695.37,0,0.92
19300,5767,2342.51,1027.18,2472.12,1314.47,0,0.81
19310,5758,2515.57,918.28,2652.14,1215.07,0,0.91
19310,5785,2108.15,958.29,2248.22,1231.05,0,0.88
19310,5641,2618.03,810.53,2754.47,1077.11,1,0.97
19310,5640,2277.99,864.33,2404.4,1145.75,0,0.97
19310,5789,2742.91,921.63,2885.41,1210.47,0,0.92
19310,5817,770.78,1296.96,940.41,1696.82,0,0.91
19310,5767,2341.72,1026.14,2472.19,1314.86,0,0.82
19320,5758,2516.53,919.9,2650.12,1213.49,0,0.9
19320,5785,2111.15,958.55,2251.67,1232.38,0,0.9
19320,5641,2616.69,812.02,2754.68,1079.65,1,0.95
19320,5640,2277.52,867.56,2405.23,1147.4,0,0.72
19320,5789,2740.01,923.08,2886.61,1212.29,0,0.88
19320,5817,770.83,1299.41,936.87,1692.99,0,0.94
19320,5767,2344.7,1027.83,2472.98,1312.65,0,0.84
19330,5758,2516.55,919.49,2649.42,1212.67,0,0.92
19330,5785,2112.55,960.25,2253.85,1233.09,0,0.84
19330,5641,2616.44,812.06,2754.7,1079.56,1,0.97
19330,5640,2278.26,867.83,2404.92,1147.44,0,0.8
19330,5789,2737.88,923.21,2885.75,1212.77,0,0.9
19330,5817,773.55,1298.94,944.65,1692.3,0,0.81
19330,5767,2346.22,1030.02,2473.41,1312.22,0,0.84
19340,5758,2516.65,919.98,2649.84,1211.9,0,0.91
19340,5785,2113.72,960.31,2254.84,1233.74,0,0.83
19340,5641,2616.12,811.55,2754.96,1079.68,1,0.96
19340,5640,2278.49,868.84,2405.84,1148.41,0,0.66
19340,5789,2737.1,923.62,2885.43,1213.22,0,0.85
19340,5817,771.24,1300.9,935.89,1693.1,0,0.82
19340,5767,2346.56,1031.2,2473.46,1312.09,0,0.85
19340,5828,3883.31,813.09,4061.76,970.09,0,0.61
19350,5758,2516.45,917.58,2652.15,1212.83,0,0.9
19350,5785,2112.5,958.66,2254.98,1233.08,0,0.86
19350,5641,2618.35,811.93,2754.37,1081.79,1,0.97
19350,5640,2279.15,866.45,2405.06,1147.15,0,0.95
19350,5789,2738.54,923.27,2885.32,1210.77,0,0.9
19350,5817,769.78,1301.52,937.78,1693.75,0,0.51
19350,5767,2346.69,1032.67,2472.98,1312.96,0,0.85
19360,5758,2515.88,918.42,2651.12,1213.77,0,0.89
19360,5785,2111.96,957.74,2254.68,1233.09,0,0.88
19360,5641,2618.85,812.2,2754.51,1080.65,1,0.97
19360,5640,2278.69,865.93,2404.61,1144.96,0,0.95
19360,5789,2739.46,922.98,2883.71,1211.37,0,0.92
19360,5817,768.13,1302.71,938.51,1696.21,0,0.28
19360,5767,2346.43,1033.01,2472.76,1313.24,0,0.84
19370,5758,2515.47,917.74,2651.68,1213.12,0,0.92
19370,5785,2110.54,960.91,2252.2,1232.84,0,0.88
19370,5641,2618.23,811.73,2754.91,1077.31,1,0.97
19370,5640,2278.34,865.38,2405.39,1144.01,0,0.96
19370,5789,2740.5,923.5,2883.26,1209.91,0,0.91
19370,5817,767.61,1300.71,940.28,1699.01,0,0.82
19370,5767,2344,1030.56,2472.72,1313.75,0,0.79
19380,5758,2515.29,917.27,2652.29,1213.35,0,0.92
19380,5785,2110.18,961.63,2251.26,1232.63,0,0.89
19380,5641,2618.09,811.86,2755.2,1077.61,1,0.97
19380,5640,2277.81,865.13,2406.09,1144.3,0,0.94
19380,5789,2742.79,923.98,2882.77,1210.72,0,0.92
19380,5817,768.51,1300.18,942.54,1701.19,0,0.54
19380,5767,2343.38,1029.45,2472.82,1314.09,0,0.83
19380,5828,3885.01,810.08,4040.64,970.25,0,0.39
19390,5758,2515.38,917.16,2652.18,1213.31,0,0.92
19390,5785,2109.22,958.9,2251.44,1233.2,0,0.89
19390,5641,2617.76,811.71,2755.12,1077.24,1,0.97
19390,5640,2278.22,865.39,2406.36,1144.12,0,0.96
19390,5789,2742.96,924.95,2882.02,1211.74,0,0.92
19390,5817,767.74,1300.54,945.78,1702.03,0,0.81
19390,5767,2343.3,1030.12,2473.12,1313.89,0,0.82
19400,5758,2516.4,917.34,2651.07,1213.61,0,0.92
19400,5785,2108.42,959.63,2252.34,1233.15,0,0.85
19400,5641,2617.97,810.27,2754.71,1078.13,1,0.96
19400,5640,2278.09,866.52,2407.7,1142.83,0,0.95
19400,5789,2742.93,924.94,2881.77,1211.68,0,0.91
19400,5817,763.41,1305.14,948.08,1707.9,0,0.98
19400,5767,2344.29,1031,2473.46,1313.97,0,0.84
19410,5758,2516.78,916.92,2651.67,1213.81,0,0.92
19410,5785,2109.14,961.54,2251.88,1233.5,0,0.84
19410,5641,2618.38,810.33,2754.23,1079.25,1,0.97
19410,5640,2278.13,866.84,2408.5,1142.87,0,0.92
19410,5789,2743.71,924.84,2882.35,1211.63,0,0.91
19410,5817,762.7,1309.65,949.88,1710.08,0,0.98
19410,5767,2345.06,1031.32,2473.74,1314.39,0,0.85
19420,5758,2516.54,915.53,2652.63,1214.4,0,0.91
19420,5785,2112.37,961.19,2251.52,1232.21,0,0.88
19420,5641,2617.54,811.09,2754.18,1075.96,1,0.97
19420,5640,2277.17,867.71,2407.14,1144.87,0,0.82
19420,5789,2741.89,923.77,2883.1,1212.28,0,0.91
19420,5817,761.33,1307.65,953.64,1710.39,0,0.97
19420,5767,2346.45,1031.16,2473.83,1313.81,0,0.82
19430,5758,2516.22,915.26,2653.18,1214.9,0,0.91
19430,5785,2113.42,957.48,2253.01,1232.33,0,0.9
19430,5641,2617.33,811.21,2754.54,1075.42,1,0.97
19430,5640,2273.38,870.18,2406.11,1149.24,0,0.9
19430,5789,2740.83,924,2883.96,1212.61,0,0.9
19430,5817,761.75,1309.69,954.38,1710.14,0,0.98
19430,5767,2345.94,1031.48,2473.64,1313.11,0,0.81
19440,5758,2516.27,916.1,2652.43,1214.67,0,0.91
19440,5785,2113.66,957.71,2251.85,1233.25,0,0.89
19440,5641,2617.2,810.53,2754.85,1076.39,1,0.97
19440,5640,2271.69,871.17,2405.26,1151.86,0,0.88
19440,5789,2741.38,924.17,2884.26,1212.43,0,0.9
19440,5817,762.37,1309.07,953.38,1711.02,0,0.98
19440,5767,2345.91,1032.41,2473.81,1312.24,0,0.84
19450,5758,2516.37,916.55,2650.84,1213.64,0,0.92
19450,5785,2111.2,956.14,2252.52,1235.47,0,0.89
19450,5641,2618.15,809.26,2754.33,1080.61,1,0.97
19450,5640,2275.8,868.56,2406.65,1149.59,0,0.97
19450,5789,2741.19,924.7,2885.95,1212.67,0,0.86
19450,5817,763.93,1310.64,949.73,1708.82,0,0.98
19450,5767,2344.26,1029.67,2473.26,1313.73,0,0.82
19460,5758,2516.44,917.02,2649.9,1213.31,0,0.92
19460,5785,2110.32,955.38,2253.52,1235.75,0,0.87
19460,5641,2618.37,808.81,2754.75,1082.23,1,0.97
19460,5640,2277.19,866.82,2406.84,1147.17,0,0.96
19460,5789,2740.91,923.43,2886.84,1213.22,0,0.91
19460,5817,764.02,1310.88,948.63,1707.89,0,0.98
19460,5767,2343.73,1030.59,2472.51,1314.02,0,0.82
19470,5758,2516.69,916.35,2649.95,1213.16,0,0.9
19470,5785,2109.95,955.15,2252.97,1235.44,0,0.85
19470,5641,2617.95,810.29,2756,1082.08,1,0.97
19470,5640,2277.29,864.49,2408.08,1145.74,0,0.97
19470,5789,2739.08,923.69,2887.21,1210.94,0,0.88
19470,5817,762.95,1308.66,949.58,1710.43,0,0.98
19470,5767,2343.77,1030.99,2472.47,1313.45,0,0.83
19480,5758,2516.76,916.39,2650.23,1213.13,0,0.9
19480,5785,2109.98,956.29,2253.03,1235.09,0,0.85
19480,5641,2618.09,811.02,2756.43,1081.74,1,0.97
19480,5640,2277.71,863.98,2407.13,1146.02,0,0.97
19480,5789,2738.51,923.67,2888.3,1210.16,0,0.87
19480,5817,762.01,1309.35,938.18,1705.9,0,0.28
19480,5767,2343.11,1030.63,2472.4,1314.13,0,0.82
19490,5758,2516.73,916.81,2649.86,1215.06,0,0.9
19490,5785,2110.59,956.9,2253.42,1234.79,0,0.86
19490,5641,2618.13,811.36,2756.95,1080.73,1,0.97
19490,5640,2278.07,863.67,2407.32,1145.29,0,0.97
19490,5789,2739.39,923.02,2883.73,1200.12,0,0.92
19490,5817,763.78,1300,938.21,1702.6,0,0.49
19490,5767,2342.9,1031.08,2471.84,1314.07,0,0.79
19500,5758,2517.01,917.41,2650.76,1215.94,0,0.92
19500,5785,2111.55,954.95,2254.9,1234.75,0,0.78
19500,5641,2619,810.91,2757.73,1077.97,1,0.97
19500,5640,2278.36,866.86,2406.55,1145,0,0.95
19500,5789,2742.07,916.53,2883.15,1191.83,0,0.94
19500,5817,764.98,1300.6,935.94,1694.8,0,0.85
19500,5767,2343.57,1033.94,2471.22,1312.52,0,0.75
19510,5758,2517.1,917.13,2651.51,1216.25,0,0.92
19510,5785,2111.48,953.45,2255.77,1235.12,0,0.64
19510,5641,2625.88,809.8,2758.24,1077.9,1,0.91
19510,5640,2278.24,867.51,2406.41,1145.39,0,0.94
19510,5789,2744.13,915.6,2881.33,1188.84,0,0.94
19510,5817,763.54,1298.87,943.01,1691.16,0,0.95
19510,5767,2343.77,1033.92,2471.15,1312.62,0,0.78
19520,5758,2517.37,915.89,2651.64,1217.14,0,0.91
19520,5785,2110.37,954.05,2254.33,1236.92,0,0.84
19520,5641,2629,811.89,2758.69,1075.05,1,0.79
19520,5640,2277.26,866.58,2405.63,1144.28,0,0.95
19520,5789,2743.64,915.12,2880.39,1187.35,0,0.94
19520,5817,764.03,1298.51,946.66,1691.4,0,0.95
19520,5767,2343.71,1031.77,2472.91,1311.88,0,0.83
19530,5758,2516.96,915.26,2651.02,1217.04,0,0.9
19530,5785,2110.12,954.9,2253.91,1237.33,0,0.86
19530,5641,2625.31,812.9,2760.63,1077.47,1,0.86
19530,5640,2276.37,867.89,2404.33,1143.97,0,0.82
19530,5789,2742.33,912.26,2880.52,1186.23,0,0.95
19530,5817,764.04,1301.49,950.32,1696.24,0,0.97
19530,5767,2344.25,1029.68,2473.28,1312.01,0,0.84
19540,5758,2516.79,916.66,2649.76,1216.54,0,0.9
19540,5785,2109.84,957.76,2253.61,1236.49,0,0.85
19540,5641,2625.91,814.41,2758.98,1077.68,1,0.92
19540,5640,2271.86,868.75,2401.26,1146.37,0,0.74
19540,5789,2742.71,913.45,2879.98,1185.1,0,0.94
19540,5817,764.08,1304.72,952.05,1696.84,0,0.98
19540,5767,2344.64,1028.88,2473.58,1311.85,0,0.85
19540,5893,2274.66,870.08,2402.77,1143.71,0,0.34
19550,5758,2516.92,918.84,2650.24,1216.98,0,0.91
19550,5785,2110.29,958.63,2253.73,1234.16,0,0.85
19550,5641,2629.7,815.05,2754.99,1075.1,1,0.89
19550,5640,2271.06,872.7,2399.05,1146.64,0,0.92
19550,5789,2744.23,912.77,2879.64,1185.42,0,0.95
19550,5817,763.67,1299.84,952.07,1700.62,0,0.84
19550,5767,2343.57,1024.06,2473.19,1313.88,0,0.79
19560,5758,2516.48,920.95,2649.92,1217.86,0,0.9
19560,5785,2110.65,957.28,2254.17,1233.64,0,0.87
19560,5641,2624.63,816.01,2754.56,1072.11,1,0.91
19560,5640,2270.82,872.85,2400.62,1148.02,0,0.85
19560,5789,2744.2,907.36,2879.52,1184.83,0,0.94
19560,5817,760.68,1298.63,950.3,1701.75,0,0.86
19560,5767,2332.91,1030.01,2464.8,1316.57,0,0.27
19570,5758,2516.68,918.2,2651.22,1217.21,0,0.92
19570,5785,2110.65,956.29,2254.96,1234.31,0,0.85
19570,5641,2623.77,816.44,2755.44,1074.34,1,0.91
19570,5640,2271.72,871.18,2402.91,1149.06,0,0.83
19570,5789,2744.94,906.86,2880.64,1184.22,0,0.94
19570,5817,761.89,1298.46,949.65,1700.81,0,0.87
19570,5767,2339.32,1030.76,2469.45,1312.39,0,0.66
19580,5758,2516.75,917.76,2652.32,1216.5,0,0.92
19580,5785,2110.7,956.32,2254.25,1234.2,0,0.85
19580,5641,2628.55,815.78,2753.79,1074.14,1,0.91
19580,5640,2272.71,870.96,2403.35,1147.59,0,0.88
19580,5789,2746.52,906.31,2882.18,1183.39,0,0.94
19580,5817,761.6,1296.53,946.43,1700.14,0,0.68
19590,5758,2517.13,917.67,2652.45,1216.44,0,0.92
19590,5785,2111.06,957.12,2254.12,1232.81,0,0.86
19590,5641,2626.11,811.54,2752.54,1067.95,1,0.85
19590,5640,2274.09,871.06,2405.03,1148.42,0,0.78
19590,5789,2745.98,906.28,2882.71,1182.92,0,0.95
19590,5817,761.52,1298.53,948.34,1701.81,0,0.82
19590,5900,842.77,510.9,939.72,701.44,0,0.86
19590,5767,2342.56,1029.32,2474.06,1314.14,0,0.76
19600,5758,2517.02,917.78,2652.17,1216.67,0,0.92
19600,5785,2110.32,959.28,2254.37,1231.39,0,0.87
19600,5640,2279.73,871.16,2406.87,1145.32,0,0.87
19600,5789,2747.54,905.48,2882.94,1177.97,0,0.95
19600,5817,762.67,1299.57,950.15,1704.04,0,0.93
19600,5767,2342.29,1031.71,2473.42,1313.82,0,0.78
19610,5758,2516.83,917.55,2650.96,1216.36,0,0.9
19610,5785,2109.62,960.96,2252.65,1230.4,0,0.84
19610,5640,2281.33,869.7,2406.22,1147.3,0,0.86
19610,5789,2748.26,904.39,2887.69,1176.33,0,0.93
19610,5817,763.23,1300.6,951.11,1705.47,0,0.89
19610,5767,2342.83,1030.5,2474.13,1313.57,0,0.85
19610,5641,2630.63,813.41,2752.03,1071.46,1,0.89
19620,5758,2516.33,919.19,2649.84,1216.75,0,0.88
19620,5785,2111.16,959.16,2253.26,1231.06,0,0.84
19620,5640,2282.11,870.19,2405.64,1146.06,0,0.93
19620,5789,2747.14,906.87,2887.06,1179.53,0,0.95
19620,5817,764.14,1298.1,948.62,1704.97,0,0.84
19620,5767,2343.87,1031.56,2474.27,1313.14,0,0.84
19620,5641,2623.94,812.75,2754.99,1079.78,1,0.93
19630,5758,2516.15,918.83,2650.34,1216.62,0,0.9
19630,5785,2111.1,958.05,2252.56,1230.53,0,0.86
19630,5640,2281.7,869.67,2408.15,1146.89,0,0.93
19630,5789,2746.5,908.88,2887.68,1179.08,0,0.94
19630,5817,766.81,1288.13,941.41,1687.36,0,0.97
19630,5767,2343.91,1031.47,2474.88,1314.84,0,0.86
19630,5641,2629.27,813.26,2757.31,1082.32,1,0.91
19640,5758,2515.85,918.31,2650.32,1216.93,0,0.91
19640,5785,2111.85,956.36,2255.11,1229.62,0,0.54
19640,5640,2283.09,869.74,2407.52,1147.06,0,0.92
19640,5789,2746.78,910.99,2887.75,1181.29,0,0.95
19640,5817,747.02,1233.83,919.36,1609.03,0,0.85
19640,5767,2343.93,1031.77,2474.18,1315.95,0,0.83
19640,5641,2628.99,813.09,2759.02,1085.88,1,0.92
19650,5758,2515.7,917.96,2651.03,1216.45,0,0.89
19650,5785,2111.65,958.99,2254.73,1230.07,0,0.86
19650,5640,2283.49,867.83,2407.32,1148.02,0,0.95
19650,5789,2746.5,910.29,2886.22,1182.31,0,0.94
19650,5817,747.77,1128.42,917.56,1471.75,0,0.97
19650,5767,2342.8,1030.53,2472.55,1314.36,0,0.85
19650,5641,2634.43,813.64,2759.21,1086.01,1,0.87
19660,5758,2515.52,917.77,2651.82,1216.82,0,0.9
19660,5785,2110.96,963.93,2250.45,1229.58,0,0.87
19660,5640,2282.46,867.05,2406.94,1147.23,0,0.96
19660,5789,2747.5,913.24,2884.4,1182.96,0,0.94
19660,5767,2342.39,1030.58,2470.94,1314.17,0,0.82
19660,5641,2634.75,813.39,2759.15,1085.82,1,0.91
19670,5758,2515.53,918.11,2651.67,1215.52,0,0.91
19670,5785,2110.52,962.43,2249.05,1227.5,0,0.89
19670,5640,2281.7,867.09,2406.81,1146.36,0,0.96
19670,5789,2747.92,913.78,2884.5,1185.45,0,0.93
19670,5767,2341.7,1030.82,2470.33,1313.39,0,0.82
19670,5641,2631.49,813.97,2759.21,1079.97,1,0.93
19680,5758,2515.48,918.17,2650.69,1214.86,0,0.91
19680,5785,2109.75,961.63,2248.52,1227.47,0,0.87
19680,5640,2281.67,867.15,2406.98,1145.85,0,0.96
19680,5789,2746.49,915.63,2881.25,1186.34,0,0.96
19680,5767,2341.8,1030.3,2470.47,1313.3,0,0.76
19680,5641,2626.06,812.56,2758.72,1080.66,1,0.96
19680,5916,3887.07,821.56,4015.78,970.87,1,0.39
19690,5758,2515.5,918.33,2650.27,1214.68,0,0.91
19690,5785,2109.68,961.14,2248.37,1227.8,0,0.86
19690,5640,2281.39,867.31,2407.14,1146.13,0,0.96
19690,5789,2746.19,915.99,2881.33,1185.39,0,0.96
19690,5767,2341.36,1031.03,2471.12,1313.56,0,0.82
19690,5641,2623.13,810.58,2756.51,1079.14,1,0.97
19690,5916,3885.73,821.61,4017.38,971.62,1,0.39
19700,5758,2515.88,921.01,2649.42,1215.78,0,0.89
19700,5785,2110.07,960.2,2249.2,1229.61,0,0.86
19700,5640,2282.16,868.78,2407.26,1147.63,0,0.85
19700,5789,2748.39,913.07,2880.18,1184.23,0,0.95
19700,5767,2342.33,1031.83,2474.6,1314.52,0,0.86
19700,5641,2619.96,809.63,2755.05,1079.71,1,0.96
19710,5758,2516.03,922.57,2648.32,1215.99,0,0.88
19710,5785,2110.58,959.8,2249.67,1230.05,0,0.85
19710,5640,2282.59,869.19,2407.68,1147.61,0,0.86
19710,5789,2750.06,910.45,2881.19,1183.6,0,0.95
19710,5767,2343.08,1030.81,2476.35,1315.04,0,0.88
19710,5641,2619.45,809.46,2755.99,1083.42,1,0.95
19710,5924,1448.82,733.8,1581.54,971.72,0,0.93
19720,5758,2515.9,922.36,2649.06,1215.97,0,0.9
19720,5785,2111.8,960.41,2249.33,1229.73,0,0.86
19720,5640,2282.03,868.35,2406.11,1147.37,0,0.91
19720,5789,2749.07,909.02,2883.49,1180.8,0,0.93
19720,5767,2345.96,1030.92,2476.68,1314.77,0,0.87
19720,5641,2619.33,809.7,2757.85,1081.69,1,0.94
19720,5924,1459.25,720.76,1588.85,958.21,0,0.91
19720,5916,3893.25,818.38,4055.13,971.55,1,0.52
19730,5758,2515.78,921.41,2650.45,1216.51,0,0.92
19730,5785,2111.65,960.52,2249.13,1230.16,0,0.86
19730,5640,2281.82,868.21,2406,1147.45,0,0.92
19730,5789,2751.81,908.69,2882.31,1180.73,0,0.94
19730,5767,2346.33,1030.48,2476.39,1314.17,0,0.85
19730,5641,2619.68,808.66,2759.34,1084.06,1,0.96
19730,5924,1475.01,715.45,1600.23,945.11,0,0.51
19730,5916,3866.61,780.66,4062.36,969.06,0,0.36
19740,5758,2515.95,920.8,2649.34,1216.72,0,0.89
19740,5785,2110.64,961.45,2248.73,1230.14,0,0.88
19740,5640,2280.65,866.54,2407.43,1147.67,0,0.94
19740,5789,2752.31,912.41,2884.43,1182.68,0,0.95
19740,5767,2342.59,1030.29,2474.53,1314.61,0,0.83
19740,5641,2620.57,809.16,2760.61,1086.27,1,0.93
19740,5924,1473.01,709.95,1598.92,945.34,0,0.61
19740,5930,1473.07,713.95,1603.11,941.88,0,0.44
19750,5758,2516.37,918.93,2651.33,1217,0,0.91
19750,5785,2110.28,961.15,2248.85,1230.38,0,0.88
19750,5640,2280.2,866.31,2407.44,1147.52,0,0.94
19750,5789,2752.13,911.25,2884.93,1183.08,0,0.95
19750,5767,2342.07,1030.78,2474.29,1314.68,0,0.84
19750,5641,2622.31,809.09,2760.59,1083.62,1,0.95
19750,5930,1468.72,712.07,1593.26,948.75,0,0.74
19760,5758,2516.72,918.88,2651.6,1216.43,0,0.9
19760,5785,2110.63,960.37,2248.05,1230.3,0,0.84
19760,5640,2280.68,866.35,2407.49,1147.84,0,0.95
19760,5789,2750.24,907.92,2884.83,1183.67,0,0.92
19760,5767,2342.5,1032.29,2472.9,1312.47,0,0.8
19760,5641,2619.68,811.08,2760.81,1084.85,1,0.96
19760,5930,1468.26,711.41,1592.66,952.24,0,0.55
19760,5900,831.65,514.24,919.99,674.33,0,0.63
19770,5758,2516.84,919.87,2650.98,1216.51,0,0.89
19770,5785,2110.76,959.57,2247.82,1230.29,0,0.84
19770,5640,2280.97,865.97,2407.69,1147.81,0,0.95
19770,5789,2749.77,905.06,2883.9,1181.48,0,0.93
19770,5767,2342.78,1033.46,2472.58,1311.91,0,0.8
19770,5641,2616.48,811.71,2759.01,1084.93,1,0.95
19770,5930,1468.41,711.77,1593.77,953.4,0,0.66
19770,5900,836.98,542.24,927.67,715.82,0,0.89
19780,5758,2516.81,920.28,2650.34,1216.53,0,0.88
19780,5785,2110.65,959.77,2248.06,1230.14,0,0.83
19780,5640,2281.88,865.26,2408.08,1147.46,0,0.93
19780,5789,2748.89,903.83,2883.33,1180.47,0,0.93
19780,5767,2341.3,1034.14,2472.03,1311.48,0,0.73
19780,5641,2615.51,809.18,2758.44,1085.93,1,0.96
19780,5900,831.82,569.99,921.78,753.9,0,0.75
19790,5758,2516.03,919.32,2649.12,1216.17,0,0.91
19790,5785,2111.95,959.72,2249.48,1230.38,0,0.84
19790,5640,2281.99,866.78,2407.28,1147.97,0,0.88
19790,5789,2752.24,904.24,2883.61,1181.31,0,0.93
19790,5767,2342.25,1035.27,2472.35,1310.65,0,0.63
19790,5641,2615.72,809.52,2758.69,1084.2,1,0.95
19790,5900,810.61,614.17,907.53,811.48,0,0.91
19790,5930,1470.55,710.66,1592.64,951.13,0,0.69
19800,5758,2515.97,919.18,2648.51,1216.21,0,0.91
19800,5785,2111.72,959.16,2249.69,1230.95,0,0.83
19800,5640,2282.14,867.43,2407.12,1147.86,0,0.89
19800,5789,2753.42,905.84,2883.28,1181.23,0,0.94
19800,5767,2342.93,1035.21,2472.94,1310.32,0,0.74
19800,5641,2617.1,808.89,2758.98,1084.96,1,0.95
19800,5930,1468.68,711.23,1590.3,949.23,0,0.84
19810,5758,2516.49,919.32,2649.42,1214.89,0,0.9
19810,5785,2111.53,958.82,2251.8,1231.62,0,0.82
19810,5640,2282.48,867.61,2407.05,1146.03,0,0.9
19810,5789,2752.65,904.71,2884.27,1181.74,0,0.93
19810,5767,2343.45,1033.19,2474.35,1313.73,0,0.82
19810,5641,2617.44,808.33,2759.36,1086.43,1,0.95
19820,5758,2516.69,919.74,2648.94,1214.46,0,0.9
19820,5785,2111.86,957.95,2252.94,1231.66,0,0.82
19820,5640,2282.64,867.56,2407.51,1145.42,0,0.89
19820,5789,2751.62,904.05,2884.91,1181.56,0,0.92
19820,5767,2343.6,1032.73,2474.69,1315.85,0,0.87
19820,5641,2616.93,809.2,2759.22,1084.97,1,0.95
19820,5930,1471.32,710.6,1592.65,951.05,0,0.66
19830,5758,2516.9,919.27,2649.41,1214.15,0,0.89
19830,5785,2111.75,959.27,2252.52,1231.68,0,0.85
19830,5640,2282.98,867.4,2407.49,1144.08,0,0.9
19830,5789,2748.02,907.87,2885.24,1184.56,0,0.92
19830,5767,2344.21,1033.1,2474.89,1316.4,0,0.87
19830,5641,2616.44,810.92,2759.7,1086.17,1,0.92
19830,5930,1470.68,711.26,1593.07,951.43,0,0.85
19840,5758,2516.53,919.34,2650.09,1215.45,0,0.87
19840,5785,2111.26,960.48,2251.5,1231.33,0,0.86
19840,5640,2282.84,866.92,2407.93,1144.82,0,0.94
19840,5789,2749.94,910.64,2884.04,1187.57,0,0.94
19840,5767,2344.06,1033.28,2473.53,1314.48,0,0.86
19840,5641,2616.82,811.51,2759.29,1086.39,1,0.95
19840,5930,1469.24,710.45,1593.51,954.28,0,0.81
19850,5758,2516.27,919.67,2650.41,1216.09,0,0.87
19850,5785,2111.4,959.3,2251.67,1231.36,0,0.81
19850,5640,2282.9,866.76,2408.21,1145.33,0,0.93
19850,5789,2750.34,911.33,2883.75,1188.19,0,0.93
19850,5767,2343.65,1033.4,2472.83,1313.82,0,0.84
19850,5641,2616.95,810.78,2759.33,1086,1,0.95
19850,5930,1467.83,710.27,1593.52,956.28,0,0.75
19850,5947,3889.96,822.6,4019.34,973.24,1,0.5
19860,5758,2515.78,919.69,2651.13,1218.08,0,0.9
19860,5785,2111.16,957.81,2252.11,1230.08,0,0.79
19860,5640,2283.05,867.13,2407.62,1146.73,0,0.94
19860,5789,2751.59,911.58,2884.56,1190.38,0,0.94
19860,5767,2343.54,1034.35,2472.97,1312.7,0,0.85
19860,5641,2616.81,812.01,2758.3,1084.89,1,0.93
19860,5930,1468.36,711.69,1593.56,953.9,0,0.85
19870,5758,2515.88,919.72,2651.4,1218.64,0,0.9
19870,5785,2110.94,957.15,2252.42,1229.51,0,0.78
19870,5640,2282.84,866.92,2407.76,1146.57,0,0.95
19870,5789,2749.66,909.6,2884.81,1186.99,0,0.94
19870,5767,2343.99,1036.08,2473.12,1313.07,0,0.84
19870,5641,2616.8,809.61,2758.73,1084.76,1,0.96
19870,5930,1469.23,711.82,1593.35,952.18,0,0.87
19880,5758,2516.02,918.67,2652.33,1218.17,0,0.92
19880,5785,2110.19,957.19,2252.31,1229.17,0,0.72
19880,5640,2282.92,866.43,2407.7,1146.34,0,0.95
19880,5789,2747.24,907.54,2882.75,1185.23,0,0.94
19880,5767,2344.41,1036.42,2473.05,1313.7,0,0.85
19880,5641,2617.26,808.96,2758.82,1082.27,1,0.94
19880,5930,1469.35,712.6,1593.12,952.06,0,0.81
19890,5758,2516.29,919.09,2650.09,1218.13,0,0.89
19890,5785,2111.68,957.21,2251.81,1228.02,0,0.77
19890,5640,2282.81,865.11,2408.1,1147.95,0,0.95
19890,5789,2745.72,911.94,2882.76,1189.83,0,0.95
19890,5767,2343.31,1036.83,2473.24,1313.68,0,0.75
19890,5641,2619.21,807.75,2757.22,1079.57,1,0.98
19890,5930,1467.6,712.5,1592.42,953.12,0,0.72
19900,5758,2516.46,919.06,2649.42,1217.79,0,0.9
19900,5785,2112.6,960.91,2251.27,1227.26,0,0.88
19900,5640,2282.29,864.64,2408.23,1148.94,0,0.96
19900,5789,2746.48,911.82,2880.66,1188.15,0,0.93
19900,5767,2342.93,1036.78,2473.75,1313.64,0,0.71
19900,5641,2622.3,808.76,2759.79,1080.47,1,0.97
19900,5930,1468.77,711.82,1593.05,951.08,0,0.75
19910,5758,2515.95,920.1,2648.97,1216.68,0,0.9
19910,5785,2114.4,961.22,2251.8,1231.75,0,0.86
19910,5640,2281.95,864.85,2408.29,1149.6,0,0.91
19910,5789,2747.81,908.4,2880.98,1185.19,0,0.93
19910,5767,2343.78,1036.01,2472.97,1313.08,0,0.79
19910,5641,2621.13,809.24,2759.96,1085.91,1,0.98
19920,5758,2516.25,919.98,2650.11,1216.26,0,0.92
19920,5785,2115.51,957.4,2251.58,1231.52,0,0.89
19920,5640,2282,864.9,2407.96,1149.03,0,0.92
19920,5789,2746.99,910.1,2882.84,1189.38,0,0.95
19920,5767,2343.16,1036.36,2472.47,1312.16,0,0.79
19920,5641,2616.66,805.59,2754.75,1078.29,1,0.98
19920,5947,3806.75,807.03,4048.26,976.15,1,0.75
19920,5930,1469.21,708.11,1594.55,944.82,0,0.64
19930,5758,2516.44,920.37,2649.78,1216.95,0,0.91
19930,5785,2115.4,954.83,2250.23,1230.32,0,0.62
19930,5640,2281.2,864.97,2407.55,1148.47,0,0.94
19930,5789,2742.7,902.77,2880.4,1180.83,0,0.96
19930,5767,2344.66,1036,2473.64,1312.5,0,0.8
19930,5641,2610.42,800.57,2749.23,1066.65,1,0.98
19930,5947,3846.64,805.57,4015.14,984.03,1,0.83
19930,5930,1473.27,710.82,1597.47,939.72,0,0.33
19940,5758,2516.61,921.22,2650.09,1216.49,0,0.92
19940,5785,2115.14,954.95,2249.48,1229.81,0,0.86
19940,5640,2280.85,866.07,2407.78,1146.82,0,0.95
19940,5789,2760.68,872.93,2895.68,1150.1,0,0.95
19940,5767,2345.22,1033.4,2474.12,1313.85,0,0.81
19940,5641,2614.11,798.12,2748.19,1059.92,1,0.97
19940,5947,3870.32,810.31,3991.47,992.01,0,0.71
19940,5930,1469.79,713.96,1592.95,942.68,0,0.76
19940,5817,682.55,520.28,808.86,674.45,0,0.77
19950,5758,2516.89,921.56,2650.53,1216.12,0,0.91
19950,5785,2115.76,956.75,2249.59,1229.72,0,0.86
19950,5640,2278.33,866.2,2407.84,1144.38,0,0.95
19950,5789,2783.48,839.78,2914.53,1117.23,0,0.85
19950,5767,2345.42,1031.32,2475.36,1315.34,0,0.85
19950,5641,2612.45,797.13,2745.93,1060.61,1,0.98
19950,5947,3906.81,815.75,4019.88,989.04,0,0.66
19950,5930,1466.21,713.63,1590.49,950.6,0,0.62
19950,5817,687.69,517.62,821.15,675.23,0,0.47
19960,5758,2517.08,919.89,2653.42,1215.54,0,0.88
19960,5785,2115.78,944.48,2251.84,1229.4,0,0.75
19960,5640,2277.65,865.82,2406.86,1147.39,0,0.96
19960,5789,2791.28,835.12,2919.43,1112,0,0.92
19960,5767,2341.08,1038.9,2470.58,1316.42,0,0.33
19960,5641,2611.01,793.91,2742.71,1053.73,1,0.98
19960,5930,1461.79,699.18,1586.19,932.28,0,0.96
19960,5817,687.1,514.28,825.96,672.4,0,0.67
19970,5758,2517.55,918.87,2659.4,1213.26,0,0.92
19970,5785,2114.8,928.25,2247.95,1204.43,0,0.85
19970,5640,2279.96,863.8,2406.39,1143.75,0,0.97
19970,5789,2793.34,826.9,2922.48,1099.59,0,0.92
19970,5767,2344.96,1035.5,2474.48,1311.81,0,0.83
19970,5641,2599.72,772.09,2739.74,1012.9,1,0.97
19970,5930,1441.27,660.81,1557.63,881.34,0,0.95
19970,5817,689.11,517.73,825.27,674.08,0,0.55
19980,5758,2513.11,904.58,2665.04,1204.63,0,0.96
19980,5785,2107.1,888.98,2234.57,1154.22,0,0.9
19980,5640,2294.02,850.28,2420.34,1104.87,0,0.94
19980,5789,2789.33,797.6,2916.65,1063.24,0,0.88
19980,5767,2336.07,1031.29,2465.41,1297.91,0,0.63
19980,5641,2624.04,730.26,2757.27,955.29,1,0.72
19980,5817,689.55,518.42,823.11,674.84,0,0.58
19990,5758,2499.4,869.02,2655.61,1157.03,0,0.46
19990,5785,2104.02,835.31,2230.65,1088.5,0,0.78
19990,5640,2294.54,817.88,2417.84,1063.2,0,0.95
19990,5789,2768.86,750.84,2880.63,997.18,0,0.85
19990,5767,2346.3,1002.71,2469.09,1267.25,0,0.67
19990,5641,2648.51,676.12,2770.1,883.02,0,0.72
19990,5817,685.43,520.29,816.42,671.78,0,0.7
20000,5758,2479.76,819.15,2624.91,1082.7,0,0.95
20000,5785,2100.24,768.33,2224.26,1006.04,0,0.89
20000,5640,2300,778.85,2415.12,1011.34,0,0.89
20000,5767,2380.83,952.17,2496.47,1216.25,0,0.85
20000,5641,2682.87,671.53,2793.2,878.51,0,0.86
20000,5817,681.48,521.17,811.2,672.47,0,0.79
20010,5758,2466.79,764.14,2600.29,991.62,0,0.79
20010,5785,2091.85,695.06,2207.45,912.77,0,0.81
20010,5640,2309.84,731.65,2416.2,948.54,0,0.89
20010,5767,2416.11,893.63,2527.97,1148.1,0,0.86
20010,5817,676.15,520.12,805.83,670.9,0,0.66
20020,5758,2455.61,702.57,2579.96,921.39,0,0.83
20020,5785,2080.31,621.48,2188.9,830.05,0,0.91
20020,5640,2308.79,681.92,2409.49,884.55,1,0.69
20020,5767,2436.22,841.58,2539.16,1070.97,0,0.88
20020,5817,670.23,520.81,804.05,670.86,0,0.69
20030,5785,2065.57,550.4,2162.77,736.11,0,0.69
20030,5640,2289.11,623.45,2383.51,810.36,1,0.82
20030,5817,668.08,522.77,803.03,670.76,0,0.61
20040,5785,2063.66,484.14,2151.59,651.43,0,0.92
20040,5640,2260.32,565.73,2349.02,742.17,0,0.9
20040,5817,666.14,528.98,797.41,674.08,0,0.52
20040,5987,2435.77,589.01,2543.67,761.9,0,0.82
20040,5758,2452.83,669.51,2543.7,881.34,0,0.71
20050,5785,2062.45,428.12,2144.51,579.7,0,0.86
20050,5640,2230.51,519.33,2313.44,683.48,0,0.89
20050,5817,664.57,530.19,794.7,675.31,0,0.41
20050,5758,2434.26,636.6,2523.45,832.14,0,0.88
20060,5785,2062.45,367.89,2139.8,515.25,0,0.62
20060,5640,2194.32,470.43,2271.35,626.49,0,0.89
20060,5817,661.22,524.97,789.3,674.47,0,0.54
20060,5758,2413.87,584.94,2494.6,769.83,0,0.89
20070,5785,2045.79,333.27,2115.99,461.72,0,0.48
20070,5640,2172.88,429.11,2243.46,573.77,0,0.55
20070,5817,657.96,523.1,788.73,675.06,0,0.66
20070,5758,2385.79,536.67,2462.08,710.55,0,0.9
20070,6002,956.29,327.51,1024.18,437.26,0,0.71
20080,5785,2025.85,311.5,2089.36,425.93,0,0.66
20080,5640,2169.71,390.52,2239.71,526.84,0,0.66
20080,5817,657.95,524.79,787.67,673.89,0,0.26
20080,5758,2358.33,491.93,2427.83,651.3,0,0.89
20090,5817,659.85,527.05,788.63,676.59,0,0.29
20090,5758,2338.76,454.23,2411.25,590.74,0,0.5
20100,5817,663.67,528.6,788.45,676.67,0,0.29
20110,5817,665.32,524.97,787.04,675.15,0,0.41
20130,5817,668.99,531.23,790.09,677.44,0,0.32
20140,5817,668.38,534.13,789.84,678.34,0,0.27
20160,6045,926.75,532.35,1026.91,706.72,0,0.7
20210,5817,658.57,523.15,783.43,676.13,0,0.3
20250,6089,2313.85,648.13,2462.48,877.21,0,0.91
20260,6089,2310.61,595.14,2446.86,810.49,0,0.8
20270,6089,2308.65,536.6,2434.26,736.85,0,0.39
20270,6094,1160.71,836.66,1286.29,1101.43,0,0.77
20280,6089,2315.78,486.48,2429.69,676.46,0,0.53
20280,6094,1185.18,793.74,1303.67,1040.75,0,0.94
20280,6100,2221.99,618.33,2329.83,816.24,0,0.79
20290,6089,2323.42,447.74,2427.49,621.52,0,0.87
20290,6094,1220.68,739.23,1343.81,969.14,0,0.88
20290,6100,2222.67,558.1,2318.53,733.62,0,0.79
20300,6089,2330.08,409.42,2428.93,572.96,0,0.78
20300,6094,1252.86,702.94,1368.24,927.95,0,0.9
20300,6100,2221.56,498.99,2306.78,653.75,0,0.58
20310,6089,2336.92,391.89,2430.06,532.73,0,0.43
20310,6094,1277.28,665.04,1387.19,891.94,0,0.54
20310,6100,2213.89,450.29,2293.63,596.33,0,0.59
20320,6094,1295.94,638.31,1399.15,857.25,0,0.93
20320,6100,2199.77,411.46,2276.56,542.5,0,0.8
20320,6113,2126.65,475.67,2207.89,626.1,0,0.76
20330,6094,1302.87,613.62,1397.71,791.88,0,0.75
20330,6100,2187.12,376.4,2252.85,499.45,0,0.47
20340,6094,1300.43,602.71,1391.65,764.78,0,0.83
20360,6125,1286.39,593.39,1383.82,735.06,0,0.53
20370,6125,1286.74,579.2,1375.19,722.35,0,0.74
20380,6125,1280,568.03,1371.97,710.21,0,0.86
20390,6125,1267.69,564.86,1372.8,703.58,0,0.81
20400,6125,1258.94,559.8,1371.41,701.86,0,0.53
20410,6125,1252.62,557.59,1361.23,715.38,0,0.59
20420,6125,1244.16,555.26,1338.5,725.47,0,0.75
20430,6125,1229.55,552.76,1320.15,728.34,0,0.79
20430,6134,1984.36,458.62,2056.42,602.96,0,0.82
20430,6135,1392.74,646.01,1488.33,841.03,0,0.68
20440,6125,1201.78,547.29,1305.3,723.71,0,0.92
20440,6135,1404.62,631.89,1500.61,821.25,0,0.41
20450,6125,1155.93,538.56,1273.3,717.87,0,0.92
20640,6134,1962.56,427.58,2040.41,576.01,0,0.72
20650,6134,1960.81,394.94,2034.84,531.64,0,0.65
20660,6196,1774.87,511.48,1864.22,674.24,0,0.74
20690,6211,978.7,466.61,1057.83,621.82,0,0.83
20690,6135,1568.48,422.13,1641.24,555.16,0,0.65
20700,6135,1564.18,394.77,1636.77,524.28,0,0.59
20710,6135,1553.67,371.51,1622.9,490.56,0,0.71
20780,6211,1008.44,461.31,1084.25,619.4,0,0.61
20930,6277,934.25,555.99,1067.8,723.5,0,0.81
21070,6315,3897.24,931.67,4023.34,1213.37,1,0.75
21100,6319,3781.9,915.73,3933.31,1213.56,0,0.6
21160,6315,3876.93,876.73,4049.14,1136.42,1,0.45
21290,6319,3666.25,908.1,3876.88,1168.04,0,0.94
21480,6414,2300.4,795.81,2440.02,1061.33,0,0.92
21490,6414,2285.18,756.27,2416.13,1008.82,0,0.58
21500,6414,2272.71,720.95,2398.71,958.36,0,0.7
21510,6414,2265.09,705.12,2384.94,934.88,0,0.95
21520,6414,2264.59,698.17,2380.89,929.06,0,0.96
21530,6414,2266.98,698.33,2386.17,925.97,0,0.95
21540,6414,2269.32,693.89,2391.79,925.71,0,0.96
21550,6414,2270.72,695.51,2393.35,926.74,0,0.95
21560,6414,2270,700.45,2395.79,929.94,0,0.91
21570,6414,2270.34,700.66,2395.52,931.27,0,0.94
21580,6414,2269.7,700.59,2394.89,932.93,0,0.94
21590,6414,2269.88,701.71,2394.21,933.11,0,0.96
21600,6414,2269.82,702.28,2392.88,932.94,0,0.95
21610,6414,2270.39,704.34,2391.67,932.41,0,0.93
21620,6414,2271,705.59,2391.28,932.84,0,0.93
21630,6414,2271.9,704.41,2391.17,933.05,0,0.94
21640,6414,2270.04,704.77,2390.06,929.37,0,0.95
21650,6414,2273.25,705.6,2389.74,930.05,0,0.93
21660,6414,2274.19,705.68,2390.01,931.22,0,0.94
21660,6441,2148.94,827.97,2278.17,1073.07,0,0.88
21670,6414,2272.93,705.7,2390.16,931.19,0,0.95
21670,6441,2125.8,778.02,2251.82,1019.52,0,0.78
21680,6414,2273.24,705.04,2389.64,932.36,0,0.96
21680,6441,2119.98,740.28,2240.98,976.08,0,0.91
21690,6414,2273.69,705.04,2388.57,932.72,0,0.95
21690,6441,2115.98,721.58,2235.11,953.23,0,0.93
21700,6414,2273.83,704.74,2387.72,932.15,0,0.95
21700,6441,2115.8,715.42,2233.68,944.22,0,0.94
21710,6414,2274.76,706.28,2388.09,932.42,0,0.94
21710,6441,2117.51,714.57,2235.34,943.03,0,0.92
21720,6414,2274.61,706.75,2387.54,932.57,0,0.94
21720,6441,2119.32,717.07,2237.03,944.42,0,0.9
21730,6414,2274.92,708.27,2388.1,934.63,0,0.92
21730,6441,2120.82,718.9,2238.47,946.79,0,0.9
21730,6447,765.77,492.57,849.38,642.47,0,0.9
21740,6414,2275.65,708.46,2388.91,935.89,0,0.91
21740,6441,2121.44,720.15,2239.11,948.15,0,0.9
21740,6447,768.76,498.62,855.51,654.73,0,0.9
21750,6414,2274.9,706.16,2390.36,936.47,0,0.94
21750,6441,2122.13,720.93,2239.91,948.58,0,0.91
21750,6447,776.83,504.15,866.4,666.6,0,0.93
21760,6414,2274.23,705.33,2390.89,936.34,0,0.96
21760,6441,2121.88,720.95,2240.34,949.29,0,0.91
21760,6447,781.65,510.53,868.78,670.06,0,0.75
21770,6414,2273.26,704.33,2390.13,935.7,0,0.95
21770,6441,2121.45,721.55,2239.68,950.13,0,0.91
21770,6447,783.41,512.34,867.11,669.51,0,0.71
21770,6454,678.18,599.56,777.42,787.44,3,0.68
21780,6414,2274.49,705.32,2389.4,934.62,0,0.95
21780,6441,2120.93,722.62,2239.26,951.36,0,0.9
21780,6447,781.4,512.16,867.49,672.32,0,0.86
21790,6414,2274.27,705.42,2390.65,935.3,0,0.96
21790,6441,2120.59,722.29,2239.44,952.57,0,0.91
21790,6447,774.9,506.99,863.43,668.45,0,0.56
21800,6414,2274.43,705.78,2391.59,936.76,0,0.93
21800,6441,2120.58,722.41,2239.04,951.95,0,0.9
21800,6447,776.68,507.88,865.86,670.59,0,0.54
21800,6456,771.43,506.02,861.73,665.55,0,0.54
21810,6414,2275.02,705.97,2390.78,935.82,0,0.94
21810,6441,2120.74,723.21,2239.05,951.58,0,0.9
21810,6447,776.8,507.19,866.87,671.79,0,0.42
21810,6456,769.43,504.74,861.11,665.64,0,0.6
21820,6414,2275.65,705.18,2390.5,933.35,0,0.94
21820,6441,2121.39,723.92,2238.56,951.35,0,0.89
21820,6447,777.02,507.07,867.12,672.04,0,0.39
21820,6456,768.97,504.15,860.74,665.53,0,0.63
21830,6414,2278.92,704.05,2388.25,896.87,0,0.97
21830,6441,2120.62,723.67,2238.77,950.75,0,0.87
21830,6456,767.55,502.05,861.28,665.95,0,0.73
21840,6414,2279.61,704.62,2391.18,911.57,0,0.87
21840,6441,2120.22,721.34,2241.29,940.2,0,0.76
21840,6456,766.78,501.87,861.77,667.02,0,0.91
21850,6414,2279.41,705.37,2390.34,913.29,0,0.92
21850,6441,2127.33,720.73,2243.46,905.85,0,0.69
21850,6456,767.25,503.53,860.49,666.55,0,0.93
21860,6414,2278.35,705.78,2389.78,922.37,0,0.92
21860,6441,2129.63,714.38,2236.75,902.2,0,0.69
21860,6456,767.87,503.84,861.06,667.33,0,0.89
21870,6414,2275.46,705.92,2389.97,930.42,0,0.95
21870,6441,2123.49,720.44,2237.89,935.83,0,0.81
21870,6456,768.68,504.03,861.19,667.12,0,0.67
21870,6471,2741.2,1308.88,2968.29,1700.32,3,0.98
21880,6414,2274.29,705.05,2389.71,933.93,0,0.94
21880,6441,2121.95,722.51,2239.35,947.19,0,0.87
21880,6456,774.78,505.42,864.92,670.11,0,0.81
21880,6471,2730.5,1275.57,2955.89,1663.69,3,0.94
21880,6478,2729.42,1271.4,2954.75,1659,2,0.49
21890,6414,2273.84,704.41,2389.03,935.03,0,0.94
21890,6441,2121.27,722.41,2239.63,951.92,0,0.89
21890,6456,777.16,505.57,866.2,669.2,0,0.84
21890,6471,2736.1,1259.98,2960.87,1651.34,2,0.35
21890,6478,2736.88,1262.6,2961.81,1654.13,3,0.94
21900,6414,2274.45,705.03,2388.05,935.26,0,0.93
21900,6441,2121.3,723.26,2239.38,953.25,0,0.89
21900,6471,2734.96,1229.01,2965.41,1638.71,3,0.91
21900,6447,799.45,511.66,893.71,677.38,0,0.9
21910,6414,2275.89,705.38,2389.72,936.3,0,0.94
21910,6441,2121.36,724.66,2237.97,954.01,0,0.87
21910,6471,2755.1,1185.73,2966.4,1569.46,3,0.95
21920,6414,2275.94,705.3,2390.32,937.04,0,0.94
21920,6441,2120.63,724.79,2237.15,954.48,0,0.88
21920,6471,2771.74,1140.67,2970.98,1501.98,2,0.7
21930,6414,2276.71,705.92,2391.19,936.92,0,0.95
21930,6441,2120.23,724.82,2237.79,954.88,0,0.88
21930,6471,2770.81,1097.91,2961.32,1460.54,3,0.82
21930,6491,2768.62,1100.36,2960.02,1464.8,2,0.81
21940,6414,2277.03,705.59,2392.36,936.22,0,0.95
21940,6441,2120.1,724.81,2238.07,955.25,0,0.87
21940,6471,2771.99,1076.06,2962.6,1430.85,3,0.83
21940,6491,2769.96,1085.28,2962.71,1441.22,2,0.71
21950,6414,2276.24,706.56,2392.67,936.98,0,0.95
21950,6441,2120.44,723.51,2237.04,955.51,0,0.85
21950,6471,2769.49,1051.46,2957.23,1386.26,2,0.88
21950,6500,900.13,607.65,1016.31,791.22,0,0.79
21960,6414,2275.93,706.18,2391.43,938.09,0,0.93
21960,6441,2121.1,724.03,2237.51,954.92,0,0.86
21960,6471,2759.8,1016.96,2943.39,1344.22,3,0.77
21960,6491,2755.89,1020.51,2940.7,1350.37,2,0.53
21970,6414,2274.83,705.79,2392.9,938.14,0,0.94
21970,6441,2121.45,726.32,2238.1,954.75,0,0.88
21970,6471,2746.05,986.58,2940.96,1305.45,3,0.53
21970,6491,2742.47,989.09,2939.69,1308.75,2,0.46
21970,6500,910.73,598.97,997.22,795.15,0,0.55
21980,6414,2274.1,706.09,2392.78,937.48,0,0.92
21980,6441,2120.95,725.43,2238.29,954.78,0,0.87
21980,6471,2758.35,966.13,2939.17,1275.43,2,0.82
21980,6454,648.81,587.37,752.24,738.43,0,0.57
21980,6456,746.06,511.82,863.08,666.63,0,0.76
21990,6414,2274.35,706.22,2392.87,937.06,0,0.93
21990,6441,2120.66,725.33,2237.83,954.57,0,0.87
21990,6471,2766.17,949.42,2936.65,1255.84,2,0.89
21990,6447,800.61,515.15,950.77,672.14,0,0.93
22000,6414,2274.55,705.21,2393.22,936.6,0,0.95
22000,6441,2120.3,725.36,2237.01,954.59,0,0.88
22000,6471,2773.23,945.18,2945.55,1241.88,2,0.95
22000,6454,659.33,591.02,793.71,748.1,0,0.46
22010,6414,2274.61,705.06,2393.18,937.03,0,0.95
22010,6441,2120.12,726.23,2236.79,954.74,0,0.86
22010,6471,2810.47,930.25,2978.92,1213.47,2,0.89
22010,6500,850.39,585.99,1007.17,762.15,0,0.49
22020,6414,2274.01,705,2392.47,935.71,0,0.95
22020,6441,2119.51,725.96,2237.18,954.68,0,0.89
22030,6414,2274.34,707.24,2392.56,935.9,0,0.95
22030,6441,2118.93,725.07,2238.12,955.3,0,0.89
22040,6414,2274.31,705.99,2393.01,935.71,0,0.96
22040,6441,2120.23,724.5,2237.98,955.14,0,0.84
22050,6414,2274.75,717.73,2385.79,934.7,0,0.9
22050,6441,2124.38,729.75,2236.21,955.69,0,0.79
22060,6414,2275.53,711.41,2387.69,934.31,0,0.88
22060,6441,2125,724.57,2238.06,954.14,0,0.86
22070,6414,2275.99,707.22,2390.11,934.18,0,0.96
22070,6441,2121.65,722.08,2236.97,940.75,0,0.72
22080,6414,2276.26,705.56,2399.45,924.63,0,0.94
22080,6441,2120.58,724.08,2238.81,949.03,0,0.89
22090,6414,2275.83,705.34,2396.08,931.74,0,0.96
22090,6441,2120.35,724.27,2239.53,952.36,0,0.89
22100,6414,2275.32,705.49,2393.92,934.94,0,0.95
22100,6441,2121.01,724.79,2239.41,953.57,0,0.88
22100,6551,3854.36,804.4,3985.66,942.28,0,0.74
22110,6414,2274.86,700.82,2394.05,931.44,0,0.96
22110,6441,2122.36,724.15,2239.43,953.23,0,0.8
22120,6414,2274.58,682.31,2389.31,905.57,0,0.92
22120,6441,2123.1,717.83,2241.04,948.38,0,0.8
22120,6556,2121.04,717.83,2239.64,947.1,0,0.38
22130,6414,2277.73,651.86,2388.37,863.1,0,0.92
22130,6556,2119.25,693,2233.05,913.16,0,0.91
22140,6414,2295.75,615.55,2399.44,809.34,0,0.9
22140,6556,2113.07,646.15,2220.02,858.18,0,0.86
22140,6564,1669.33,368.31,1776.48,517.56,0,0.77
22150,6556,2104.77,592.19,2204.4,789.05,0,0.91
22150,6564,1691.4,341.63,1793.79,479.03,0,0.63
22160,6556,2084,538.78,2179.01,721.34,0,0.92
22160,6564,1716.39,315.61,1809.3,438.44,0,0.68
22170,6556,2069.33,486.19,2157.59,656.21,0,0.78
22170,6564,1736.13,300.6,1820.98,410.42,0,0.47
22180,6556,2048.78,436.06,2134.32,592.38,0,0.44
22180,6414,2277.75,613.05,2377.38,809.49,1,0.91
22190,6556,2031.44,389.03,2113.08,532.72,0,0.49
22190,6414,2273.2,577.91,2367.35,768.77,1,0.69
22200,6556,2020.99,358.57,2094.22,487.26,0,0.84
22200,6414,2257.25,532.79,2347.65,710.77,0,0.81
22210,6556,2005.3,334.17,2071.63,445.29,0,0.75
22210,6414,2233.28,487.22,2319.91,662.89,0,0.81
22220,6556,1979.86,304.92,2041.48,413.81,0,0.73
22220,6414,2204.64,453.64,2284.62,611.02,0,0.76
22230,6414,2182.97,424.77,2255.82,569.5,0,0.76
22240,6414,2188.14,399.16,2257.78,531.75,0,0.74
22250,6414,2198,369.05,2264.17,494.43,0,0.68
22270,6414,2198.66,329.67,2260.29,443.63,0,0.49
22280,6600,1065.64,553.92,1158.82,750.98,0,0.88
22290,6600,1063.27,510.23,1154.01,705.59,0,0.8
22300,6600,1049.95,485.1,1139.38,665.34,0,0.91
22310,6600,1027.67,456.7,1113.6,637.38,0,0.56
22320,6600,1003.09,461.93,1084.64,613.06,0,0.43
22330,6600,965.84,439.79,1049.6,593.36,0,0.8
22340,6600,941.22,428.87,1016.01,571.79,0,0.37
22350,6600,919.03,420.89,991.12,557.74,0,0.56
22360,6600,892.42,407.24,969.88,541.93,0,0.37
22360,6641,819.24,490.49,903.1,679.7,0,0.69
22370,6641,800.69,523.5,889.62,697.88,0,0.76
22380,6651,1040.51,358.86,1103.66,482.88,0,0.69
22410,6665,392.21,986.25,557.08,1294.43,0,0.8
22410,6668,2033.42,334.96,2092.21,462.13,0,0.45
22460,6641,764.98,551.65,846.88,727.47,0,0.84
22510,6701,1990.67,428.59,2071.21,579.4,0,0.62
22540,6641,734.86,593.79,846.57,767.76,0,0.88
22590,6701,1946.59,409.79,2032.17,564.21,0,0.82
22600,6701,1958.18,382.5,2036.14,528.37,0,0.69
22720,6739,2379.27,372.13,2464.18,516.14,0,0.45
22730,6739,2374.54,384.75,2460.52,531.61,0,0.77
22740,6739,2371.39,398.25,2457.08,547.81,0,0.85
22750,6739,2366.76,407.63,2454.87,569.73,0,0.88
22760,6739,2367.46,435.16,2458.29,605.13,0,0.94
22770,6739,2371.34,464.34,2466.94,646.42,0,0.91
22780,6739,2372.84,495.32,2473.92,688.18,0,0.93
22790,6739,2374.25,531.7,2480.3,735.62,0,0.79
22800,6739,2382.22,573.46,2497.99,793.14,0,0.86
22810,6739,2399.86,625.44,2523.87,856.02,0,0.97
22820,6739,2431.31,689.75,2563.65,939.13,0,0.93
22860,6743,2633.06,1070.08,2837.4,1447.13,3,0.98
22880,6748,2519.82,1319.49,2746.14,1776.28,0,0.84
22890,6748,2514.52,1370.41,2751.12,1839.85,0,0.93
22900,6748,2514.48,1390.95,2754.05,1857.21,0,0.6
22910,6748,2511.47,1395.71,2751.99,1862.89,0,0.79
22920,6748,2508.69,1394.79,2749.02,1852.89,0,0.49
22920,6757,1489.37,478.12,1579.52,654.68,0,0.94
22930,6748,2505.74,1398.18,2742.99,1858.37,0,0.37
22930,6757,1500.29,433.67,1581.45,590.23,0,0.89
22940,6748,2503.93,1398.22,2740.1,1861.73,0,0.68
22940,6757,1497.21,390.81,1578.62,530.28,0,0.35
22950,6748,2503.49,1395.74,2736.57,1865.58,0,0.25
22960,6748,2499.8,1393.04,2729.94,1849.47,0,0.28
22970,6748,2498.46,1393.42,2725.81,1842.13,0,0.45
22980,6748,2501.26,1385.65,2732.85,1840.34,0,0.26
22990,6748,2503.16,1383.71,2736.67,1834.69,0,0.39
23000,6748,2501.91,1389.35,2728.68,1832.76,0,0.41
23000,6792,2504.47,1382.43,2736.16,1831.03,0,0.33
23010,6748,2501.2,1391.26,2725.32,1834.1,0,0.39
23020,6748,2503.84,1385.03,2734.15,1835.95,0,0.38
23020,6795,2501.87,763.45,2631.02,1008.86,0,0.86
23030,6748,2501.26,1389.66,2729.28,1837.49,0,0.33
23030,6795,2517.64,737.21,2642.93,972.88,0,0.98
23040,6748,2500.79,1392.98,2726.36,1837.31,0,0.54
23040,6795,2523.02,724.67,2645.99,952.82,0,0.96
23050,6748,2500.2,1393.21,2725.57,1841.33,0,0.45
23050,6795,2522.68,718.32,2641.55,941.92,0,0.96
23060,6748,2500.49,1394.13,2724.71,1841.55,0,0.54
23060,6795,2522.09,716.91,2639.31,938.69,0,0.97
23070,6748,2499.92,1394.64,2723.23,1840.05,0,0.54
23070,6795,2523.04,712.22,2639.04,940.32,0,0.57
23070,6821,938.25,424.73,1031.21,576.67,0,0.9
23080,6748,2499.73,1395.01,2723.65,1839.32,0,0.54
23080,6795,2525.39,717.6,2648.42,945.44,0,0.96
23080,6821,963.8,445.08,1048.89,596.87,0,0.85
23090,6748,2500.22,1393.27,2723.1,1838.06,0,0.59
23090,6795,2527.27,719.8,2652.12,948.38,0,0.96
23090,6821,976.9,475.67,1072.03,644.9,0,0.77
23100,6748,2500.37,1392.42,2722.95,1837.71,0,0.55
23100,6795,2525.69,720.12,2651.34,950.77,0,0.94
23110,6748,2500.64,1392.38,2722.44,1835.97,0,0.6
23110,6795,2524.84,720.29,2652.37,951.52,0,0.95
23120,6748,2501.13,1392.7,2724.13,1837.88,0,0.35
23120,6795,2523.42,720.72,2650.91,951.45,0,0.96
23130,6748,2505.35,1391.03,2734.5,1835.09,0,0.67
23130,6795,2523.11,721.63,2650.62,952.7,0,0.96
23140,6748,2507.23,1389.08,2737.31,1835.75,0,0.51
23140,6795,2522.42,722.62,2650.79,953.29,0,0.96
23150,6795,2522.16,722.47,2650.62,953.96,0,0.96
23160,6795,2523.59,722.1,2650.92,951.04,0,0.96
23160,6748,2507.24,1385.46,2739.93,1835.11,0,0.33
23170,6795,2524.62,722.47,2650.98,949.42,0,0.96
23170,6748,2507.72,1383.3,2739.98,1834.23,0,0.54
23180,6795,2523.24,722.86,2650.58,949.86,0,0.97
23180,6748,2509.4,1384.04,2739.06,1831.76,0,0.87
23190,6795,2522.06,722.68,2650.25,945.08,0,0.94
23190,6748,2510.01,1383.15,2739.36,1836.22,0,0.52
23200,6795,2521.39,722.28,2648.98,945.14,0,0.96
23200,6748,2508.96,1384.23,2741.26,1838.97,0,0.36
23210,6795,2522.86,722.84,2649.4,948.54,0,0.97
23210,6748,2504.09,1392.39,2723.86,1830.06,0,0.87
23220,6795,2523.7,723.36,2649.1,951.64,0,0.97
23220,6748,2500.98,1395.86,2719.14,1828.26,0,0.88
23220,6863,2112.22,804.15,2282.1,1113.68,0,0.85
23220,6864,2708.51,818.35,2844.1,1071.01,1,0.73
23230,6795,2524.12,723.82,2648.24,953.16,0,0.97
23230,6748,2505.49,1388.11,2729.53,1829.29,0,0.73
23230,6863,2106.56,771.35,2262.54,1046.34,0,0.95
23230,6864,2730.5,800.37,2857.78,1044.88,1,0.54
23240,6795,2524.88,726.04,2647.94,952.83,0,0.97
23240,6748,2505.99,1385.05,2734.6,1829.85,0,0.72
23240,6863,2105.2,749.58,2251.44,1014.86,0,0.98
23240,6864,2736.07,786.58,2860.55,1030.68,0,0.6
23240,6873,2501.67,1394.57,2720.26,1829.76,0,0.43
23240,6874,2735.27,787.11,2860.06,1031.51,1,0.6
23250,6795,2523.31,724.11,2648.18,949.36,0,0.96
23250,6863,2106.04,738.52,2253.04,1001.59,0,0.98
23250,6864,2740.54,788.44,2869.51,1023.18,3,0.29
23250,6874,2738.43,791.22,2868.26,1026.47,1,0.55
23250,6875,2290.66,901.77,2419.39,1133.39,0,0.8
23260,6795,2522.62,722.07,2642.06,947.38,0,0.97
23260,6863,2106.23,735.97,2254.54,1001.95,0,0.97
23260,6864,2740.68,788.13,2870.4,1023.23,3,0.43
23260,6874,2738.44,790.92,2869.22,1026.53,1,0.58
23260,6875,2308.43,872.15,2433.21,1074.72,0,0.92
23260,6748,2502.31,1397.04,2722.28,1824.13,0,0.82
23270,6795,2523.31,721.7,2640.35,945.68,0,0.93
23270,6863,2105.87,734.01,2254.34,1003.3,0,0.96
23270,6864,2740.14,788.86,2870.11,1023.02,3,0.42
23270,6874,2738.13,791.35,2868.98,1026,1,0.72
23270,6875,2328.57,819.88,2453.43,1018.77,0,0.83
23270,6748,2501.38,1399.1,2717.79,1819.93,0,0.85
23280,6795,2524.48,721.09,2639.6,945.85,0,0.9
23280,6863,2106.47,733.27,2254.26,999.16,0,0.96
23280,6864,2739.68,789.36,2869.05,1020.86,1,0.6
23280,6874,2737.95,791.46,2868.01,1023.33,3,0.78
23280,6875,2330.38,790.39,2460.05,984.26,0,0.8
23280,6748,2500.44,1397.18,2720.51,1827.57,0,0.8
23280,6883,729.98,671.7,838.84,891.37,0,0.76
23290,6795,2525.19,720.9,2639.55,945.47,0,0.89
23290,6863,2106.56,733.69,2255.51,998.86,0,0.98
23290,6864,2738.77,789.21,2869.19,1021,3,0.47
23290,6874,2737.3,790.93,2868.3,1023.08,1,0.68
23290,6875,2330.97,779.39,2461.67,967.48,0,0.82
23290,6748,2500.17,1396.18,2722.32,1831.39,0,0.79
23290,6883,710.31,623.02,811.49,831.71,0,0.66
23300,6795,2525.9,721.37,2640.63,944.34,0,0.95
23300,6863,2106.94,735.48,2254.93,999.63,0,0.96
23300,6864,2738.51,788.81,2869.95,1021.55,3,0.28
23300,6874,2737.25,790.24,2869.18,1023.34,1,0.63
23300,6875,2330.46,777.99,2462.1,966.45,0,0.79
23300,6748,2499.92,1396.13,2722.3,1831.9,0,0.81
23310,6795,2525.12,721.62,2639.93,945.03,0,0.95
23310,6863,2108.03,735.5,2253.61,998.25,0,0.96
23310,6875,2329.51,777.96,2462.25,972.68,0,0.82
23310,6748,2499.95,1398.37,2720.76,1829,0,0.87
23320,6795,2524.89,724.87,2639.8,945.56,0,0.96
23320,6863,2110.13,727.72,2251.84,999.35,0,0.86
23320,6875,2329.15,777.59,2461.46,966.53,0,0.38
23320,6748,2499.95,1398.32,2719.93,1829.93,0,0.79
23320,6864,2738.35,788.56,2871.92,1025.46,1,0.89
23330,6795,2519.55,727.24,2635.86,938.19,0,0.44
23330,6863,2108.66,734.1,2245.53,1000.77,0,0.95
23330,6748,2500.02,1397.33,2720.26,1829.95,0,0.75
23330,6864,2743.15,785.55,2877.3,1024.75,1,0.67
23340,6795,2523.83,724.08,2639.55,941.29,0,0.72
23340,6863,2107.6,735.76,2251.47,1003.01,0,0.98
23340,6748,2499.65,1397,2721.43,1831.35,0,0.7
23340,6864,2740.7,787.91,2875.49,1024.76,1,0.76
23340,6898,2504.78,1388.03,2737.09,1831.19,0,0.38
23340,6875,2329.62,776.89,2459.25,959.19,0,0.69
23350,6795,2532.04,722.16,2643.21,937.17,0,0.55
23350,6863,2107.54,736.85,2253.32,1003.46,0,0.97
23350,6748,2499.22,1396.77,2721.79,1833.17,0,0.78
23350,6864,2739.59,789.53,2874.9,1025.22,1,0.72
23350,6908,2738.59,790.37,2874.99,1025.88,0,0.37
23350,6875,2329.55,780.27,2451.81,956.58,0,0.79
23360,6795,2530.56,719.07,2648.67,904.1,0,0.81
23360,6863,2107.35,736.44,2254.97,1004.97,0,0.98
23360,6748,2500.61,1394.8,2719.82,1829.35,0,0.82
23360,6864,2741.12,787.83,2877.3,1024.6,1,0.77
23360,6908,2738.96,790.62,2871.79,1024.91,1,0.67
23360,6875,2329.47,781.6,2457.25,968.98,0,0.86
23370,6795,2527.13,719.96,2650.87,929.37,0,0.68
23370,6863,2107.4,736.54,2255.26,1006.01,0,0.98
23370,6748,2501.63,1394.26,2717.3,1826.58,0,0.83
23370,6864,2748.25,785.6,2878.52,1023.98,1,0.9
23370,6875,2329.57,783.26,2458.74,971.46,0,0.85
23380,6795,2525.74,722.16,2646.81,940.55,0,0.97
23380,6863,2106.95,737.09,2255.48,1005.56,0,0.98
23380,6748,2501.4,1393.43,2719.32,1830.51,0,0.68
23380,6875,2328.58,784.33,2460.26,979.81,0,0.77
23390,6795,2525.22,722.96,2645.02,944.85,0,0.97
23390,6863,2106.96,737.01,2255.19,1005.02,0,0.97
23390,6748,2501.21,1393.64,2721.5,1832.25,0,0.35
23390,6875,2328.59,785.44,2460.03,979.34,0,0.81
23390,6864,2738.2,788.21,2875.41,1019.5,1,0.85
23400,6795,2525.11,723.1,2644.07,945.95,0,0.96
23400,6863,2107.04,738.12,2255.07,1005.29,0,0.97
23400,6875,2328.5,786.46,2459.8,976.76,0,0.8
23400,6864,2738.1,789.84,2872.83,1023.25,1,0.87
23410,6795,2524.82,722.66,2643.84,947.38,0,0.96
23410,6863,2107.52,737.6,2255.32,1004.96,0,0.96
23410,6875,2328,787.57,2459.51,974.58,0,0.85
23410,6864,2738.55,789.5,2872.68,1023.7,1,0.8
23410,6915,2740.44,787.07,2877.21,1024.35,1,0.5
23410,6748,2504.68,1393.99,2735.5,1835.04,0,0.75
23420,6795,2524.43,722.88,2643.3,948.41,0,0.96
23420,6863,2107.64,738.06,2255.39,1004.75,0,0.96
23420,6875,2327.95,787.9,2459.46,974.61,0,0.84
23420,6864,2737.82,788.91,2872.84,1024.68,1,0.9
23420,6915,2739.98,785.44,2878.72,1025.05,1,0.55
23420,6748,2492.85,1433.53,2722.93,1892.74,0,0.73
23430,6795,2524.26,722.38,2642.49,948.76,0,0.92
23430,6863,2107.57,738.38,2255.07,1004.23,0,0.96
23430,6875,2326.93,787.18,2460.45,977.51,0,0.83
23430,6864,2738.93,789.4,2873.03,1025.5,1,0.78
23430,6915,2742.15,785.72,2879.73,1026.15,1,0.65
23430,6748,2513.59,1497.85,2748.95,1950.32,0,0.88
23440,6795,2524.33,722.81,2642.2,948.73,0,0.95
23440,6863,2107.79,739.03,2254.9,1004.42,0,0.96
23440,6875,2327.32,787.04,2460.15,972.87,0,0.85
23440,6864,2739.18,787.98,2872.45,1026.49,1,0.9
23440,6915,2742.96,785.34,2879.63,1026.88,1,0.54
23450,6795,2524.48,722.76,2642.2,948.55,0,0.96
23450,6863,2107.27,740.14,2255.16,1004.59,0,0.98
23450,6875,2328.06,786.96,2459.9,972.62,0,0.86
23450,6864,2740.14,789.29,2872.63,1026.42,1,0.72
23450,6915,2744.05,786.43,2879.58,1026.7,1,0.76
23460,6795,2524.46,723.21,2643.17,948,0,0.97
23460,6863,2107.2,740.5,2255.33,1005.5,0,0.96
23460,6875,2328.33,787.24,2459.63,974.8,0,0.88
23460,6864,2741.75,788.07,2877.96,1025,0,0.36
23460,6915,2743.14,787.24,2880.34,1025.21,1,0.62
23470,6795,2524.77,722.66,2643.35,947.9,0,0.95
23470,6863,2107.14,740.36,2255.83,1005.85,0,0.96
23470,6875,2328.89,787.35,2459.18,973.88,0,0.86
23470,6864,2739.78,789.8,2875.5,1024.56,1,0.5
23470,6915,2741.59,787.51,2880.26,1024.94,1,0.71
23480,6795,2524.95,721.43,2643.2,946.38,0,0.94
23480,6863,2107.19,740.57,2255.74,1006.73,0,0.97
23480,6875,2328.03,787.21,2459.56,977.14,0,0.88
23480,6864,2739.46,788.79,2873.83,1025.67,1,0.9
23480,6915,2742.02,785.95,2879.62,1025.91,1,0.72
23490,6795,2524.95,721.86,2643.18,946.59,0,0.96
23490,6863,2107.13,740.37,2255.94,1006.8,0,0.97
23490,6875,2327.8,787.3,2459.96,979.04,0,0.87
23490,6864,2739.73,789.39,2873.15,1025.68,1,0.65
23490,6915,2742.41,785.94,2879.53,1026.02,1,0.72
23500,6795,2525.12,721.67,2643.45,946.83,0,0.96
23500,6863,2107.14,741,2255.77,1006.88,0,0.97
23500,6875,2328.63,786.81,2459.58,974.83,0,0.87
23500,6864,2739.75,789.18,2873.1,1025.54,1,0.61
23500,6915,2742.27,786.08,2879.68,1025.69,1,0.6
23510,6795,2524.63,721.3,2643.2,946.47,0,0.96
23510,6863,2107.9,740.81,2255.93,1006.58,0,0.98
23510,6875,2327.04,784.7,2460.3,987.99,0,0.74
23510,6864,2739.71,790.55,2872.84,1026.02,1,0.64
23510,6915,2742.26,787.55,2879.53,1025.75,1,0.52
23520,6795,2524.43,720.84,2643,946.28,0,0.94
23520,6863,2108.17,740.99,2255.8,1007.86,0,0.98
23520,6875,2325.76,783.5,2460.01,1002.59,0,0.68
23520,6864,2739.26,790.34,2872.71,1026.49,1,0.6
23520,6915,2741.87,787.05,2879.36,1026.08,1,0.49
23530,6795,2524.22,720.86,2642.74,947.74,0,0.85
23530,6863,2108.49,739.64,2256.43,1007.82,0,0.98
23530,6875,2324.49,782.18,2460.47,1014.08,0,0.68
23530,6864,2739.5,789.43,2872.61,1022.88,1,0.52
23530,6915,2742.11,786.11,2879.08,1023.59,1,0.52
23530,6930,2317.91,792.31,2459.59,1067.02,0,0.34
23540,6795,2524.61,720.71,2643.28,948.41,0,0.92
23540,6863,2108.46,739.61,2256.74,1007.41,0,0.97
23540,6875,2325.28,782.9,2459.4,995.65,0,0.67
23540,6864,2738.92,788.64,2872.56,1023.26,1,0.83
23540,6915,2741.01,784.87,2879.27,1024.29,1,0.52
23550,6795,2524.56,720.23,2643.58,949.34,0,0.95
23550,6863,2107.49,737.63,2257.02,1008.05,0,0.95
23550,6875,2326.19,783.23,2459.66,986.68,0,0.77
23550,6864,2738.43,788.8,2872.02,1025.11,1,0.57
23550,6915,2740.66,786.37,2878.73,1025.25,1,0.42
23560,6795,2524.5,723.3,2644.04,950.03,0,0.97
23560,6863,2107.83,737.24,2256.85,1006.66,0,0.93
23560,6875,2326.71,784.77,2459.72,982.43,0,0.79
23560,6864,2738.18,788.19,2871.91,1026.41,1,0.84
23560,6748,2518.62,1718.3,2753.36,2152.42,0,0.97
23570,6795,2524.23,723.04,2644.1,950.08,0,0.96
23570,6863,2107.22,736.55,2255.71,1006.08,0,0.97
23570,6875,2325.75,785.24,2460.6,993.47,0,0.77
23570,6864,2738.72,789.16,2872.08,1026.99,1,0.6
23580,6795,2524.56,721.82,2643.7,947,0,0.94
23580,6863,2106.93,737.36,2256.02,1006.03,0,0.95
23580,6875,2327.62,786.04,2459,978.37,0,0.65
23580,6864,2741.19,786.73,2876.9,1026.53,1,0.63
23580,6932,2739.89,787.98,2873.72,1025.91,1,0.51
23590,6795,2524.9,721.43,2642.65,945.11,0,0.85
23590,6863,2106.49,737.2,2256.47,1006.34,0,0.97
23590,6875,2327.46,786.51,2458.83,982.01,0,0.78
23590,6864,2742.07,787.17,2878.03,1025.36,1,0.55
23590,6932,2739.77,789.83,2872.17,1024.67,1,0.47
23590,6934,2516.9,1203.82,2673.56,1562.09,0,0.93
23600,6795,2524.77,721.4,2642.43,943.87,0,0.94
23600,6863,2107.03,737.52,2255.94,1006.11,0,0.96
23600,6875,2325.8,786.55,2459.72,1016.25,0,0.75
23600,6864,2742.15,786.88,2878.39,1025.72,1,0.79
23600,6932,2739.42,789.57,2871.68,1024.84,1,0.61
23600,6934,2537.27,1103.63,2682.81,1442.07,0,0.87
23600,6930,2317.55,791.75,2459.85,1065.12,0,0.34
23610,6795,2525.36,721.96,2642.35,940.24,0,0.32
23610,6863,2106.94,737.52,2256.07,1006.12,0,0.97
23610,6875,2326.47,785.82,2459.19,1008.33,0,0.71
23610,6864,2742.48,787.81,2878.61,1025.13,1,0.84
23610,6932,2739.45,790.62,2871.7,1023.46,1,0.61
23610,6934,2549.01,1013.16,2693.37,1334.24,0,0.93
23610,6930,2319.14,792.64,2458.73,1060.55,0,0.36
23620,6795,2527.87,720.79,2644.83,937.31,0,0.89
23620,6863,2106.92,737.48,2256.21,1005.9,0,0.97
23620,6875,2327.06,786.05,2458.98,997.8,0,0.74
23620,6864,2744.7,787.99,2878.28,1025.57,1,0.79
23620,6932,2741.02,790.44,2871.19,1024.38,1,0.75
23620,6934,2558.71,938.55,2691.28,1236.68,0,0.68
23630,6795,2528.68,718.81,2646.85,932.51,0,0.91
23630,6863,2106.67,737.36,2255.11,1007.68,0,0.97
23630,6875,2326.45,786.36,2458.09,994.47,0,0.76
23630,6864,2742.86,787.65,2878.5,1025.56,1,0.72
23630,6932,2739.57,790.58,2871.44,1024.33,1,0.8
23630,6934,2547.52,875.35,2681.18,1161.65,0,0.89
23640,6795,2528.16,717.68,2648.69,922.63,0,0.93
23640,6863,2106.81,737.11,2255.39,1008.27,0,0.96
23640,6875,2325.73,786.74,2457.43,1005.79,0,0.82
23640,6864,2741.02,787.3,2878.18,1025.9,1,0.5
23640,6932,2738.44,790.65,2870.99,1025.71,1,0.91
23640,6934,2532.97,835.87,2658.74,1104.04,0,0.95
23650,6795,2526.91,717.37,2651.09,904.71,0,0.91
23650,6863,2106.92,738.3,2255.66,1008.12,0,0.97
23650,6875,2326.79,787.66,2453.97,986.43,0,0.77
23650,6864,2740.15,787.14,2878.36,1026.11,1,0.5
23650,6932,2737.76,790.66,2871.41,1026.36,1,0.96
23650,6934,2523.75,816.4,2641.57,1066.97,0,0.88
23660,6795,2519.82,716.92,2652.42,894.35,0,0.88
23660,6863,2106.75,737.54,2256.08,1008.22,0,0.97
23660,6875,2326.86,788.56,2453.61,981.2,0,0.8
23660,6864,2740.12,788.68,2878.62,1025.75,1,0.51
23660,6932,2737.97,791.38,2871.52,1025.69,1,0.9
23660,6934,2517.17,802.29,2629.52,1047.29,0,0.89
23660,6962,730.16,617.04,831.95,808.4,3,0.66
23670,6795,2522.82,717.6,2651.5,892.29,0,0.91
23670,6863,2108.65,732.81,2248.68,1004.2,0,0.52
23670,6875,2327.78,787.5,2451.73,971.13,0,0.76
23670,6864,2740.26,789.13,2878.51,1025.35,1,0.56
23670,6932,2738.25,791.52,2871.27,1025.32,1,0.89
23670,6934,2516.86,809.47,2627.58,1043.82,0,0.9
23670,6962,719.88,586.93,814.54,776.61,3,0.45
23680,6795,2530.54,688.46,2714.83,892.31,0,0.72
23680,6863,2107.05,736.38,2253.24,1007.17,0,0.97
23680,6875,2327.44,787.5,2453.84,998.43,0,0.73
23680,6864,2744.86,788.22,2878.92,1026.06,1,0.91
23680,6934,2515.49,811.18,2626.13,1045.26,0,0.91
23690,6795,2525.11,705.89,2680.17,899.52,0,0.92
23690,6863,2106.31,736.97,2255.17,1008.02,0,0.96
23690,6875,2326.92,786.52,2454.95,1017.46,0,0.69
23690,6864,2741.05,788.84,2871.48,1026.25,1,0.9
23690,6934,2516.14,815.78,2628.85,1059.82,0,0.89
23690,6930,2317.4,792.23,2454.3,1062.25,0,0.32
23700,6795,2523.83,714.44,2665.8,898.02,0,0.9
23700,6863,2106.19,738.04,2255.83,1008.02,0,0.96
23700,6864,2742.81,787.54,2876.77,1026.64,1,0.73
23700,6934,2514.76,817.33,2633.42,1044.09,0,0.63
23700,6983,3174.66,427.5,3258.6,570.17,0,0.63
23700,6985,2740.95,788.03,2873.66,1025.66,1,0.51
23700,6962,703.09,608.75,804.51,823.98,0,0.67
23710,6795,2519.55,716.18,2656.81,893.44,0,0.9
23710,6863,2106.5,737.6,2256.62,1008.18,0,0.96
23710,6864,2744.81,787.98,2879.26,1021.84,1,0.75
23710,6934,2514.14,808.73,2628.29,1049.97,0,0.89
23710,6875,2324.28,788.64,2454.11,993.84,0,0.84
23720,6795,2517.4,716.22,2654.05,889.46,0,0.89
23720,6863,2106.82,737.9,2256.9,1008.46,0,0.96
23720,6864,2738.38,787.78,2878.71,1017.24,1,0.85
23720,6934,2514.76,807.5,2628.59,1059.81,0,0.82
23720,6875,2325.45,788.6,2455.36,991.45,0,0.79
23730,6795,2520.79,716.93,2656.18,887.09,0,0.92
23730,6863,2106.23,736.96,2256.16,1008.67,0,0.96
23730,6864,2739.15,789.73,2872.97,1019.93,1,0.97
23730,6934,2516.11,815.77,2630.74,1057.57,0,0.91
23730,6875,2326.37,789.67,2455.42,980.87,0,0.76
23740,6795,2521.46,717.56,2657.03,887.14,0,0.92
23740,6863,2106.26,737.16,2255.52,1008.24,0,0.96
23740,6864,2739.49,790.09,2868.36,1023.3,1,0.97
23740,6934,2517.19,819.45,2631.74,1058.45,0,0.91
23740,6875,2327.8,788.35,2455.99,978.36,0,0.8
23740,7000,2905.13,788.83,3021.13,1042.54,0,0.73
23750,6795,2521.77,716.93,2653.19,887.15,0,0.94
23750,6863,2106.43,737.83,2255.35,1008.12,0,0.96
23750,6864,2739.1,789.7,2865.71,1023.88,1,0.96
23750,6934,2517.28,819.41,2631.47,1059.04,0,0.89
23750,6875,2327.62,789.57,2455.71,979.51,0,0.83
23750,7000,2896.32,771.55,3008.4,1018.85,0,0.71
23760,6795,2523.96,713.66,2653.56,884.89,0,0.89
23760,6863,2106.84,736.49,2254.84,1007.58,0,0.96
23760,6864,2737.75,788.11,2863.26,1024.86,1,0.89
23760,6934,2517.1,817.95,2632.5,1060.07,0,0.91
23760,6875,2325.07,790.17,2454.83,985.32,0,0.82
23760,7000,2895.66,770.02,3006.78,1006.46,0,0.62
23770,6795,2522.99,715.28,2655.01,890.93,0,0.92
23770,6863,2106.59,735.93,2255.21,1007.6,0,0.96
23770,6864,2737.59,787.69,2862.74,1025.57,1,0.94
23770,6934,2516.92,819.9,2632.28,1061.56,0,0.91
23770,6875,2325.62,789.97,2454.09,982.56,0,0.82
23770,7000,2896.29,772.32,3004.72,1004.61,0,0.92
23780,6795,2523.4,717.07,2653.66,891.59,0,0.93
23780,6863,2106.48,735.79,2256.08,1008.33,0,0.97
23780,6864,2737.44,789.32,2861.55,1027.31,1,0.96
23780,6934,2518.52,823.31,2633.94,1063.23,0,0.9
23780,6875,2324.21,789.89,2454.57,994.1,0,0.79
23780,7000,2896.09,771.42,3007.8,1004.5,0,0.88
23790,6795,2523.04,717.39,2654.05,892.96,0,0.92
23790,6863,2106.56,735.91,2256.21,1008.54,0,0.96
23790,6864,2737.81,790.49,2860.53,1028.55,1,0.96
23790,6934,2518.58,822.69,2634.81,1064.61,0,0.91
23790,6875,2323.89,789.83,2454.56,996.89,0,0.81
23790,7000,2894.61,769.69,3008.79,1005.61,0,0.76
23800,6795,2524.91,715.8,2654.49,894.67,0,0.93
23800,6863,2106.47,735.52,2256.41,1008.88,0,0.97
23800,6864,2737.93,791.45,2860.06,1029.03,1,0.95
23800,6934,2518.21,822.08,2634.44,1065.57,0,0.9
23800,6875,2323.85,789.65,2454.29,996.27,0,0.8
23800,7000,2894.99,771.27,3007.79,1005.64,0,0.81
23810,6795,2524.24,715.91,2655.34,893.82,0,0.91
23810,6863,2107.01,736.58,2256.39,1007.17,0,0.94
23810,6864,2737.65,792.49,2861.78,1027.58,1,0.95
23810,6934,2517.27,821.35,2634.17,1067.31,0,0.9
23810,6875,2324.78,789.34,2454.14,984.75,0,0.79
23810,7000,2897.72,772.92,3008.23,1007.88,0,0.25
23820,6795,2523.49,715.97,2655.21,893.6,0,0.92
23820,6863,2107.11,736.89,2256.53,1006.68,0,0.95
23820,6864,2737.68,792.4,2862.73,1027.02,1,0.92
23820,6934,2516.8,821.25,2633.93,1068.4,0,0.91
23820,6875,2324.83,788.99,2454.58,984.4,0,0.78
23820,7000,2898.75,773.57,3008.93,1008.87,0,0.33
23830,6795,2523.89,716.71,2654.94,892.84,0,0.93
23830,6863,2106.78,737.11,2256.73,1006.61,0,0.96
23830,6864,2738.04,792.03,2862.71,1027.33,1,0.9
23830,6934,2517.3,822.86,2633.58,1067.49,0,0.9
23830,6875,2325.45,789.47,2455.24,984.18,0,0.84
23840,6795,2522.97,717.3,2655.26,893.56,0,0.93
23840,6863,2106.6,737.1,2256.8,1007.12,0,0.96
23840,6864,2737.9,791.88,2862.57,1027.46,1,0.94
23840,6934,2517.43,823.32,2633.63,1067.7,0,0.9
23840,6875,2326.01,789.94,2455.41,981.39,0,0.84
23850,6795,2522.95,716.72,2656.18,892.21,0,0.93
23850,6863,2106.72,737.29,2256.99,1006.82,0,0.96
23850,6864,2737.26,791.24,2862.3,1027.32,1,0.93
23850,6934,2517.22,821.81,2633.62,1067.93,0,0.89
23850,6875,2325.95,788.85,2455.08,978.82,0,0.83
23860,6795,2520.81,717,2655.59,890.1,0,0.93
23860,6863,2106.46,736.87,2256.57,1007.14,0,0.96
23860,6864,2737.66,790.95,2863.27,1027.25,1,0.78
23860,6934,2517.69,822.03,2633.12,1068.45,0,0.91
23860,6875,2325.52,787.78,2454.24,983.32,0,0.76
23870,6795,2521.93,716.58,2656.28,890.19,0,0.92
23870,6863,2106.19,736.47,2256.15,1007.77,0,0.97
23870,6864,2737.69,790.74,2863.24,1026.92,1,0.93
23870,6934,2517.88,822.09,2633.44,1069.3,0,0.92
23870,6930,2322.82,787.15,2457.06,1052.38,0,0.78
23880,6795,2523.74,716.44,2655.76,889.86,0,0.94
23880,6863,2107.28,735.12,2256.77,1007.49,0,0.98
23880,6864,2737.49,791.34,2862.89,1025.87,1,0.96
23880,6934,2518.28,825.58,2633.72,1068.45,0,0.91
23880,6930,2323.44,786.7,2456.83,1027.47,0,0.8
23890,6795,2523.73,716.38,2655.28,890.9,0,0.94
23890,6863,2108.36,735.73,2256.11,1006.5,0,0.97
23890,6864,2737.63,791.35,2862.87,1024.66,1,0.94
23890,6934,2518.31,826.32,2633.57,1067.82,0,0.91
23890,7000,2901.36,772.55,3010.66,1010.47,0,0.32
23890,6875,2324.79,787.44,2455.05,990.26,0,0.85
23900,6795,2523.82,715.36,2656.14,890.88,0,0.95
23900,6863,2108.11,736.64,2256.15,1006.56,0,0.95
23900,6864,2737.44,790.73,2863.55,1025.11,1,0.89
23900,6934,2518.12,826.43,2634.03,1068,0,0.91
23900,7000,2900.65,771.62,3011.42,1011.51,0,0.57
23900,6875,2324.91,787.29,2455.71,993.39,0,0.84
23910,6795,2525.38,717.18,2654.28,889.89,0,0.93
23910,6863,2107.51,737.93,2255.52,1006.42,0,0.97
23910,6864,2735.94,791.01,2864.35,1026.23,1,0.76
23910,6934,2517.33,824.4,2634.06,1067.85,0,0.89
23910,7000,2901.22,769.5,3012.04,1011.35,0,0.77
23910,6875,2325.18,788.33,2455.58,998.04,0,0.83
23910,7033,1829.63,736.48,1964.14,972.43,3,0.92
23920,6795,2525.32,716.57,2655.13,889.97,0,0.9
23920,6863,2107.03,738.49,2255.08,1006.22,0,0.96
23920,6864,2735.61,790.26,2862.82,1026.76,1,0.92
23920,6934,2517.33,822.81,2633.67,1068.19,0,0.9
23920,7000,2900.16,771.77,3011.75,1011.03,0,0.83
23920,6875,2325.63,788.89,2455.53,995.64,0,0.83
23920,7033,1833.49,724.24,1969.6,960.56,3,0.88
23930,6795,2523.34,716.86,2653.24,890.41,0,0.92
23930,6863,2107.09,737.69,2256.19,1007.2,0,0.95
23930,6864,2736.2,791.15,2863.43,1026.58,1,0.94
23930,6934,2518.92,826.73,2635.36,1069.24,0,0.89
23930,7000,2904.17,765.05,3016.2,1014.16,0,0.42
23930,6875,2325.13,788.6,2454.78,984.74,0,0.82
23930,7033,1829.26,720.45,1967.13,957.72,3,0.78
23940,6795,2522.34,717.31,2652.81,890.21,0,0.92
23940,6863,2107.05,737.47,2256.39,1007.64,0,0.95
23940,6864,2736.79,792,2863.24,1026.14,1,0.96
23940,6934,2519.1,827.05,2635.46,1069.22,0,0.89
23940,7000,2906.45,763.17,3017.31,1014.64,0,0.38
23940,6875,2325.28,788.41,2454.16,980.81,0,0.85
23940,7033,1824.26,719.19,1961.23,954.87,3,0.75
23950,6795,2523.45,716.59,2654.55,891.06,0,0.9
23950,6863,2106.77,737.52,2256.42,1008.01,0,0.96
23950,6864,2737.46,791.93,2862.79,1026.04,1,0.96
23950,6934,2517.9,825.49,2634.14,1068.77,0,0.9
23950,6875,2325.04,788.79,2454.21,982.99,0,0.83
23950,7033,1823.25,720.37,1960.01,954.45,3,0.85
23950,7045,1823.41,721.89,1959.85,955.72,1,0.34
23960,6795,2521.16,718.21,2656,892.1,0,0.92
23960,6863,2107.38,737.61,2257.29,1007.88,0,0.96
23960,6864,2738.26,792.81,2863.24,1026.61,1,0.63
23960,6934,2517.46,825.48,2632.92,1069.61,0,0.91
23960,6875,2324.25,789.17,2455.62,996.39,0,0.82
23960,7033,1821.43,722.04,1958.49,957.09,1,0.29
23960,7045,1821.85,723.34,1958.74,958.58,3,0.79
23960,7000,2900.44,768.4,3012.67,1013.11,0,0.88
23970,6795,2521.65,718.55,2655.58,891.53,0,0.94
23970,6863,2107.41,737.32,2256.97,1007.77,0,0.96
23970,6864,2737.49,792.31,2863.4,1026.9,1,0.92
23970,6934,2517.31,825.39,2632.97,1069.07,0,0.91
23970,6875,2324.14,789.5,2455.99,999.41,0,0.85
23970,7000,2899.16,770.5,3011.15,1012.59,0,0.84
23980,6795,2525.83,717.92,2656.16,892.03,0,0.94
23980,6863,2107.68,737.1,2255.66,1006.65,0,0.96
23980,6864,2738,790.81,2863.15,1027.56,1,0.63
23980,6934,2517.25,823.82,2632.8,1069.29,0,0.9
23980,6875,2324.49,789.24,2455.49,991.76,0,0.84
23980,7000,2899.09,770.71,3011.29,1013.1,0,0.87
23980,7033,1820.02,723.64,1958.14,957.32,3,0.82
23990,6795,2527.59,717.31,2657.24,893.64,0,0.91
23990,6863,2107.63,736.78,2255.65,1007.65,0,0.97
23990,6864,2738.98,793.91,2861.53,1027.52,0,0.82
23990,6934,2517,823.35,2632.9,1069.51,0,0.9
23990,6875,2324.81,788.58,2455.48,997.3,0,0.82
23990,7000,2898.78,770.39,3011.37,1013.91,0,0.91
23990,7033,1819.58,723.44,1958.64,957.56,3,0.79
24000,6795,2526.51,717.43,2655.99,893.19,0,0.92
24000,6863,2108.57,736.28,2255.57,1006.97,0,0.98
24000,6864,2739.22,794.36,2862.33,1027.57,0,0.63
24000,6934,2517.35,823.42,2633.16,1069.77,0,0.89
24000,6875,2324.79,788.44,2455.68,1000.99,0,0.84
24000,7000,2898.71,770.71,3011.27,1013.7,0,0.89
24000,7033,1818.55,722.85,1956.87,956.92,3,0.58
24000,7062,1819.74,719.88,1949.93,957.91,3,0.52
24010,6795,2525.04,717.46,2655.49,889.83,0,0.93
24010,6863,2107.89,736.17,2255.64,1007.35,0,0.97
24010,6864,2738.41,795.86,2861.06,1027.16,1,0.89
24010,6934,2517.92,826.86,2633.34,1070.62,0,0.89
24010,6875,2324.22,788.27,2455.72,999.73,0,0.83
24010,7000,2899.61,770.88,3010.68,1012.66,0,0.71
24010,7062,1819.09,720.26,1948.31,935.26,3,0.82
24020,6795,2524.62,716.54,2655.68,887.56,0,0.93
24020,6863,2108.86,737.3,2255.05,1006.79,0,0.95
24020,6864,2737.88,796.13,2861.64,1026.67,1,0.91
24020,6934,2518.43,828.84,2633.53,1070.77,0,0.89
24020,6875,2324.14,788.46,2455.41,993.18,0,0.83
24020,7000,2899.69,770.77,3010.67,1013.1,0,0.71
24020,7062,1819.99,720.21,1943,935.37,3,0.82
24030,6795,2522.07,716.66,2656.36,890.21,0,0.93
24030,6863,2110.35,736.83,2255.22,1006.91,0,0.95
24030,6864,2738.07,794.04,2863.21,1028.4,1,0.89
24030,6934,2517.76,827.63,2634.36,1070.42,0,0.91
24030,6875,2323.04,788.28,2458.11,1017.33,0,0.82
24030,7000,2899.31,770.97,3011.48,1012.8,0,0.55
24030,7033,1819.93,721.43,1945.78,955.96,3,0.61
24040,6795,2521.34,715.67,2656.29,892.59,0,0.94
24040,6863,2113.11,737.96,2255.41,1005.71,0,0.96
24040,6864,2737.83,792.9,2857.94,1028.46,1,0.94
24040,6934,2518.01,827.05,2633.82,1068.99,0,0.92
24040,6875,2322.11,788.48,2459.07,1040.94,0,0.86
24040,7000,2897.09,770.55,3011.98,1013.03,0,0.92
24040,7033,1819.8,722.15,1944.81,957.29,3,0.65
24050,6795,2521.37,716.29,2656.59,894.96,0,0.86
24050,6863,2113.34,737.87,2254.95,1006.26,0,0.96
24050,6864,2736.97,789.73,2858.59,1033.5,1,0.94
24050,6934,2516.73,825.39,2633.76,1067.5,0,0.91
24050,6875,2321.64,788.36,2460.44,1056.13,0,0.82
24050,7000,2895.71,773.34,3012.04,1010.82,0,0.88
24050,7033,1820.34,720.81,1946.67,957.93,3,0.38
24050,7076,3220.41,876.16,3348.86,1132.79,0,0.94
24050,7079,1991.34,736.31,2085.79,944.37,1,0.55
24050,7062,1820.28,720.32,1954.47,953.25,3,0.33
24060,6795,2520.71,718.28,2656.82,895.17,0,0.91
24060,6863,2113.83,737.67,2255.38,1006.64,0,0.97
24060,6864,2738.8,788.09,2859.31,1009.16,1,0.88
24060,6934,2517.24,828.67,2635.23,1072.4,0,0.93
24060,6875,2321.88,788.43,2460.26,1058.1,0,0.79
24060,7000,2894.78,772.86,3010.14,1009.08,0,0.4
24060,7033,1819.78,721.11,1945.99,958.47,3,0.35
24060,7076,3204.47,867.11,3331.16,1120.29,0,0.94
24060,7079,1994.31,736.86,2091.58,956.2,1,0.48
24060,7083,1991.22,735.25,2089.99,956.37,1,0.41
24060,7062,1819.32,720.96,1954.28,956.36,3,0.39
24070,6795,2521.38,718.35,2653.48,897.36,0,0.92
24070,6863,2113.56,737.82,2255.39,1006.68,0,0.97
24070,6864,2739.51,787,2858.29,992.76,1,0.82
24070,6934,2518.02,828.77,2635.03,1071.92,0,0.92
24070,6875,2322.4,788.82,2459.38,1050.45,0,0.79
24070,7000,2898.78,766.76,3013.23,1001.59,0,0.64
24070,7076,3195.83,861.66,3321.31,1112.68,0,0.63
24070,7079,1995.09,738.09,2091.23,961.46,1,0.27
24070,7083,1989.85,735.46,2087.08,958.09,1,0.65
24070,7088,2739.81,786.86,2858.31,987.98,0,0.47
24080,6795,2522.61,718.72,2653.54,895.14,0,0.92
24080,6863,2113.8,737.5,2254.43,1006.44,0,0.96
24080,6864,2740.66,786.46,2858.71,984.81,0,0.59
24080,6934,2518.18,828.96,2633.66,1072.86,0,0.91
24080,6875,2323.46,788.23,2458,1031.61,0,0.81
24080,7000,2898.95,764.57,3014.78,995.18,0,0.86
24080,7076,3194.7,859.78,3317.56,1110.53,0,0.49
24080,7083,1990.03,739.6,2083.83,956.33,1,0.63
24080,7088,2740.81,786.57,2858.89,983.99,1,0.71
24080,7033,1812.8,724.99,1948.03,960.92,3,0.7
24090,6795,2522.67,718.36,2655.28,892.93,0,0.91
24090,6863,2113.34,736.96,2253.5,1005.95,0,0.96
24090,6864,2742.06,786.05,2859.85,982.04,0,0.41
24090,6934,2517.86,828.71,2632.91,1073.14,0,0.92
24090,6875,2323.83,788.29,2457.42,1024.75,0,0.81
24090,7000,2899.49,764.7,3015.51,993.01,0,0.73
24090,7076,3196.17,862.62,3318.26,1110.16,0,0.88
24090,7083,1992.71,731.49,2080.32,934.34,1,0.45
24090,7088,2742.31,786.2,2860.25,982.56,1,0.61
24090,7033,1812.52,722.72,1948.82,952.86,3,0.56
24090,7079,1996.96,741.84,2086.48,960.27,1,0.31
24100,6795,2522.85,718.23,2656.18,892.43,0,0.94
24100,6863,2113.97,737.44,2254.05,1006.5,0,0.94
24100,6864,2741.62,785.3,2859.18,982.13,1,0.55
24100,6934,2517.91,829.58,2632.91,1073.9,0,0.92
24100,6875,2323.93,788.25,2457.07,1018.52,0,0.82
24100,7000,2899.5,765.44,3015.22,992.5,0,0.76
24100,7076,3198.25,868.78,3319.09,1111.59,0,0.93
24100,7083,1990.93,736.86,2080.78,952.99,1,0.54
24100,7088,2741.68,785.38,2859.4,983.28,0,0.41
24100,7033,1813.38,722.54,1949.71,951,3,0.41
24100,7079,1996.58,742.67,2085.6,961.88,1,0.28
24110,6795,2521.2,718.66,2656.69,893.72,0,0.9
24110,6863,2114.14,738.56,2254.55,1006.55,0,0.97
24110,6864,2740.97,785.18,2859.27,982.55,0,0.44
24110,6934,2517.01,825.2,2632.01,1073.58,0,0.91
24110,6875,2323.16,788.18,2457.43,1016.47,0,0.81
24110,7000,2899.44,766.22,3015.16,990.08,0,0.83
24110,7076,3195.48,866.44,3318.51,1112.55,0,0.94
24110,7083,1990.15,738.7,2080.38,956.69,1,0.35
24110,7088,2740.92,785.29,2859.47,983.86,1,0.69
24110,7033,1815.68,725.07,1953.83,956.99,3,0.51
24120,6795,2524.11,716.35,2655.51,891.78,0,0.89
24120,6863,2113.98,737.26,2255.03,1006.55,0,0.96
24120,6864,2740.98,785.01,2859.03,981.55,0,0.47
24120,6934,2517.02,824.47,2631.1,1073.83,0,0.92
24120,6875,2322.73,788.93,2457.25,1014.93,0,0.82
24120,7000,2898.72,766.3,3014.19,987.86,0,0.57
24120,7076,3193.39,865.67,3318.39,1112,0,0.95
24120,7083,1993.42,732.89,2079.93,940.92,0,0.27
24120,7088,2740.92,785.11,2859.18,982.73,1,0.66
24120,7033,1816.76,721.72,1950.69,956.54,3,0.46
24120,7106,1482.74,693.81,1634.72,919.34,1,0.75
24120,7108,1817.79,722.91,1954.6,959.66,3,0.38
24130,6795,2522.63,711.85,2653.05,891.24,0,0.87
24130,6863,2114.76,736.47,2255,1006.4,0,0.96
24130,6864,2740.73,785.57,2860.44,980.71,0,0.37
24130,6934,2516.16,819.4,2632.8,1074.86,0,0.91
24130,6875,2322.61,789.77,2456.69,1018.39,0,0.84
24130,7000,2894.62,767.68,3010.72,985.26,0,0.71
24130,7076,3178.62,844.11,3301.44,1091.82,0,0.89
24130,7088,2740.67,785.69,2860.63,981.75,1,0.47
24130,7033,1820.58,719.7,1950.39,939.76,3,0.73
24130,7106,1526.37,678.33,1654.52,903.45,1,0.62
24130,7079,1996.94,742.6,2086.1,961.6,0,0.26
24140,6795,2526.29,704.75,2652.74,893.54,0,0.9
24140,6863,2114.37,735.39,2254.81,1006.3,0,0.97
24140,6864,2740.07,786.41,2858.6,982.31,0,0.32
24140,6934,2516.22,820.12,2631.81,1074.39,0,0.92
24140,6875,2322.1,789.24,2456.82,1042.81,0,0.79
24140,7000,2898.18,765.7,3012.67,976.04,0,0.86
24140,7088,2739.99,786.54,2858.7,983.29,1,0.85
24140,7033,1816.99,719.87,1949.98,950.96,3,0.64
24140,7106,1542.88,670.52,1675.15,924.41,1,0.74
24140,7079,1995.25,741.61,2086.5,965.01,1,0.31
24140,7083,1990.61,737,2082.1,957.49,1,0.26
24150,6795,2520.21,702.44,2646.81,894.46,0,0.93
24150,6863,2114.07,735.38,2254.87,1006.05,0,0.97
24150,6934,2516.39,824.47,2632.61,1072.93,0,0.92
24150,6875,2321.27,788.48,2457.91,1055,0,0.83
24150,7000,2908.06,763.58,3018.38,951.92,0,0.42
24150,7033,1816.01,719.21,1949.34,948.46,3,0.79
24150,7119,3107.96,784.37,3217.26,987.58,0,0.8
24150,7121,1811.85,723.15,1951.29,964.53,3,0.38
24160,6795,2516.32,701.97,2647.38,896.61,0,0.96
24160,6863,2113.87,735.99,2254.41,1005.13,0,0.97
24160,6934,2517.6,826.86,2632.96,1070.84,0,0.91
24160,6875,2320.2,789.61,2458.4,1061.58,0,0.87
24160,7000,2910.13,762.72,3024.99,929.89,0,0.55
24160,7033,1814.91,720.19,1947.33,955.5,3,0.53
24160,7119,3096.67,774.59,3213.41,943.93,0,0.59
24160,7121,1811.63,724.52,1949.61,964.75,3,0.68
24160,7123,2291.05,1108.06,2466.88,1439.87,0,0.88
24160,6864,2739.1,789.6,2858.9,1006.36,1,0.93
24160,7079,1990.53,740.83,2083.72,963.99,1,0.46
24170,6795,2510.97,697.13,2646.29,898.21,0,0.91
24170,6863,2114.51,737.19,2254.36,1005.36,0,0.97
24170,6934,2518.28,823.5,2634.05,1068.86,0,0.92
24170,6875,2319.25,790.28,2457.91,1060.15,0,0.9
24170,7033,1814.68,720.26,1945.55,956.26,3,0.62
24170,7119,3090.84,766.55,3211.1,919,0,0.27
24170,7121,1813.78,724.28,1950.71,960.68,3,0.36
24170,7123,2342.14,1056.66,2510.8,1375.99,0,0.68
24170,6864,2737.94,790.39,2858.49,1021.32,0,0.59
24170,7079,1993.89,742.33,2086.3,963.77,1,0.31
24180,6795,2512.94,695.15,2643.75,891.62,0,0.96
24180,6863,2116.81,737.1,2254.72,1006.12,0,0.95
24180,6934,2518.51,819.52,2638.13,1076.75,0,0.82
24180,6875,2319.72,790.32,2456.48,1054.52,0,0.9
24180,7033,1820.87,723.98,1953.18,960.1,1,0.54
24180,7121,1821.9,725.66,1955.66,961.3,3,0.61
24180,7123,2409.54,1018.02,2561.66,1309.78,0,0.76
24180,6864,2738.39,790.47,2857.76,1026.2,0,0.91
24180,7079,1996.14,740.25,2086.52,959.4,1,0.33
24180,7000,2908.91,760.17,3021.85,944.67,0,0.52
24190,6795,2512.8,696.55,2647.76,897.16,0,0.95
24190,6863,2116.95,736.83,2255.29,1005.57,0,0.96
24190,6934,2517.62,817.01,2638.87,1056.55,0,0.8
24190,6875,2320.11,790.18,2456.52,1056.83,0,0.85
24190,7033,1825.26,724.81,1956.01,960.46,1,0.58
24190,7121,1826.77,725.44,1957.24,960.37,3,0.58
24190,6864,2738.4,790.79,2857.6,1029.41,0,0.88
24190,7079,1992.35,737.59,2083.14,959.81,1,0.39
24190,7133,1994.69,728.87,2081.21,938.13,1,0.39
24190,7000,2900.46,769.89,3008.77,983.08,0,0.92
24200,6795,2510.18,698.33,2647.77,904.85,0,0.95
24200,6863,2117.91,735.36,2255.26,1006.18,0,0.86
24200,6934,2517.23,815.7,2649.09,1054.63,0,0.66
24200,6875,2320.76,790.08,2456.86,1046.42,0,0.83
24200,7033,1825.34,724.88,1956.26,962.27,1,0.45
24200,7121,1826.52,725.08,1956.81,961.91,3,0.44
24200,6864,2738.89,789.58,2857.7,1029.53,0,0.89
24200,7133,1992.68,728.41,2080.31,929.35,1,0.45
24200,7000,2897.19,781.48,3002.72,1002.1,0,0.91
24200,7123,2513.05,964.02,2661.89,1227.68,0,0.65
24210,6795,2509.09,698.63,2647.08,905.42,0,0.95
24210,6863,2128.7,734.52,2261.56,1008.67,0,0.87
24210,6934,2517.42,821.89,2649.59,1056.82,0,0.47
24210,6875,2320.54,789.78,2457.66,1041.56,0,0.8
24210,7033,1825.27,725.78,1957.03,962.64,1,0.62
24210,7121,1826.21,725.88,1957.35,962.18,3,0.61
24210,6864,2738.61,790.17,2858.29,1026.95,0,0.85
24210,7000,2896.82,783.9,3001.71,1009.43,0,0.87
24210,7123,2552.72,926.8,2705.07,1197.75,0,0.48
24210,7079,1989.45,734.65,2081.45,957.17,1,0.44
24220,6795,2509.8,701.17,2648.52,905.28,0,0.95
24220,6863,2121.09,733.67,2257.9,1009.82,0,0.84
24220,6934,2516.5,819.69,2648.68,1056.75,0,0.61
24220,6875,2320.48,789.76,2458.49,1052.37,0,0.76
24220,7033,1823.97,725.68,1957.32,962.45,3,0.76
24220,7121,1824.69,725.7,1957.51,961.98,1,0.34
24220,6864,2739.14,790.41,2859.14,1028.07,0,0.74
24220,7000,2898.43,786.19,3001.6,1010.46,0,0.74
24220,7123,2589,911.08,2738.73,1181.64,0,0.63
24220,7079,1988.55,733.3,2081.04,957.61,1,0.44
24220,7076,3102.73,805.65,3214.61,1031.74,0,0.76
24230,6795,2508.4,701,2642.91,902.81,0,0.93
24230,6863,2115.71,731.19,2256.41,1008.86,0,0.95
24230,6934,2516.67,818.44,2643.81,1055.21,0,0.67
24230,6875,2321.7,791.82,2457.74,1026.94,0,0.73
24230,7033,1823.3,726.83,1957.51,963.51,3,0.74
24230,7121,1823.89,726.86,1957.64,963.11,1,0.44
24230,6864,2742.24,788.95,2859.72,1026.48,0,0.81
24230,7000,2898.2,789.34,3002.45,1011.09,0,0.84
24230,7123,2612.35,893.32,2762.21,1165.58,3,0.54
24230,7079,1988.51,734.22,2083.15,960.85,1,0.44
24230,7148,2305.19,1470.98,2516.75,1876.31,0,0.95
24230,7150,2600.44,903.12,2749.53,1175.99,0,0.53
24230,7151,1684.38,547.37,1831.88,758.3,0,0.74
24240,6795,2507.56,696.12,2643.99,898.52,0,0.92
24240,6863,2117.22,731.92,2256.03,1001.95,0,0.95
24240,6934,2514.96,808.66,2636.76,1049.26,0,0.77
24240,6875,2320.31,791.42,2457.48,1029.47,0,0.85
24240,7033,1823.31,727.23,1957.03,964.03,3,0.74
24240,7121,1823.8,727.25,1957.11,963.69,1,0.43
24240,6864,2743.1,788.49,2860.1,1020.09,0,0.82
24240,7000,2897.47,784.98,2998.36,1010.57,0,0.87
24240,7079,1988.72,734.66,2082.68,961.67,1,0.35
24240,7148,2308.87,1359.88,2508.4,1744.11,0,0.81
24240,7151,1707.33,525.22,1845.38,725.36,0,0.59
24240,7155,2743.49,788.43,2860.19,1017.4,1,0.34
24240,7133,1992.74,727.65,2082.81,948.66,1,0.3
24240,7076,3098.75,796.35,3209.59,993.77,0,0.79
24250,6795,2502.16,695.33,2639.84,886.34,0,0.91
24250,6863,2117.65,722.8,2255.56,983.45,0,0.65
24250,6934,2512.47,782.84,2631.85,1033.88,0,0.75
24250,6875,2320.5,790.73,2457.37,1021.27,0,0.82
24250,7033,1823.35,726.24,1957.26,964.71,3,0.66
24250,7121,1823.77,726.23,1957.32,964.41,1,0.55
24250,6864,2743.7,786.18,2861.43,1018.88,1,0.28
24250,7000,2883.51,762.74,2983.43,988.84,0,0.46
24250,7079,1989.65,733.76,2085.47,960.37,1,0.43
24250,7148,2322.34,1246.93,2508.03,1602.21,0,0.56
24250,7151,1733.73,498.94,1860.61,693.7,0,0.86
24250,7155,2743.73,785.92,2861.59,1017.6,0,0.38
24250,7156,2508.22,1599.05,2750.62,2033.58,0,0.97
24250,7076,3094.02,791.82,3206.2,1022.09,0,0.66
24250,7150,2622.27,875.56,2757.85,1130.42,0,0.59
24260,6795,2487.69,684.26,2627.41,867.31,0,0.8
24260,6863,2118.94,685.55,2257.97,955.19,0,0.91
24260,6934,2507.88,773.43,2626.24,1020.71,0,0.84
24260,6875,2328.16,780.49,2453.18,976.07,0,0.55
24260,7033,1820.88,726.1,1955.37,966.18,3,0.49
24260,6864,2744.11,791.5,2850.46,1017.5,1,0.41
24260,7079,1991.75,729.59,2082.21,930.33,1,0.46
24260,7148,2335.5,1158.57,2507.13,1489.81,0,0.92
24260,7151,1754.1,477,1868.78,659.2,0,0.72
24260,7155,2744.05,792.38,2848.66,1016.62,0,0.35
24260,7156,2552.38,1444.06,2769,1853.1,0,0.95
24260,7076,3063.39,774.46,3174.05,1017.21,0,0.87
24260,7150,2627.1,866.67,2758.48,1118.6,0,0.54
24270,6795,2475.21,668.07,2612.65,855.04,0,0.93
24270,6863,2109.07,636.7,2247.21,886.75,0,0.92
24270,6934,2504.07,766.56,2621.21,1009.71,0,0.78
24270,6875,2310.71,753.62,2436.22,992.98,0,0.82
24270,7033,1820.14,726.61,1955.13,965.21,3,0.63
24270,7079,1995.75,726.79,2089.39,911.56,1,0.52
24270,7148,2351.45,1080.54,2515.1,1395.88,0,0.89
24270,7151,1766.47,450.84,1880.01,623.11,0,0.92
24270,7155,2730.1,756.42,2844.62,988.63,0,0.46
24270,7156,2614.5,1287.27,2813.61,1655.42,0,0.85
24270,7150,2624.33,857.33,2756.57,1107.65,0,0.69
24280,6795,2459.31,635.34,2578.84,822.25,0,0.76
24280,6863,2071.69,584.2,2220.22,823.29,0,0.91
24280,6934,2493.33,742.53,2603.41,976.96,0,0.94
24280,6875,2265.92,711.04,2397.47,952.5,0,0.84
24280,7033,1819.63,720.3,1951.62,953.16,3,0.66
24280,7079,2005.54,728.01,2099.72,929.04,1,0.76
24280,7148,2382.66,1019.35,2537.16,1320.06,0,0.94
24280,7151,1779.54,417.71,1886.59,587.09,0,0.86
24280,7155,2703.55,725.62,2816.62,944.96,0,0.68
24280,7156,2694,1160.8,2876.97,1496.34,0,0.95
24280,7150,2632.29,834.79,2758.66,1079.52,0,0.65
24280,7167,1820.2,719.82,1955.41,947.34,3,0.44
24290,6934,2475.85,713.29,2580.62,940.21,0,0.87
24290,7033,1814.69,698.56,1945.51,928.94,3,0.96
24290,7148,2429.26,948.07,2576.32,1228.84,0,0.54
24290,7151,1788.36,391.36,1890.12,550.42,0,0.81
24290,7155,2668.41,680.74,2776.45,873.12,1,0.74
24290,7156,2778.84,1046.09,2947.18,1347.51,0,0.95
24290,7150,2654.35,794.57,2778.22,1038.93,0,0.66
24300,7148,2487.28,880.74,2620.15,1132.12,0,0.85
24300,7151,1797.98,370.88,1891.36,515.88,0,0.52
24300,7155,2641.2,637.08,2751.68,816.19,0,0.69
24300,7156,2846.06,934.93,3000.45,1207.64,0,0.95
24300,7174,1999.27,472.91,2115.34,675.31,0,0.93
24300,7178,2412.3,553.65,2516.13,732.37,0,0.87
24300,7106,1796.14,649.24,1913.89,871.77,3,0.85
24300,6795,2437.4,655.82,2539.05,858.48,0,0.92
24300,6863,2115.66,565.2,2243.05,766.06,0,0.8
24310,7155,2627.87,597.91,2734.34,800.95,0,0.53
24310,7156,2903.94,835.36,3043.19,1088.25,0,0.95
24310,7174,1975.23,436.54,2077.92,624.85,0,0.86
24310,7178,2382.8,513.86,2484.12,692.46,0,0.92
24310,7106,1802.02,617.95,1913.97,822.39,3,0.95
24310,6795,2418.41,629.12,2515.21,839.17,0,0.94
24310,6863,2106.59,522.51,2218.27,713.15,0,0.71
24320,7156,2932.87,750.85,3055.32,983.81,0,0.91
24320,7174,1950.19,387.55,2038.9,553.96,0,0.86
24320,6795,2393.3,592.93,2485.88,797.48,0,0.92
24320,7150,2638.28,734.99,2756.27,965.46,0,0.93
24330,7174,1931.34,353.01,2015.42,491.89,0,0.74
24330,7196,1774.8,520.69,1876.8,689.85,3,0.72
24330,7197,922.22,344.02,986.32,455.69,0,0.69
24330,7200,2358.08,361,2425.12,475.39,0,0.73
24330,7000,2893.7,690.84,3014.2,908.81,0,0.89
24330,7178,2358.14,526.69,2450.86,726.26,0,0.75
24330,6863,2096.55,512.38,2178.76,693.61,0,0.8
24340,7196,1781.94,476.23,1876.82,633.11,0,0.73
24340,7197,921.08,377.93,989.52,501.99,0,0.77
24340,7200,2374.2,372.81,2443.66,487.12,0,0.77
24340,7203,2727.64,628.81,2826.33,816.92,0,0.94
24340,7000,2909.98,642.34,3024.06,850.39,0,0.93
24340,7178,2327.78,513.09,2417.78,702.82,0,0.93
24340,6863,2093.88,488.78,2169.65,656.45,0,0.86
24350,7196,1791.62,427.76,1877.6,568.37,0,0.8
24350,7197,903.21,428.48,982.68,568.66,0,0.84
24350,7200,2381.35,384.3,2456.35,500.77,0,0.76
24350,7203,2712.77,564.42,2807.85,752.37,0,0.91
24350,7000,2922.27,596.79,3026.27,789.47,0,0.89
24350,7178,2298.67,491.54,2380.5,663.07,0,0.91
24350,6863,2093.32,459.93,2161.47,612.38,0,0.81
24360,7196,1800.19,381.73,1876.41,512.1,0,0.54
24360,7200,2392.76,396.41,2465.32,516.87,0,0.58
24360,7203,2694.16,511.54,2784.43,690.23,0,0.87
24360,7000,2902.23,549.86,3002.99,728.64,0,0.88
24360,7178,2265.46,444.58,2346.14,625.58,0,0.79
24360,7155,2534.68,423.19,2610.86,559.29,0,0.82
24370,7196,1802.19,350.37,1870.24,467.18,0,0.77
24370,7203,2667.51,479.58,2749.82,637.18,0,0.72
24370,7178,2235.56,418.82,2311.87,582.35,0,0.86
24370,7155,2519.34,403.27,2588.78,528.95,0,0.43
24380,7178,2210.57,397.87,2280.97,545.15,0,0.66
24380,7123,3215.12,450.74,3312.22,618.98,0,0.75
24390,7178,2199.28,375.66,2259.72,513.72,0,0.59
24390,7260,2781.23,439.86,2869.56,599.41,0,0.75
24400,7178,2186.89,371.45,2246.8,492.5,0,0.48
24400,7260,2778.63,420.37,2862.17,566.39,0,0.87
24400,7289,2545.73,401.79,2615.29,522.18,0,0.53
24410,7260,2784.67,402.62,2863.17,535.85,0,0.57
24410,7150,2653.58,504.44,2757.99,699.19,0,0.49
24420,7260,2797.17,388.59,2869.37,516.94,0,0.55
24420,7310,2582.03,374.17,2650.17,506.5,0,0.54
24420,7150,2640.42,529.26,2742.96,714,0,0.87
24430,7260,2799,376.63,2874.97,502.84,0,0.35
24440,6934,2381.04,564.77,2580.45,741.21,0,0.93
24450,6934,2344.33,558.44,2544.26,735.49,0,0.9
24460,6934,2324.56,557.56,2526.94,733.72,0,0.93
24470,6934,2316.1,558.67,2519.76,737.36,0,0.91
24480,6934,2314.1,557.65,2520.37,736.23,0,0.92
24490,6934,2312.79,557.88,2519.39,735.54,0,0.94
24500,6934,2313.46,558.64,2518.77,734.75,0,0.94
24510,6934,2314.48,556.83,2520.52,736.46,0,0.94
24520,6934,2316.19,554.38,2521.16,737.14,0,0.95
24530,6934,2318.01,555,2521.05,735.76,0,0.95
24540,6934,2321.38,557.06,2524.63,735.5,0,0.94
24550,6934,2322.59,557.79,2526.04,735.47,0,0.96
24560,6934,2323.04,557.51,2528.02,736.83,0,0.94
24570,6934,2324.66,558.44,2529.36,738.32,0,0.94
24580,6934,2325.44,557.71,2532.42,739.75,0,0.94
24580,7351,923.01,399.42,991.55,541.76,0,0.85
24580,7106,2187.76,474.92,2267.51,649.69,0,0.92
24590,6934,2331.77,560.91,2535.86,739.87,0,0.95
24590,7351,923.65,441.32,998.55,592.95,0,0.89
24590,7106,2184.7,437.38,2257.85,593.31,0,0.92
24600,7351,908.63,498.16,993.01,671.09,0,0.85
24610,6934,2340.46,563.18,2539.91,739.5,0,0.44
24620,6934,2342.71,563.33,2538.63,738.51,0,0.73
24630,6934,2342.67,566.44,2540.51,739.28,0,0.72
24640,6934,2342.84,566.96,2541.25,739.18,0,0.38
24650,6934,2343.76,564.37,2541.45,738.86,0,0.35
24660,6934,2346.91,566.26,2548.43,739.62,0,0.35
24670,6934,2349.44,564.83,2550.92,739.07,0,0.56
24680,6934,2348.74,565.95,2554.44,739.1,0,0.27
24700,6934,2354.5,565.98,2558.93,741.08,0,0.59
24710,6934,2355.76,565.19,2561.63,741.81,0,0.66
24720,6934,2358.67,563.2,2561.38,743.29,0,0.56
24730,6934,2359.99,562.57,2562.28,743.66,0,0.8
24740,6934,2361.7,558.88,2561.81,744.23,0,0.58
24750,6934,2360.45,560.95,2562.2,742.86,0,0.9
24760,6934,2362.51,560.82,2562.23,743.7,0,0.73
24770,6934,2360.48,562.75,2565.18,743.52,0,0.93
24780,6934,2355.47,561.1,2559.28,741.55,0,0.74
24790,6934,2318.77,563.06,2513.12,736.86,0,0.91
24800,6934,2256.2,558.35,2455.03,732.98,0,0.96
24810,6934,2164,550.67,2362.11,726.85,0,0.95
24820,7368,1873.31,430.9,1957.02,596.02,0,0.86
24830,7368,1871.01,389.67,1944.83,533.2,0,0.62
24840,7368,1856.56,343.34,1923.41,477.48,0,0.63
24840,7372,921.58,361.15,992.13,489.31,0,0.78
24850,7368,1842.56,329.76,1902.33,439.38,0,0.43
24850,7372,937.45,394.43,1015.83,539.33,0,0.86
24860,7368,1826.53,312.15,1886.96,419.57,0,0.48
24870,7376,994.79,491.12,1090.39,665.69,0,0.94
25130,7376,973.73,469.51,1117.44,619.91,0,0.93
25160,7376,986.03,459.53,1114.41,605.53,0,0.87
25350,7486,377.61,426.81,501.1,558.36,0,0.41
25450,7486,350.16,428.85,497.01,560.41,0,0.26
25460,7486,364.91,429.65,497.62,560.69,0,0.27
25500,7486,373.16,423.85,501.96,562.58,0,0.55
25520,7486,375.73,423.92,497.3,560.55,0,0.6
25550,7505,74.4,1717.49,308.32,2143.15,0,0.69
25570,7509,881.8,535.69,1029.52,707.98,0,0.85
25580,7512,1153.44,558.3,1325.56,736.55,0,0.7
25590,7517,1472.61,575.02,1648.81,761.9,0,0.9
25600,7523,1782.51,599.4,1963.67,793.74,0,0.83
25600,7509,964.48,544.72,1094.86,714.56,0,0.85
25610,7525,1250.34,562.24,1387.36,746.32,0,0.46
25610,7512,1246.92,562.79,1379.17,742.58,1,0.7
25610,7517,1495.03,582.59,1674.42,780.25,0,0.71
25620,7517,1561.07,582.25,1721.59,772.07,0,0.89
25620,7523,1765.06,607.7,1939.02,810.99,0,0.81
25620,7509,959.02,553.46,1106.75,734.45,1,0.9
25630,7537,2417.7,694.74,2607.45,929.1,0,0.85
25630,7525,1184.08,573.78,1348.38,762.19,1,0.83
25640,7537,2472.47,710.1,2664.49,935.82,0,0.86
25640,7538,676.45,591.59,774.98,787.21,0,0.87
25640,7486,369.99,427.14,492.38,559.91,0,0.85
25650,7537,2543.43,716.18,2721.59,932.55,0,0.71
25650,7517,1641.6,606.1,1826.67,794.85,0,0.48
25660,7537,2598.67,725.52,2777.89,942.18,0,0.49
25660,7551,2477.86,670.95,2654.15,856.8,0,0.61
25680,7556,3197.83,716.07,3402.38,924.98,0,0.85
25680,7559,2620.65,674.5,2833.28,838.85,0,0.67
25690,7559,2657.2,682.97,2881.92,858.81,0,0.52
25690,7551,2380.93,685.95,2577.56,892.25,0,0.87
25700,7551,2429.53,696.04,2630.29,909.46,0,0.78
25700,7486,368.84,428.98,491.05,558.07,0,0.31
25710,7486,366.83,428.76,489.19,559.31,0,0.28
25710,7559,2747.66,696.03,2961.7,912.44,0,0.72
25720,7486,368.84,431.59,491.35,560.01,0,0.29
25720,7537,2851.29,723.35,3044.32,939.34,0,0.52
25720,7551,2510.56,710.88,2724.47,939.09,0,0.89
25730,7486,363.41,429.67,486.64,559.43,0,0.49
25730,7551,2590.53,723.73,2799.12,959.16,0,0.76
25730,7512,1441.7,545.11,1610.06,728.18,0,0.82
25740,7486,366.15,426.7,485.55,559.06,0,0.35
25740,7559,2797.8,759.27,2998.93,980.65,1,0.77
25750,7486,368.28,430.07,486.12,559.66,0,0.7
25760,7486,368.89,437.78,490.87,559.66,0,0.33
25770,7556,3202.92,667.55,3410.86,888.42,0,0.86
25790,7486,369.66,430.99,489.2,562.41,0,0.62
25800,7595,752.29,601.18,847.22,798.26,0,0.76
25800,7486,370.09,429.73,487.03,562.55,0,0.53
25810,7595,743.67,576.07,835.25,761.91,0,0.47
25810,7486,371.04,429.26,484.85,560.82,0,0.42
25880,7538,697.74,608.62,800.81,809.4,0,0.49
25890,7525,675.61,677.42,781.41,891.58,0,0.63
25920,7620,1094.91,612.42,1207.39,813.11,3,0.97
25930,7620,1071.88,579.1,1182.18,773.66,3,0.64
25930,7627,2153.78,836.9,2289.49,1127.1,0,0.93
25940,7620,1006.94,552.34,1127.21,739.92,0,0.79
25940,7627,2150.68,804.69,2279.64,1081.25,0,0.58
25950,7627,2142.88,780.68,2267.06,1055.39,0,0.9
25950,7635,2345.29,985.81,2528.05,1363.21,1,0.81
25960,7627,2144.16,775.79,2265.63,1050.43,0,0.92
25970,7627,2146.02,776.08,2267.37,1050.7,0,0.91
25980,7627,2146.31,777.84,2268.56,1052.84,0,0.86
25980,7640,2341.25,843.44,2522.65,1115.74,1,0.82
25990,7627,2140.3,784.72,2266.65,1054.94,0,0.28
25990,7640,2345.81,819.3,2532.18,1117.57,1,0.42
26000,7627,2143.2,782.64,2267.88,1057.08,0,0.32
26000,7640,2347.26,796.18,2537.96,1090.28,1,0.43
26010,7627,2146.2,782.43,2268.54,1057.5,0,0.81
26010,7640,2352.28,778.91,2540.34,1076.71,1,0.39
26020,7627,2145.18,782.95,2268.03,1058.29,0,0.81
26020,7640,2360.36,771.03,2545.53,1077.15,1,0.86
26030,7627,2145.46,782.58,2268.03,1057.7,0,0.77
26030,7640,2362.25,769.53,2546.55,1078,1,0.87
26040,7627,2145.17,783.17,2268.63,1056.84,0,0.86
26040,7640,2362.83,769.22,2546.54,1077.65,1,0.86
26050,7627,2146.08,782.8,2268.02,1055.19,0,0.88
26050,7640,2362.85,770.34,2546.42,1076.83,1,0.84
26060,7627,2146.38,782.29,2268.58,1055.99,0,0.85
26060,7640,2363.47,770.77,2546.1,1077.76,1,0.85
26070,7627,2147.85,783.57,2268.97,1057.17,0,0.86
26070,7640,2364.2,771.19,2546.11,1076.13,1,0.83
26070,7648,3994.32,839.23,4096,1088.05,0,0.7
26080,7627,2149.43,784.94,2269.85,1056.73,0,0.9
26080,7640,2364.32,772.15,2545.66,1075.59,1,0.87
26080,7648,3977.68,833.26,4095.74,1082.88,0,0.61
26090,7627,2150.83,784.94,2270.06,1056.91,0,0.85
26090,7640,2363.68,772.17,2544.76,1073.91,1,0.83
26090,7648,3975.25,815.26,4095.6,1082.36,0,0.63
26100,7627,2150.42,784.72,2270.61,1058.42,0,0.86
26100,7640,2363.86,770.67,2544.21,1071.72,1,0.65
26100,7648,3971.05,819.91,4095.46,1080.8,0,0.55
26110,7627,2148.35,784.85,2270.66,1059.17,0,0.89
26110,7640,2363.43,772.78,2545.16,1075.44,1,0.85
26110,7648,3971.02,825.74,4095.58,1082.22,0,0.7
26120,7627,2147.51,784.93,2270.38,1059.73,0,0.88
26120,7640,2363.56,773.32,2545.14,1075.91,1,0.88
26120,7648,3970.48,830.15,4095.57,1081,0,0.54
26130,7627,2147.78,785.66,2270.74,1060.51,0,0.9
26130,7640,2365,771.08,2546.08,1074.89,1,0.78
26130,7648,3970.9,830.92,4095.63,1081.32,0,0.7
26140,7627,2150.36,785.42,2272.98,1058.54,0,0.9
26140,7640,2364.71,771.85,2546.27,1077.39,1,0.9
26140,7648,3969.92,832.33,4095.67,1081.24,0,0.82
26150,7627,2149.85,785.06,2272.22,1057.28,0,0.89
26150,7640,2364.51,772.81,2546.22,1078.93,1,0.92
26150,7648,3970.3,833.26,4095.62,1082.25,0,0.79
26160,7627,2149.22,785.4,2270.23,1055.87,0,0.89
26160,7640,2364.69,773.74,2546.54,1079.09,1,0.93
26160,7648,3963.56,827.09,4092.93,1080.74,0,0.77
26170,7627,2149.23,785.27,2269.82,1056.23,0,0.9
26170,7640,2363.85,773.72,2546.71,1079.92,1,0.93
26170,7648,3966.99,828,4094.54,1080.47,0,0.8
26180,7627,2148.96,784.91,2269.74,1056.71,0,0.9
26180,7640,2363.77,773.31,2546.73,1079.45,1,0.93
26180,7648,3969.03,830.63,4095.17,1080.81,0,0.74
26190,7627,2148.72,785.7,2269.78,1057.23,0,0.89
26190,7640,2362.69,774.44,2545.84,1079.06,1,0.94
26190,7648,3968.97,832.58,4095.35,1082.47,0,0.69
26200,7627,2148.77,786.18,2269.56,1057.35,0,0.9
26200,7640,2362.59,775.48,2545.38,1078.22,1,0.91
26200,7648,3970.94,834.44,4095.51,1082.13,0,0.75
26200,7667,3963.47,832.42,4092.39,1084.08,0,0.32
26210,7627,2148.75,786.36,2269.35,1057.23,0,0.9
26210,7640,2362.47,776.01,2545.27,1077.94,1,0.91
26210,7648,3971.98,834.89,4095.62,1082.4,0,0.75
26220,7627,2148.61,786.98,2268.73,1057.18,0,0.88
26220,7640,2362.29,775.93,2544.96,1078.96,1,0.87
26220,7648,3974.4,833.54,4095.76,1081.67,0,0.75
26230,7627,2148.25,786.89,2268.74,1057.57,0,0.87
26230,7640,2362.43,776.07,2544.78,1079.15,1,0.86
26230,7648,3975.66,834.36,4095.91,1081.03,0,0.82
26240,7627,2147.67,787.06,2268.48,1057.83,0,0.88
26240,7640,2361.8,776.4,2544.3,1078.92,1,0.86
26240,7648,3975.95,833.66,4095.94,1081.34,0,0.82
26250,7627,2147.38,786.75,2269.18,1058.49,0,0.87
26250,7640,2361.74,776.5,2544.14,1079.79,1,0.85
26250,7648,3976.28,833.9,4095.91,1081.17,0,0.81
26260,7627,2147.27,786.74,2269.17,1058.41,0,0.88
26260,7640,2361.37,776.67,2544.22,1080.28,1,0.8
26260,7648,3976.23,832.45,4095.89,1079.99,0,0.83
26270,7627,2146.78,785.79,2269.38,1058.12,0,0.9
26270,7640,2362.09,775.56,2545.15,1078.95,1,0.88
26270,7648,3977.57,832.8,4095.97,1076.26,0,0.83
26280,7627,2146.86,785.71,2269.29,1057.18,0,0.9
26280,7640,2362.4,774.65,2545.27,1078.05,1,0.83
26280,7648,3978.23,833.11,4096,1071.8,0,0.84
26290,7627,2148.39,786.98,2268.79,1057.29,0,0.89
26290,7640,2362.61,775.58,2544.78,1078.62,1,0.79
26290,7648,3986.62,835.51,4096,1072.82,0,0.75
26300,7627,2148.78,787.26,2268.49,1057.45,0,0.88
26300,7640,2362.31,775.4,2544.6,1078.23,1,0.62
26300,7648,3993.53,837.62,4096,1070.42,0,0.68
26310,7627,2148.87,787.56,2268.33,1057.8,0,0.9
26310,7640,2362.56,774.72,2544.37,1077.58,1,0.47
26310,7648,4002.15,836.81,4096,1075.2,0,0.59
26310,7677,2357.59,772.94,2537.15,1070.62,1,0.33
26320,7627,2150.03,787.53,2269.22,1056.28,0,0.87
26320,7640,2362.55,775.2,2543.34,1077.66,1,0.33
26320,7677,2357.77,773.79,2536.04,1070.29,1,0.57
26330,7627,2150.56,786.75,2269.16,1055.79,0,0.86
26330,7640,2362.88,775.53,2542.98,1077.14,1,0.45
26330,7677,2358.14,774.28,2535.64,1069.68,1,0.5
26330,7648,4003.91,840.24,4096,1071.4,0,0.45
26340,7627,2150.52,787.29,2268.97,1056.85,0,0.89
26340,7640,2362.42,775,2543.91,1077.45,1,0.56
26340,7677,2358.02,773.93,2536.2,1070.2,1,0.37
26340,7648,4000.72,837.22,4096,1071.62,0,0.34
26350,7627,2148.44,786.5,2268.59,1057.56,0,0.88
26350,7648,3989.55,835.56,4096,1074,0,0.63
26360,7627,2147.95,786.4,2268.14,1058.24,0,0.85
26360,7648,3979.85,834.09,4096,1078.96,0,0.78
26360,7640,2358.61,773.58,2537.45,1072.51,1,0.69
26370,7627,2149.13,785.58,2268.38,1057.27,0,0.86
26370,7648,3977.35,833.94,4096,1082.08,0,0.79
26370,7640,2357.14,772.29,2536.43,1071.29,1,0.82
26380,7627,2149.71,785.51,2268.27,1057.5,0,0.85
26380,7648,3975.29,834.79,4096,1081.71,0,0.74
26380,7640,2356.66,769.7,2536.55,1069.6,1,0.59
26390,7627,2149.91,786.11,2267.76,1057.14,0,0.84
26390,7648,3952.03,824.99,4096,1073.65,2,0.66
26390,7640,2363.53,751.21,2541.39,1046.33,1,0.42
26400,7627,2150.23,786.22,2267.64,1058.72,0,0.87
26400,7640,2363.58,729.97,2533.74,1010.65,1,0.84
26410,7627,2149.89,785.09,2268.37,1060.16,0,0.89
26410,7640,2360.91,704.22,2525.91,984.38,1,0.82
26410,7690,2678.97,627.66,2789.72,839.28,1,0.65
26420,7627,2147.84,784.45,2269.84,1060.6,0,0.91
26420,7640,2356.9,684.62,2521.18,944.33,1,0.57
26420,7690,2675.26,626.03,2785.91,837.92,1,0.54
26430,7627,2143.25,781.31,2271.61,1058.83,0,0.89
26430,7640,2345,661.69,2512.72,917.31,0,0.36
26430,7692,3647.52,709.61,3787.09,923.83,0,0.97
26430,7648,3946.93,748.08,4091.91,972.61,0,0.9
26440,7627,2152.44,759.17,2272.49,1019.68,0,0.68
26440,7640,2320.63,627.62,2481.36,873.85,1,0.85
26440,7692,3648.06,708.28,3788.23,924.05,0,0.96
26440,7648,3913.16,728.48,4063.73,943.97,1,0.84
26450,7627,2162.29,714.23,2274.04,958.12,0,0.95
26450,7640,2279.74,586.04,2444.95,817.91,1,0.58
26450,7692,3647.28,707.29,3786.03,926.54,0,0.97
26460,7627,2166.42,651.55,2268.71,875.84,0,0.81
26460,7640,2251.05,548.44,2405.5,765.38,0,0.55
26460,7692,3625.96,685.4,3759.1,900.94,0,0.9
26460,7697,2013.88,454.99,2108,638.18,0,0.52
26470,7697,2003.7,422.47,2091.92,592.19,0,0.7
26490,7712,3253.46,510.7,3388,678.45,0,0.84
26500,7697,1973.45,407.1,2044.62,543.01,0,0.85
26520,7728,1873.72,313.4,1939.18,434,0,0.51
26630,7776,826.13,440.65,905.1,583.34,0,0.85
26640,7776,838.69,469.72,922.04,627.89,0,0.72
26650,7776,863.25,502.2,957.25,676.61,0,0.79
26660,7776,874.5,553.6,979.52,745.67,0,0.94
26710,7781,748.7,472.09,835.58,628.4,0,0.83
26720,7781,759.76,488.07,844.38,642.87,0,0.77
26730,7781,753.33,500.68,840.17,665.39,0,0.67
26740,7781,748.12,513.63,833.1,683.39,0,0.47
26750,7781,754.41,520.6,840.46,693.57,0,0.59
26750,7786,3339.73,1013.38,3547.51,1251.76,0,0.83
26750,7787,3597.66,926.31,3750.85,1228.69,0,0.55
26760,7781,756,523.68,842.16,696.74,0,0.65
26760,7786,3290.35,998.73,3510.65,1253.83,0,0.92
26760,7787,3586.65,948.73,3749.59,1216.97,0,0.87
26770,7781,752.67,525.08,841.47,698.96,0,0.63
26770,7786,3270.05,987.06,3498.94,1270.04,0,0.88
26770,7787,3582.44,955.55,3736.14,1203.34,0,0.7
26780,7781,751.95,523.84,841.1,699.3,0,0.66
26780,7786,3253.93,982.55,3491.64,1278.67,0,0.81
26780,7787,3579.76,934.05,3731.21,1190.63,0,0.63
26790,7781,751.98,523.93,840.08,699.1,0,0.48
26790,7786,3225.35,965.71,3459.19,1256.44,0,0.85
26790,7787,3576.25,930.35,3734.06,1185.21,0,0.75
26790,7793,2014.6,740.53,2190.19,1032.71,0,0.94
26800,7786,3156.44,943.64,3413.12,1241.28,0,0.88
26800,7787,3573.69,934.89,3732.63,1186.61,0,0.83
26800,7793,2037.22,662.86,2198.44,922.71,0,0.9
26810,7787,3560.93,936.59,3718.9,1183.57,0,0.89
26810,7793,2048.08,596.46,2202.88,830.61,0,0.96
26810,7781,751.65,524.77,840.1,697.18,0,0.6
26820,7793,2058.47,545.51,2203.3,761.4,0,0.96
26820,7781,751.98,523.94,841.03,696.68,0,0.64
26830,7793,2063.74,513.13,2199.9,712.46,0,0.94
26830,7781,750.93,523.53,840.84,696.9,0,0.67
26840,7793,2064.69,488.64,2196.8,675.73,0,0.93
26840,7781,751.98,524.12,840.37,696.36,0,0.63
26850,7793,2065.29,469.54,2193.63,648.32,0,0.91
26850,7781,753.06,524.42,840.67,696.54,0,0.59
26850,7818,1757.15,583.74,1855.76,784.38,0,0.96
26850,7821,3877.44,978.72,4089.75,1231.91,2,0.71
26860,7793,2060.03,451.15,2184.96,625.52,0,0.77
26860,7781,752.82,524.15,841.51,696.58,0,0.63
26860,7818,1758.41,529.97,1850.52,710.02,0,0.97
26860,7821,3816.89,962.29,4078.37,1223.52,0,0.73
26870,7793,2055.21,442.47,2173.96,608.69,0,0.4
26870,7781,753.41,524.18,841.1,696.47,0,0.61
26870,7818,1757.2,473.33,1842.19,639.76,0,0.96
26870,7821,3726.49,949.77,4012.41,1215.16,0,0.9
26880,7793,2039.97,422.82,2150.58,580.78,0,0.58
26880,7781,753.57,524.32,840.89,696.93,0,0.65
26880,7818,1750.34,435.09,1826.26,587.12,0,0.82
26880,7821,3659.64,938.56,3955.67,1211.83,0,0.95
26890,7781,752.3,524.06,838.72,694.58,0,0.44
26890,7818,1735.23,398.33,1807.45,542.53,0,0.9
26890,7821,3627.28,938.66,3929.52,1209.12,0,0.77
26890,7830,926.78,315.46,991.49,420.09,0,0.75
26900,7781,753.52,522.97,840.91,694.97,0,0.75
26900,7818,1715.74,383.14,1783.4,507.3,0,0.61
26900,7821,3623.47,938.26,3928.89,1208.43,0,0.94
26900,7831,2183.88,446.41,2270.58,597.01,0,0.82
26910,7781,753.22,521.62,840.27,695.07,0,0.55
26910,7821,3614.32,920.06,3921.4,1207.68,0,0.73
26910,7831,2167.17,423.93,2258.07,579.94,0,0.9
26920,7781,752.86,521.35,841.99,695.93,0,0.71
26920,7821,3612.63,931.06,3905.77,1206.82,0,0.85
26920,7831,2155.52,412.77,2242.25,572.46,0,0.78
26920,7846,959.45,356.63,1034.06,477.27,0,0.64
26920,7847,3862.39,871.48,3976.02,1083.14,0,0.57
26920,7818,1687.35,319.75,1747.12,441.43,0,0.75
26930,7781,752.99,521.87,842.13,695.58,0,0.7
26930,7821,3618.64,938.24,3910.08,1205.74,0,0.92
26930,7831,2140.89,416.51,2221.37,562.85,0,0.79
26930,7846,974.64,378.28,1051.71,502.92,0,0.81
26930,7847,3854.21,894.43,3995.69,1084.76,0,0.56
26930,7818,1686.69,303.64,1743.38,420.53,0,0.7
26940,7781,752.89,522.1,842.03,696.72,0,0.61
26940,7821,3624.42,938.56,3914.11,1205.96,0,0.84
26940,7846,1009.34,400.16,1087,533.89,0,0.84
26940,7847,3839.14,903.06,3975.68,1092.39,0,0.73
26950,7781,753.82,523.14,841.83,697.43,0,0.36
26950,7821,3629.27,926.35,3923.1,1207.84,0,0.94
26950,7831,2102.26,392.06,2179.41,539.04,0,0.41
26960,7781,754.31,524.58,838.72,697.89,0,0.36
26960,7821,3623.31,929.92,3929.56,1207.66,0,0.85
26970,7781,756.53,523.58,841.38,696.86,0,0.56
26970,7821,3625.71,928.1,3945.67,1207.53,0,0.84
26970,7872,1187.9,436.11,1290.51,629.85,0,0.82
26980,7781,760.02,539.36,842.75,697.36,0,0.5
26980,7821,3628.16,932.28,3940.62,1207.9,0,0.77
26980,7872,1183.58,507.56,1272.01,672.89,0,0.74
26990,7781,755.75,528.86,837.9,696.96,0,0.36
26990,7821,3626.79,925.76,3950.92,1205.96,0,0.93
26990,7872,1205.45,515.2,1297.68,679.67,0,0.81
26990,7831,2016.94,358.92,2102.51,492.17,0,0.87
27000,7781,754.55,524.42,838.14,696.36,0,0.61
27000,7821,3629.27,935.91,3948.04,1206.42,0,0.76
27000,7882,1104.81,561.23,1216.5,736.1,0,0.81
27000,7831,1979.05,339.01,2057.73,472.06,0,0.62
27010,7781,753.07,522.88,837.89,696.66,0,0.45
27020,7781,751.09,516.97,836.82,692.06,0,0.3
27020,7821,3620.53,917.76,3922.9,1199.89,0,0.44
27030,7781,752.62,514.74,840.3,694.45,0,0.55
27030,7821,3632.56,925.25,3919.8,1201.49,0,0.82
27040,7781,752.72,517.99,839.15,692.98,0,0.51
27040,7821,3602.75,909.12,3880.33,1188.21,0,0.89
27040,7900,1485.85,574.03,1595.48,758.98,0,0.94
27040,7901,478.15,969.52,653.72,1295.29,0,0.91
27050,7781,752.86,519.75,840.65,693.04,0,0.62
27050,7821,3599.56,915.3,3884.17,1199.08,0,0.9
27050,7900,1471.12,526.69,1579.84,697.18,0,0.94
27060,7781,753.14,520.52,841.65,693.15,0,0.65
27060,7821,3570.29,910,3869.03,1198.31,0,0.87
27060,7900,1430.02,481.26,1529.57,639.71,0,0.91
27070,7781,752.69,521.47,842.23,692.93,0,0.6
27070,7821,3560.13,908.71,3856.3,1201.07,0,0.71
27080,7781,752.04,521.33,842.48,692.87,0,0.68
27080,7821,3556.61,907.94,3853.07,1202.21,0,0.6
27090,7781,752.67,521.23,842.69,691.91,0,0.7
27090,7821,3555.9,910.49,3854.65,1201.95,0,0.55
27100,7781,752.87,521.12,842.59,691.57,0,0.74
27110,7781,753.04,521.05,842.52,691.86,0,0.74
27120,7781,752.69,522.13,841.29,694.86,0,0.55
27120,7821,3555.38,915.46,3859.07,1200.68,0,0.4
27130,7781,754.89,525.23,840.86,696.49,0,0.75
27130,7821,3556.25,921.93,3858.87,1200.13,0,0.42
27140,7781,752.63,524.49,837.65,697.59,0,0.5
27140,7821,3557.18,921.19,3857.21,1199.95,0,0.67
27150,7781,752.61,523.37,839.27,695.72,0,0.62
27150,7821,3557.09,920.75,3859.37,1200.2,0,0.72
27160,7781,753.17,522.82,841.2,694.62,0,0.62
27160,7821,3555.21,919.52,3857.45,1200.09,0,0.89
27170,7781,753.61,522.37,842.76,694.7,0,0.7
27170,7821,3553.8,924.21,3858.04,1200.41,0,0.8
27180,7781,753.35,522.65,843.14,694.79,0,0.58
27180,7821,3553.43,921.09,3859.92,1201.06,0,0.66
27190,7781,752.53,522.64,843.79,696.26,0,0.65
27190,7821,3554.53,921.06,3858.49,1200.82,0,0.87
27200,7781,751.6,523.98,843.67,697.63,0,0.61
27200,7821,3555.35,916.46,3858.15,1200.99,0,0.89
27210,7781,752.67,524.33,842.8,696.61,0,0.72
27210,7821,3555.38,913.73,3859.4,1201.12,0,0.86
27220,7781,751.65,521.36,841.52,697.09,0,0.78
27220,7821,3554.46,916.44,3861.51,1201.64,0,0.72
27230,7781,751.5,520.97,840.38,696.58,0,0.63
27230,7821,3555.88,917.01,3858.97,1201.69,0,0.63
27240,7781,751.95,521.65,840.54,695.51,0,0.6
27240,7821,3556.4,918.12,3857.57,1201.18,0,0.55
27250,7781,751.51,522.19,840.8,694.9,0,0.63
27250,7821,3558.95,916.4,3858.1,1199.81,0,0.72
27260,7781,752.16,522.89,841.05,694.46,0,0.62
27260,7821,3557.11,919.35,3855.47,1200.02,0,0.86
27270,7781,750.86,523.51,841.77,695.74,0,0.46
27280,7781,749.62,520.15,848.26,690.38,0,0.26
27290,7821,3555.28,916.94,3858.63,1198.66,0,0.26
27300,7821,3556.07,915.78,3861.88,1198.38,0,0.41
27310,7821,3547.28,910.51,3855.86,1198.6,0,0.95
27320,7821,3521.78,922.91,3819.81,1195.51,0,0.8
27330,7821,3552.88,893.78,3816.08,1172.33,0,0.52
27330,7964,1179.97,556.57,1369.97,737.45,0,0.95
27340,7966,1038.11,556.15,1186.07,738.09,0,0.89
27350,7975,1337.07,574.88,1481.93,767.59,0,0.78
27350,7977,1842.63,591.64,2009.14,786.26,0,0.83
27360,7989,1679.02,614.39,1845.17,806.7,0,0.91
27400,7821,3479.99,851.05,3711.49,1095.82,0,0.89
27400,7964,1203.1,603.95,1379.52,809.79,0,0.92
27420,7781,721.37,554.97,874.94,746.63,0,0.94
27480,7975,1306.96,583.84,1486.83,782.26,0,0.57
27480,7989,1693.91,517.42,1856.64,685.19,0,0.93
27620,7821,3279.56,775.95,3517.15,1046.2,0,0.93
27820,7821,3125.98,620.94,3320.08,824.66,0,0.89
28170,8118,2185.77,984.15,2355.39,1303.36,0,0.95
28180,8118,2195.26,898.81,2350.14,1190.15,0,0.96
28190,8118,2207.85,809.88,2348.47,1078.94,0,0.37
28200,8118,2213.95,746.04,2347.26,994.1,0,0.9
28210,8118,2221.69,694.55,2346.65,919.39,0,0.95
28220,8118,2229.34,653.98,2346.37,867.05,0,0.95
28230,8118,2218.03,628.43,2339.52,837.98,0,0.94
28240,8118,2208.08,621.07,2331.29,827.95,0,0.77
28250,8118,2204.98,620.81,2327.43,825.46,0,0.74
28250,8127,2203.21,636.36,2327.64,845.47,1,0.32
28260,8118,2204.13,624.18,2326.84,827.11,1,0.39
28260,8127,2203.65,638.39,2328.08,845.45,0,0.73
28270,8127,2203.8,638.5,2328.41,844.68,0,0.91
28280,8127,2204.12,637.41,2327.46,845.34,0,0.89
28290,8127,2203.84,632.96,2327.21,845.87,0,0.93
28300,8127,2205.35,633.51,2328.18,846.18,0,0.91
28310,8127,2203.99,632.17,2327.78,846.06,0,0.91
28320,8127,2203.5,631.2,2326.89,846.15,0,0.9
28330,8127,2200.5,630.19,2328.12,845.26,0,0.91
28340,8127,2199.7,630.2,2328.37,844.29,0,0.9
28350,8127,2199.52,630.68,2328.28,843.69,0,0.89
28360,8127,2198.22,630.61,2328.07,843.58,0,0.93
28370,8127,2198.19,630.15,2328.1,844.24,0,0.95
28380,8127,2199.83,631.19,2328.39,844.75,0,0.94
28390,8127,2201.62,630.07,2328.29,846.03,0,0.96
28390,8142,2752.13,807.18,2882.23,1082.4,0,0.89
28400,8127,2202.32,628.31,2328.67,846.79,0,0.95
28400,8142,2706.58,747.96,2839.53,1005.13,0,0.96
28410,8127,2204.07,629.17,2328.29,846.7,0,0.92
28410,8142,2669.27,698.44,2792.75,941.89,0,0.94
28420,8127,2204.57,630.68,2326.5,845.22,0,0.95
28420,8142,2654.33,670.7,2774.52,911.36,0,0.94
28430,8127,2203.14,630.38,2325.51,844.16,0,0.96
28430,8142,2648.45,667.17,2763.97,900.26,0,0.92
28440,8127,2202.85,628.85,2326.22,843.71,0,0.95
28440,8142,2648.6,666.43,2764.7,902.53,0,0.95
28450,8127,2202.26,628.96,2326.32,844.06,0,0.95
28450,8142,2651.18,667.33,2765.36,903.15,0,0.95
28460,8127,2201.78,629.9,2326.72,844.35,0,0.94
28460,8142,2650.81,670.16,2766.4,904.95,0,0.95
28470,8127,2201.77,630.6,2326.68,844.19,0,0.93
28470,8142,2650.76,671.53,2767.17,906.53,0,0.95
28480,8127,2202.32,629.99,2328,843.96,0,0.95
28480,8142,2652.19,672.58,2767.83,909.44,0,0.94
28490,8127,2202.6,629.93,2328.41,843.42,0,0.94
28490,8142,2653.56,673.42,2768.6,910.49,0,0.95
28500,8127,2202.53,629.81,2328.57,843.85,0,0.94
28500,8142,2654.17,673.7,2769.19,910.96,0,0.95
28510,8127,2202.56,630.28,2327.45,845.23,0,0.95
28510,8142,2653.83,673.94,2769.18,912.16,0,0.95
28520,8127,2202.51,630.55,2327.18,845.98,0,0.92
28520,8142,2653.7,674.27,2769.2,913.47,0,0.94
28530,8127,2201.47,630.54,2326.81,844.89,0,0.93
28530,8142,2654.18,674.7,2770.09,914.07,0,0.93
28530,8165,2374.42,729.35,2492.84,961.3,1,0.86
28540,8127,2201.05,630.94,2326.62,844.71,0,0.92
28540,8142,2654.54,675.02,2771.35,914.82,0,0.93
28540,8165,2359.43,718.83,2478.12,946.33,1,0.86
28550,8127,2201.28,631.44,2326.08,844.51,0,0.9
28550,8142,2654.52,675.45,2772.31,915.39,0,0.93
28550,8165,2355.32,714.72,2471.15,942.14,1,0.9
28560,8127,2201.65,630.03,2325.72,845.66,0,0.88
28560,8142,2652.56,671.34,2769.54,913.92,0,0.93
28560,8165,2354.82,715.8,2472.1,941.03,1,0.92
28570,8127,2203.09,631.93,2325.48,846.98,1,0.7
28570,8142,2643.81,657.24,2759.6,889.67,0,0.96
28570,8165,2354.03,715.9,2473.31,939.8,1,0.9
28580,8127,2202.03,631.29,2326.48,846.12,0,0.88
28580,8142,2621.97,624.74,2728.62,841.96,0,0.95
28580,8165,2355.02,718.21,2471.39,940.5,1,0.68
28590,8127,2202.4,630.39,2325.79,844.49,0,0.93
28590,8165,2355.02,719.78,2465.81,939.13,1,0.68
28600,8127,2205.47,622.55,2322.95,835.05,0,0.86
28600,8165,2361.95,694.25,2468.23,914.02,1,0.59
28610,8127,2204.13,607.88,2320.01,815.54,0,0.76
28620,8127,2199.22,580.58,2307.71,783.5,0,0.36
28630,8127,2195.14,558.06,2297.76,752.28,0,0.43
28630,8179,2456.32,546.18,2540.02,735.21,0,0.91
28640,8179,2439.73,501.69,2519.18,673.86,0,0.92
28650,8179,2405.32,449.58,2480.99,604.62,0,0.89
28650,8127,2218.5,503.31,2317.34,676.64,0,0.76
28660,8179,2379.56,408.98,2448.7,550.64,0,0.84
28660,8127,2222.87,469.97,2316.93,634.74,0,0.91
28670,8127,2215.28,435.94,2303.65,591.71,0,0.7
28680,8127,2206.19,408.21,2287.61,551.43,0,0.91
28690,8127,2202.84,386.68,2277.38,513,0,0.8
28700,8211,919.35,405.44,993.26,542.07,1,0.54
28710,8211,909.59,438.24,993,586.89,0,0.58
28720,8211,888.2,478.34,979.94,643.79,0,0.64
28730,8211,843.6,529.19,940.62,710.75,0,0.89
28880,8237,2157.37,515.88,2235.25,691.73,0,0.9
28910,8242,1065.98,448.29,1149.16,586.4,0,0.75
28990,8282,1656.7,486.87,1738.72,648.32,0,0.92
28990,8284,742.33,456.37,864.99,601.91,0,0.53
29000,8282,1643.29,440.24,1715.12,590.81,0,0.9
29000,8284,745.98,456.39,865.79,600.39,0,0.47
29010,8282,1633.46,393.15,1700.3,530.42,0,0.77
29010,8284,753.18,457.3,870.37,601.8,0,0.77
29010,8289,968.08,453.23,1049.81,613.37,0,0.8
29010,8242,1075.47,446.65,1154.93,597.05,0,0.84
29020,8282,1630.83,352.63,1695.88,488.41,0,0.78
29020,8284,773.74,458.4,888.73,604.87,0,0.89
29020,8289,946.38,493.87,1035.25,671.92,0,0.92
29020,8242,1098.73,474.17,1185.65,638.39,0,0.92
29030,8282,1626.01,340.75,1689.35,458.87,0,0.67
29030,8284,816.04,456.95,948.44,607.9,0,0.91
29030,8242,1081.95,523.06,1178.92,704.83,0,0.86
29040,8282,1621.95,320.04,1686.06,435.1,0,0.53
29050,8282,1623.55,302.01,1685.19,413.07,0,0.39
29060,8299,3700.44,963.84,4002.82,1232.07,2,0.91
29070,8299,3661.12,958.06,3965.54,1229.51,2,0.74
29080,8299,3635.53,957.92,3937.19,1227.04,2,0.75
29090,8299,3621.53,956.67,3922.52,1225.05,2,0.61
29100,8299,3618.35,960.29,3918.23,1224.63,2,0.73
29100,8315,1568.28,336.15,1638.14,458.03,0,0.46
29110,8299,3614.62,960.63,3909.88,1224.66,2,0.65
29120,8299,3607.44,957.38,3902.13,1223.93,2,0.64
29120,8326,760.79,653.43,864.93,851.16,0,0.65
29130,8299,3604.93,957.75,3891.77,1224.73,2,0.69
29140,8299,3605.05,957.26,3898.1,1224.44,2,0.88
29140,8331,1958.5,452.74,2038.5,620.76,0,0.87
29150,8299,3599.57,957.44,3898.13,1223.14,2,0.68
29150,8331,1948.42,405.85,2025.46,555.63,0,0.9
29160,8299,3597.1,958.25,3897.52,1223.79,2,0.72
29160,8331,1925.36,360.53,2000.16,497.66,0,0.87
29170,8299,3595.2,958.9,3897.42,1223.8,2,0.82
29180,8299,3597.16,960.74,3889.8,1223.51,2,0.72
29190,8299,3591.66,962.14,3892.18,1222.42,2,0.83
29200,8299,3590.69,955.78,3894.36,1223.5,2,0.75
29210,8299,3587.88,953.48,3894.23,1224.29,2,0.8
29220,8299,3587.62,953.05,3894.73,1224.17,2,0.81
29230,8299,3587.64,952.85,3896.11,1223.97,2,0.78
29240,8299,3589.23,952.94,3895.54,1224.09,2,0.69
29250,8299,3589.66,952.79,3894.49,1224.11,2,0.53
29260,8299,3589.66,953.6,3894.44,1224.64,2,0.71
29270,8299,3590.09,954.95,3896.57,1225,2,0.65
29280,8299,3589.62,956.31,3896.91,1225.01,2,0.66
29290,8299,3588.14,957.19,3895.97,1224.94,2,0.77
29290,8384,2183.85,874.12,2325.78,1157.12,0,0.94
29300,8299,3586.78,957.52,3888.85,1223.85,2,0.69
29300,8384,2165.44,801.34,2302.81,1064.36,0,0.92
29310,8384,2119.48,733.69,2249.01,973.27,0,0.92
29320,8299,3582.32,955.02,3886.94,1224.27,2,0.8
29330,8299,3584.11,953.99,3888.76,1224.88,2,0.77
29340,8299,3584.24,952.51,3889.49,1224.69,2,0.71
29350,8299,3584.02,953.08,3886.85,1223.71,2,0.82
29350,8284,1430.55,547.34,1574.96,742.44,0,0.97
29360,8299,3582.8,952.87,3884.77,1223.67,2,0.8
29370,8299,3579.86,954.22,3882.94,1222.82,2,0.79
29370,8407,3358.76,804.13,3538.26,1061.1,0,0.56
29380,8299,3587.35,969.07,3859.83,1218.74,2,0.49
29380,8407,3350.71,800.81,3536.56,994.66,0,0.55
29390,8299,3584.15,990.36,3848.2,1217.56,2,0.75
29400,8299,3586.2,971.69,3839.67,1216.22,2,0.41
29410,8299,3578.67,961.32,3859.37,1220.63,2,0.37
29420,8299,3573.84,957.23,3863.92,1221.77,2,0.53
29420,8423,3589.82,963.56,3856.31,1218.06,2,0.38
29440,8299,3573.91,952.13,3874.31,1222.3,2,0.61
29450,8299,3550.65,947.12,3864.89,1216.86,2,0.54
29450,8423,3556.74,952.04,3852.71,1214.15,2,0.42
29460,8434,727.87,744.33,844.92,980.52,0,0.86
29470,8434,724.71,697.07,830.33,900.75,0,0.62
29470,8437,831.23,567.84,948.84,733.3,0,0.79
29480,8434,711.88,644.2,808.15,842.29,0,0.85
29480,8437,876.5,563.48,997.84,723.8,0,0.7
29490,8437,845.72,572.53,986.73,752.72,0,0.82
29520,8464,2413.02,734.9,2630.91,952.93,0,0.94
29520,8434,680.89,526.63,783.97,698.41,0,0.74
29530,8423,3524.25,906.05,3786.68,1152.57,0,0.94
29540,8407,3251.72,573.97,3429.28,752.21,0,0.92
29550,8503,3028.28,819.38,3242.08,1052.7,0,0.86
29550,8437,937.03,552.65,1075.38,720.46,0,0.84
29560,8505,1901.8,938.34,2065.57,1257.85,0,0.96
29570,8505,1903.76,872.01,2062.24,1179.29,0,0.95
29580,8505,1898.88,827.01,2050.8,1121.86,0,0.96
29580,8503,3097.35,763.43,3342.81,1006.83,0,0.93
29590,8505,1890.28,806.83,2040.19,1089.68,0,0.97
29590,8464,2344.86,663.68,2545.37,880.09,0,0.84
29600,8505,1887.57,789.36,2039.7,1074.59,0,0.95
29610,8505,1885.98,778.26,2040.04,1063.01,0,0.92
29610,8423,3584.26,853.23,3817.08,1112.97,0,0.95
29620,8505,1890.37,774.88,2041.5,1056.06,0,0.95
29630,8505,1893.04,773.8,2042.64,1054.81,0,0.97
29640,8505,1894.27,777.3,2042.9,1055.01,0,0.96
29650,8505,1896.53,780.24,2044.16,1058.19,0,0.97
29660,8505,1895.92,779.13,2044.23,1058.86,0,0.97
29670,8505,1895.08,778.41,2043.22,1058.49,0,0.98
29680,8505,1894.81,779.11,2042.84,1058.68,0,0.97
29690,8505,1895.53,780.74,2042.65,1058.98,0,0.97
29700,8505,1895.47,780.39,2044.37,1057.64,0,0.97
29710,8505,1896.12,782.48,2044.18,1054.36,0,0.98
29720,8505,1895.73,782.15,2044.51,1052.99,0,0.94
29730,8505,1896.09,782.98,2043.7,1058.88,0,0.97
29740,8505,1896,783.8,2043.39,1060.32,0,0.97
29750,8505,1895.78,784.9,2043.37,1062.86,0,0.96
29760,8505,1896.57,783.61,2042.66,1062.09,0,0.97
29770,8505,1896.55,783.09,2043.6,1061.5,0,0.97
29780,8505,1895.14,783.66,2042.07,1060.75,0,0.97
29790,8505,1896.72,785.61,2041.44,1060.4,0,0.97
29800,8505,1897.21,785.99,2041.65,1061.83,0,0.97
29810,8505,1897.43,785.09,2040.9,1062.2,0,0.98
29820,8505,1893.48,784.33,2041.22,1063.53,0,0.97
29830,8505,1893.72,782.5,2042.72,1064.51,0,0.98
29840,8505,1893.37,780.11,2042.92,1065.7,0,0.97
29850,8505,1897.18,774.82,2042.69,1060.09,0,0.54
29860,8505,1896.34,775.71,2044.41,1062.14,0,0.97
29860,8561,673.82,586.7,785.51,781.11,0,0.54
29870,8505,1896.24,778.15,2044.5,1061.72,0,0.98
29880,8505,1896.69,777.55,2046.67,1063.08,0,0.97
29890,8505,1897.07,777.47,2046.99,1064.31,0,0.97
29900,8505,1897.28,778.28,2046.29,1064.81,0,0.97
29910,8505,1897.46,778.82,2045.73,1064.56,0,0.97
29920,8505,1896.95,778.11,2046.04,1065.46,0,0.97
29930,8505,1898.12,777.81,2048.31,1065.29,0,0.97
29940,8505,1897.26,776.49,2047.43,1065.42,0,0.97
29940,8571,3971.5,874.81,4092.04,1148.11,0,0.92
29950,8505,1896.94,776.66,2046.99,1065.56,0,0.97
29950,8571,3990.81,879.78,4095.23,1143.3,0,0.9
29960,8505,1896.48,776.29,2046.45,1065.07,0,0.97
29960,8571,3991,881.9,4096,1142.87,0,0.83
29970,8505,1897.56,775.51,2047.99,1063.99,0,0.97
29970,8571,3994.19,881.49,4096,1144.84,0,0.8
29980,8505,1897.19,775.94,2047.74,1063.95,0,0.97
29980,8571,3995.3,881.04,4096,1145.3,0,0.79
29990,8505,1897,776.17,2046.88,1063.78,0,0.97
29990,8571,3996.77,880.9,4096,1145.13,0,0.84
30000,8505,1896.32,777.25,2045.16,1063.76,0,0.97
30000,8571,3995.54,880.06,4096,1145.19,0,0.7
30010,8505,1897.44,776.74,2046.35,1064.02,0,0.97
30010,8571,3995.83,879.72,4096,1145.09,0,0.8
30020,8505,1897.54,777.59,2046.44,1062.61,0,0.97
30020,8571,3994.66,880.61,4096,1144.45,0,0.84
30030,8505,1896.01,777.19,2045,1062.59,0,0.97
30030,8571,3995.56,880.77,4096,1144.21,0,0.87
30030,8575,2189.03,923.47,2354.37,1210.22,0,0.95
30040,8505,1896,776.25,2045.86,1062.24,0,0.97
30040,8571,3994.11,881.26,4096,1144.14,0,0.83
30040,8575,2177.29,866.22,2338.3,1140.08,0,0.95
30050,8505,1896.38,776.34,2046.77,1062.99,0,0.97
30050,8571,3993.04,881.29,4096,1144.02,0,0.83
30050,8575,2159.58,821.91,2314.23,1087.81,0,0.94
30050,8577,2.8,921.79,156.41,1100.98,0,0.32
30060,8505,1895.99,776.07,2045.44,1063.96,0,0.98
30060,8571,3992.2,881.22,4096,1144.01,0,0.83
30060,8575,2156.77,798.4,2307.03,1063.88,0,0.75
30060,8577,2.71,921.69,156.58,1100.9,0,0.33
30070,8505,1895.62,775.45,2045.89,1062.07,0,0.98
30070,8571,3993.19,881.76,4096,1143.22,0,0.79
30070,8575,2159.48,789.61,2305.72,1052.19,0,0.77
30070,8577,2.53,921.59,156.47,1101.23,0,0.33
30080,8505,1896.04,774.02,2046.59,1061.27,0,0.98
30080,8571,3993.17,882.37,4096,1143.61,0,0.79
30080,8575,2160.96,789.1,2310.63,1049.2,0,0.8
30080,8577,2.51,921.2,156.74,1101.98,0,0.36
30090,8505,1896.2,775.06,2045.57,1061.17,0,0.98
30090,8571,3992.98,882.42,4096,1144.22,0,0.78
30090,8575,2162.19,789.89,2311.48,1050.14,0,0.8
30090,8577,2.27,920.76,156.87,1102.47,0,0.41
30090,8581,3982.58,876.08,4094.14,1147.14,0,0.33
30100,8505,1895.99,775.17,2045.9,1061.53,0,0.97
30100,8571,3994.46,881.66,4096,1144.45,0,0.85
30100,8575,2161.91,790.11,2312.18,1050.8,0,0.71
30100,8577,2.52,921.51,156.49,1098.66,0,0.35
30110,8505,1897.01,776.22,2043.07,1060.73,0,0.92
30110,8571,3994.48,881.32,4096,1144.82,0,0.81
30110,8575,2162.63,790.71,2312.35,1052.18,0,0.74
30110,8577,2.47,921.54,156.41,1098.96,0,0.34
30120,8505,1896.44,775.48,2044.44,1062.44,0,0.97
30120,8571,3993.2,882.23,4096,1144.92,0,0.82
30120,8575,2163.53,792.42,2312.64,1052.74,0,0.78
30120,8577,2.64,922,156.59,1100.34,0,0.39
30120,8561,686.42,514.75,832.67,694.61,0,0.77
30130,8505,1896.61,776.56,2045.03,1062.81,0,0.97
30130,8571,3992.18,882.48,4096,1145.47,0,0.79
30130,8575,2163.52,793.09,2312.84,1053.62,0,0.77
30130,8577,2.59,921.85,156.71,1100.97,0,0.39
30130,8592,3981.63,876.57,4094.41,1147.8,0,0.33
30140,8505,1896.34,777.17,2041.82,1062.66,0,0.97
30140,8571,3988.92,883.28,4095.95,1145.71,0,0.52
30140,8575,2165.25,793.45,2312.58,1054.26,0,0.81
30140,8577,2.72,922.04,156.89,1101.2,0,0.36
30140,8592,3978.46,878.48,4095.32,1147.05,0,0.61
30150,8505,1897.46,773.33,2043.02,1060.61,0,0.95
30150,8571,3990.77,882.49,4096,1146.92,0,0.8
30150,8575,2162.58,792.82,2312.31,1054.93,0,0.78
30150,8577,2.23,921.89,157.1,1100.26,0,0.35
30160,8505,1896.52,775.72,2043.51,1061.65,0,0.98
30160,8571,3991.25,881.95,4096,1147.4,0,0.8
30160,8575,2161.18,798.8,2309.83,1056.14,0,0.93
30160,8577,1.96,921.71,157.22,1100.72,0,0.37
30170,8505,1896.62,776.92,2045.81,1062.63,0,0.98
30170,8571,3985.09,880.15,4093.13,1145.46,0,0.64
30170,8575,2161.31,796.13,2311.98,1058.08,0,0.74
30170,8577,2.14,921.23,156.87,1101.93,0,0.39
30170,8606,3993.05,879.08,4095.74,1145.85,0,0.37
30180,8505,1896.24,776.71,2045.82,1062.65,0,0.97
30180,8571,3983.49,876.32,4093.7,1147.77,0,0.71
30180,8575,2161.24,795.23,2312.91,1058.06,0,0.79
30180,8577,2.38,921.32,156.5,1102.15,0,0.38
30180,8606,3992.89,880.69,4095.94,1146.18,0,0.58
30190,8505,1895.77,776.64,2045.74,1062.65,0,0.97
30190,8575,2161.12,795.17,2313.2,1058.38,0,0.77
30190,8577,2.6,921.3,156.28,1102.26,0,0.35
30190,8606,4001.51,883.89,4096,1139.23,0,0.79
30200,8505,1896.47,774.7,2046.82,1062.97,0,0.97
30200,8575,2161.65,795.55,2313.73,1058.94,0,0.76
30200,8577,3.16,920.87,156.2,1101,0,0.31
30200,8571,3989.14,881.34,4095.34,1144.38,0,0.86
30210,8505,1896.08,775.25,2046.04,1063.99,0,0.97
30210,8575,2161.79,796.11,2313.84,1059.17,0,0.73
30210,8577,3.44,920.96,155.89,1100.19,0,0.3
30210,8571,3990.92,882.37,4095.71,1143.57,0,0.87
30220,8505,1896.61,776.24,2047.75,1062.94,0,0.97
30220,8575,2162.22,795.35,2314.31,1058.59,0,0.86
30220,8577,2.93,922.06,156.68,1099.49,0,0.3
30220,8571,3990.87,882.24,4095.88,1144.12,0,0.8
30230,8505,1895.91,776.78,2045.71,1064.22,0,0.97
30230,8575,2162.27,794.62,2314.6,1059.09,0,0.82
30230,8577,2.63,922.74,156.83,1099.34,0,0.29
30230,8571,3991.18,882.21,4095.89,1144.17,0,0.8
30240,8505,1896.16,776.65,2047.24,1063.45,0,0.97
30240,8575,2162.58,794.75,2314.63,1059.45,0,0.77
30240,8577,2.36,922.81,156.39,1099.11,0,0.32
30240,8571,3991.85,882.21,4095.94,1144.04,0,0.8
30250,8505,1895.53,776.43,2045.3,1063.31,0,0.97
30250,8575,2162.41,795.52,2314.54,1057.8,0,0.84
30250,8577,2.82,922.23,155.88,1099.4,0,0.29
30250,8571,3992.34,882.27,4095.93,1144.43,0,0.86
30260,8505,1896.43,777.11,2046.53,1062.77,0,0.98
30260,8575,2162.56,796.4,2314.32,1057.99,0,0.82
30260,8577,2.9,922.23,155.65,1099.28,0,0.33
30260,8571,3993.75,881.77,4095.97,1144.41,0,0.88
30270,8505,1895.36,776.07,2046.39,1062.83,0,0.97
30270,8575,2162.51,796.62,2314.54,1057.64,0,0.83
30270,8577,3.17,922.65,156.13,1099.79,0,0.36
30270,8571,3994.02,882.52,4095.98,1145.21,0,0.8
30270,8606,3983.68,876.26,4094.07,1148.8,0,0.4
30280,8505,1896.35,776.27,2048.06,1063.53,0,0.97
30280,8575,2162.62,796.18,2314.76,1059.55,0,0.8
30280,8577,3.36,922.78,156.37,1100.06,0,0.35
30280,8571,3993.83,882.84,4095.98,1145.69,0,0.79
30280,8606,3982.52,875.97,4094.06,1149.5,0,0.42
30290,8505,1895.88,776.24,2047.91,1063.71,0,0.97
30290,8575,2162.32,796.49,2314.83,1059.81,0,0.8
30290,8577,3.39,922.95,156.4,1099.76,0,0.35
30290,8571,3993.69,883.03,4095.95,1145.72,0,0.8
30290,8606,3982.21,876,4094.01,1149.47,0,0.38
30300,8505,1895.65,777.25,2046.56,1065.19,0,0.97
30300,8575,2161.84,795.7,2316.21,1062.25,0,0.47
30300,8577,3.25,923.62,156.64,1101.07,0,0.35
30300,8571,3993.35,882.9,4095.96,1144.98,0,0.84
30310,8505,1896.53,776.98,2047.41,1065.18,0,0.97
30310,8577,3.51,924.03,156.66,1101.02,0,0.34
30310,8571,3994.66,882.22,4096,1143.67,0,0.88
30320,8505,1895.09,777.87,2045.77,1064.68,0,0.98
30320,8577,3.22,923.92,155.78,1100.66,0,0.33
30320,8571,3994.83,880.91,4095.97,1145.25,0,0.83
30330,8505,1896.82,777.81,2048.06,1063.96,0,0.97
30330,8577,3.13,923.86,155.5,1100.63,0,0.31
30330,8571,3994.24,881.05,4095.99,1145.46,0,0.83
30340,8505,1895.72,777.94,2046.25,1063.39,0,0.97
30340,8577,3.17,923.51,155.38,1100.51,0,0.33
30340,8571,3996.93,882.63,4095.97,1146.99,0,0.82
30340,8606,3983.12,878.61,4091.81,1150.84,0,0.46
30340,8575,2162.13,793.78,2315.74,1062.59,0,0.77
30350,8505,1895.79,776.97,2047.74,1061.94,0,0.97
30350,8577,3.81,923.56,155.67,1099.95,0,0.35
30350,8571,3994.83,881.79,4096,1144.89,0,0.82
30350,8575,2162.5,795.26,2315.69,1062.9,0,0.69
30360,8505,1895.17,777.33,2045.49,1061.96,0,0.98
30360,8577,4.1,923.38,155.65,1100.2,0,0.37
30360,8571,3993.83,881.44,4095.97,1144.22,0,0.81
30360,8575,2164.02,796.73,2316.07,1063.67,0,0.52
30370,8505,1896,776.73,2046.65,1063.34,0,0.98
30370,8577,3.8,922.74,156.4,1100.9,0,0.33
30370,8571,3993.38,881.43,4095.99,1144.96,0,0.83
30370,8575,2165.59,796.82,2316.56,1067.13,0,0.38
30380,8505,1896.46,777.07,2046.03,1062.33,0,0.98
30380,8571,3993.27,881.59,4095.96,1145.59,0,0.84
30390,8505,1896.64,776.98,2045.21,1062.99,0,0.97
30390,8571,3992.92,881.64,4095.97,1145.86,0,0.83
30390,8577,3.59,922.99,156.27,1100.24,0,0.35
30400,8505,1897.44,777.26,2046.85,1063.12,0,0.98
30400,8571,3993.29,881.81,4095.99,1145.67,0,0.83
30400,8577,4.15,921.94,156.29,1100.03,0,0.31
30400,8575,2164.28,799.18,2318.02,1064.49,0,0.39
30410,8505,1896.83,777.56,2045.91,1062.16,0,0.98
30410,8571,3993.32,881.85,4095.99,1145.37,0,0.83
30410,8575,2164.04,800.22,2318.6,1063.88,0,0.25
30420,8505,1896.58,777.22,2046.98,1063.16,0,0.97
30420,8571,3993.55,881.79,4095.99,1145.28,0,0.84
30420,8577,4.01,922.67,156.05,1098.09,0,0.32
30430,8505,1895.5,777.55,2045.68,1063.32,0,0.98
30430,8571,3993.81,881.6,4096,1145.75,0,0.84
30430,8577,3.54,922.43,156.08,1097.66,0,0.32
30430,8575,2161.55,800.51,2317.76,1063.05,0,0.72
30440,8505,1896.04,777.54,2044.48,1063.15,0,0.97
30440,8571,3993.72,881.8,4096,1145.55,0,0.84
30440,8577,3.48,922.33,156.02,1097.05,0,0.31
30450,8505,1896.49,777.83,2045.04,1063.36,0,0.97
30450,8571,3994.04,881.96,4095.99,1145.43,0,0.82
30450,8577,3.88,921.64,155.42,1099.09,0,0.27
30460,8505,1895.63,778.83,2044.31,1063.05,0,0.98
30460,8571,3994.17,881.82,4095.99,1145.39,0,0.83
30460,8577,3.88,921.31,155.41,1100.04,0,0.29
30460,8575,2164.85,798.08,2316.72,1063.95,0,0.25
30470,8505,1895.3,778.11,2044.2,1061.99,0,0.98
30470,8571,3994.45,882.14,4095.99,1144.42,0,0.87
30470,8577,3.41,921.8,155.47,1100.12,0,0.36
30480,8505,1896.12,778.11,2044.17,1062.74,0,0.97
30480,8571,3995.39,883.7,4096,1143.74,0,0.88
30480,8577,3.33,922.01,155.32,1100,0,0.37
30490,8505,1896.25,778.3,2044.56,1062.89,0,0.98
30490,8571,3994.39,883.13,4096,1144.02,0,0.85
30490,8577,3.41,922.18,155.29,1099.76,0,0.36
30500,8505,1896.69,778.66,2045.43,1061.69,0,0.97
30500,8571,3995.05,882.19,4096,1143.95,0,0.84
30500,8577,3.87,923.15,155.79,1100.74,0,0.38
30510,8505,1896.97,779.61,2044.85,1062.36,0,0.98
30510,8571,3994.51,881.29,4096,1144.14,0,0.85
30510,8577,4,923.64,156.17,1101.16,0,0.37
30510,8575,2172.11,803.96,2321.68,1061.31,0,0.38
30520,8505,1896.22,779.23,2045.25,1062.1,0,0.98
30520,8571,3993.54,881.63,4095.99,1145.44,0,0.83
30520,8577,3.73,921.78,156.41,1100.59,0,0.37
30530,8505,1895.94,778.95,2045.33,1061.83,0,0.98
30530,8571,3992.54,881.08,4096,1145.56,0,0.83
30530,8577,3.68,921.22,155.78,1098.47,0,0.35
30530,8575,2166.53,799.72,2317.64,1063.72,0,0.55
30540,8505,1896.31,780.11,2046.21,1061.06,0,0.97
30540,8571,3991.21,880.34,4095.99,1145.84,0,0.8
30540,8577,3.75,921.63,156,1099.03,0,0.35
30540,8575,2165.94,799.24,2315.93,1064.46,0,0.66
30550,8505,1896.4,778.97,2045.74,1061.12,0,0.98
30550,8571,3991.91,881.49,4095.98,1145.08,0,0.84
30550,8577,3.6,922.1,155.92,1099.86,0,0.29
30550,8575,2165.07,798.37,2315.16,1063.91,0,0.68
30560,8505,1896.36,778.6,2045.03,1062.04,0,0.97
30560,8571,3992.76,881.49,4095.97,1144.84,0,0.85
30560,8577,3.39,922.28,155.92,1100.52,0,0.32
30570,8505,1895.49,777.59,2044.82,1062.48,0,0.98
30570,8571,3993.23,880.98,4095.98,1145.65,0,0.8
30570,8577,3.96,922.97,156.59,1100.83,0,0.36
30580,8505,1895.65,776.75,2044.87,1062.05,0,0.97
30580,8571,3993.19,880.99,4095.97,1146.22,0,0.8
30580,8577,4.18,923.43,156.75,1100.36,0,0.37
30590,8505,1896.19,776.07,2045.38,1063.02,0,0.98
30590,8571,3993.29,881.1,4096,1146.27,0,0.81
30590,8577,3.95,923.56,156.93,1100.41,0,0.39
30600,8505,1895.33,776.55,2045.39,1063.91,0,0.97
30600,8571,3994.52,881.06,4095.99,1145.67,0,0.82
30600,8577,3.82,923.37,156.23,1100.54,0,0.38
30600,8575,2164.01,799.66,2318.46,1065.32,0,0.3
30610,8505,1895.15,776.87,2045.54,1064.83,0,0.97
30610,8571,3995.38,880.96,4096,1145.61,0,0.83
30610,8577,3.63,922.94,156.23,1100.75,0,0.38
30610,8575,2163.87,800.33,2318.8,1065.29,0,0.43
30620,8505,1895.8,775.04,2045.06,1063.65,0,0.97
30620,8571,3994.51,880.79,4096,1145.35,0,0.83
30620,8577,3.58,922.87,156.51,1100.6,0,0.38
30620,8575,2170.33,801.75,2321.04,1063.64,0,0.83
30630,8505,1896.12,775.85,2045.54,1064.03,0,0.98
30630,8571,3993.59,881.24,4096,1144.81,0,0.84
30630,8577,3.51,922.54,156.63,1100.57,0,0.39
30630,8575,2165.47,800.91,2318.45,1064.5,0,0.85
30640,8505,1896.14,776.55,2045.78,1063.33,0,0.98
30640,8571,3993.53,881.39,4096,1144.62,0,0.85
30640,8577,3.48,922.45,156.71,1100.49,0,0.39
30640,8575,2163.99,799.95,2316.35,1064.51,0,0.89
30650,8505,1895.65,772.03,2046.38,1062.72,0,0.97
30650,8571,3994.55,881.86,4096,1144.6,0,0.84
30650,8577,3.28,923.46,155.46,1099.11,0,0.35
30650,8575,2163.46,800.24,2314.67,1062.73,0,0.74
30650,8671,2398.88,1119.31,2562.38,1476.9,0,0.95
30660,8505,1895.68,748.28,2041.5,1021.97,0,0.98
30660,8577,3.15,924.05,155.1,1098.54,0,0.35
30660,8575,2163.23,801.86,2314.28,1062.14,0,0.94
30660,8671,2406.8,1050.02,2559.2,1375.71,0,0.53
30660,8606,3821.98,910.4,4078.65,1185.21,0,0.87
30670,8505,1890.87,720.93,2027.56,976.34,0,0.8
30670,8577,3.04,923.06,155.4,1099.95,0,0.37
30670,8575,2162.96,802.01,2313.43,1063.88,0,0.93
30670,8671,2417.09,963.58,2563.55,1268.85,0,0.89
30670,8606,3874.71,871.62,4065.8,1129.38,0,0.82
30680,8505,1879.12,692.45,2015.67,936.82,0,0.95
30680,8577,3.12,922.61,155.39,1100.1,0,0.34
30680,8575,2163.08,802.33,2313.07,1063.73,0,0.88
30680,8671,2406.24,892.84,2545.27,1184.75,0,0.63
30680,8677,2758.63,1206.21,2927.63,1573.54,0,0.94
30690,8505,1886.69,653.09,2016.64,884.94,0,0.98
30690,8577,3.36,922.68,155.27,1100.24,0,0.35
30690,8575,2164.92,802.37,2315.54,1063.61,0,0.41
30690,8671,2379.24,818.75,2517.54,1088.28,0,0.94
30690,8677,2767.78,1103.7,2926.75,1450.9,0,0.93
30700,8505,1900.51,604.69,2021.95,821.49,0,0.98
30700,8577,4.42,922.52,155.3,1099.51,0,0.29
30700,8575,2167.92,799.88,2314.4,1060.44,0,0.8
30700,8671,2361.1,749.8,2483.82,993.43,0,0.81
30700,8677,2762.73,1000.9,2907.79,1327.11,0,0.93
30710,8505,1907.57,548.09,2017.85,745.65,0,0.95
30710,8577,4.68,922.6,155.38,1099.01,0,0.29
30710,8575,2165,799.85,2313.58,1060.78,0,0.94
30710,8671,2322.91,687.14,2438.74,911.82,0,0.93
30710,8677,2748.9,917.22,2887.83,1215.41,0,0.84
30720,8505,1906.7,493.43,2004.47,673.74,0,0.86
30720,8577,4.34,923.25,155.82,1098.55,0,0.28
30720,8575,2167.71,783.16,2313.79,1043.07,0,0.87
30720,8671,2278.08,631.9,2391.09,837.99,0,0.92
30720,8677,2714.81,838.49,2844.98,1122.28,0,0.8
30730,8577,4.34,923.35,155.79,1098.19,0,0.25
30730,8575,2167.36,742.53,2309.45,992.78,0,0.88
30730,8671,2233.97,579.88,2340.85,774.07,0,0.65
30730,8677,2667.4,763.44,2785.57,1026.71,0,0.52
30740,8577,4.56,923.77,155.64,1097.94,0,0.25
30740,8575,2164.67,690.28,2292.45,920.6,0,0.87
30740,8671,2190.33,536.92,2293.07,708.97,0,0.85
30740,8677,2600.66,696.99,2716.2,930.77,0,0.94
30740,8505,1907.53,388.87,1989.77,539.27,0,0.85
30750,8577,3.99,924.22,155.26,1098.47,0,0.31
30750,8671,2161.91,491.08,2258.23,653.71,0,0.5
30750,8677,2524.65,631.09,2635.6,845.92,0,0.9
30750,8505,1910.91,352.28,1986.94,480.81,0,0.84
30760,8577,3.81,924.31,155.1,1097.92,0,0.29
30760,8677,2448.21,575.34,2552.07,773.29,0,0.88
30760,8505,1903.78,314.04,1971.04,436.35,0,0.86
30760,8710,2077.41,267.09,2168.01,362.65,0,0.41
30760,8712,2609.91,427.58,2685.27,566.5,0,0.78
30770,8677,2385.06,524.44,2478.9,706.89,0,0.88
30780,8677,2331.45,482.67,2417.67,652.58,0,0.88
30790,8677,2282.41,446.55,2363.54,602.14,0,0.86
30790,8571,3914.56,933.03,4091.59,1185.15,0,0.8
30800,8677,2231.46,421.56,2309.39,559.91,0,0.75
30800,8577,4.12,922.8,156.53,1099.55,0,0.3
30810,8677,2180.89,389.57,2254.83,524.54,0,0.79
30810,8577,4.08,922.87,156.67,1099.27,0,0.3
30820,8677,2145.57,363.73,2209.62,483.99,0,0.79
30820,8577,4.41,923.89,155.85,1097.68,0,0.33
30820,8780,1183.89,391.86,1254.1,533.81,0,0.86
30830,8577,4.61,922.93,155.49,1096.87,0,0.32
30830,8780,1159.76,424.17,1233.76,575.19,0,0.86
30850,8577,3.98,923.38,155.54,1097.63,0,0.39
30860,8577,3.97,923.7,155.25,1097.32,0,0.3
30870,8577,4.03,922.1,155.57,1097.65,0,0.28
30880,8577,4.05,920.87,155.96,1097.21,0,0.31
30880,8835,1470.59,493.51,1559.12,664.53,0,0.86
30890,8835,1466.07,460.65,1550.08,617.36,0,0.71
30900,8835,1437.27,431.12,1512.05,564.83,0,0.82
30900,8850,1512.97,514.29,1600.9,687.15,0,0.93
30900,8577,3.64,922.98,155.46,1098.04,0,0.42
30910,8850,1501.05,468.26,1588.54,632.11,0,0.94
30910,8577,3.81,923.53,155.38,1097.64,0,0.35
30920,8577,3.13,921.97,155.81,1097.21,0,0.27
30930,8577,2.95,920.86,155.16,1096.95,0,0.39
30950,8577,4.71,922.77,155.85,1096.74,0,0.26
30970,8577,4.03,922.05,156.15,1097.97,0,0.28
30980,8901,932.67,398.44,1005.15,525.71,0,0.84
30990,8577,4.29,922.67,155.83,1096.28,0,0.27
31000,8575,2100.46,405.29,2247.36,537.01,0,0.65
31010,8915,1776.3,511.77,1883.28,694.87,0,0.96
31020,8915,1756.63,475.56,1852.11,645.36,0,0.94
31030,8915,1722.58,437.37,1812.42,596.82,0,0.77
31040,8915,1694.01,403.37,1781.2,557.14,0,0.64
31040,8930,3173.03,451.95,3257.36,610.34,0,0.59
31050,8915,1670.05,387.34,1751.03,530.87,0,0.86
31050,8930,3169.95,451.04,3264.51,606.94,0,0.39
31060,8915,1645.17,384.72,1717.65,509.01,0,0.61
31060,8930,3171.06,448.96,3265.28,606.54,0,0.34
31060,8577,2.66,921.65,156.61,1095.66,0,0.28
31070,8915,1613.31,381.47,1699.61,492.67,0,0.38
31080,8915,1588.68,361.24,1668.48,477.94,0,0.47
31080,8930,3181.88,452.02,3270.64,609.99,0,0.64
31090,8915,1566.95,341,1645.76,464.17,0,0.7
31090,8951,3182.05,450.2,3269.25,610.83,0,0.4
31090,8930,3182.52,450.28,3269.61,610.66,1,0.4
31100,8915,1558.1,326.92,1632.77,448.71,0,0.73
31110,8915,1556.82,316.17,1628.15,436.56,0,0.77
31110,8577,4.33,922.68,155.73,1096.72,0,0.29
31110,8951,3173.73,449.32,3261.4,607.78,0,0.72
31120,8915,1552.48,320.93,1622.67,434.87,0,0.66
31120,8577,4.06,922.74,156.21,1098.26,0,0.33
31130,8915,1546.58,323.62,1612.66,427.76,0,0.59
31130,8577,4.35,923.11,156.18,1097.06,0,0.27
31130,8959,1992.29,459.17,2071.78,628.15,0,0.92
31130,8951,3170.56,453.96,3259.9,607.64,0,0.82
31140,8915,1543.46,310.5,1605.3,414.97,0,0.61
31140,8577,4.4,923.58,155.84,1097.28,0,0.3
31140,8959,1974.03,447.94,2050.28,602.04,0,0.93
31140,8930,3187.61,462.39,3270.02,620.93,0,0.75
31150,8577,4.42,924.14,155.01,1095.82,0,0.27
31150,8959,1958.5,439.76,2026.14,572.46,0,0.59
31150,8930,3193.86,465.35,3286.27,622.46,0,0.74
31160,8959,1939.3,417.56,2003.88,548.04,0,0.82
31160,8930,3207.95,476.43,3308.38,620.13,0,0.38
31170,8959,1926.53,401.98,1993.44,528.35,0,0.8
31180,8959,1913.94,372.46,1988.94,512.21,0,0.59
31180,8577,3.83,924.41,154.86,1095.54,0,0.28
31190,8981,1917.37,411.34,1986.9,516.33,0,0.45
31210,8959,1874.24,370.98,1940.14,484.98,0,0.54
31210,8577,5.05,923.77,155.71,1095.94,0,0.25
31220,8959,1843.89,364.01,1904.2,474.66,0,0.78
31230,8959,1818.02,345.59,1877.84,455.21,0,0.48
31230,8577,4.5,925.05,155.46,1096.71,0,0.3
31240,8959,1799.94,337.56,1858.3,441.9,0,0.73
31240,9013,1701.32,345.91,1759.39,458.11,0,0.74
31240,8577,4.28,925.39,155.34,1096.88,0,0.32
31250,9013,1703.06,322.89,1758.25,434.17,0,0.65
31250,8577,4.49,924.28,155.28,1096.31,0,0.27
31260,9013,1712.72,300.88,1773.45,414.03,0,0.56
31260,8577,4.26,924.26,155.61,1096.45,0,0.33
31270,9013,1729.86,284.1,1788.68,391,0,0.44
31270,8577,3.54,924.26,155.46,1095.7,0,0.27
31280,9013,1745.75,269.79,1800.73,371.77,0,0.57
31280,9038,3898.32,928.15,4056.75,1201.43,0,0.89
31290,8577,4.13,924.3,155.5,1095.45,0,0.25
31300,9048,3628.27,942.62,3890.06,1209.35,0,0.97
31300,8577,4.52,924.44,155.11,1096.65,0,0.34
31310,9048,3538.05,937.18,3810.32,1208.79,0,0.96
31310,8577,4.61,924.51,154.96,1096.32,0,0.31
31320,9048,3466.04,935.3,3738.49,1206.98,0,0.95
31330,9048,3414.63,935.65,3703.26,1202.32,0,0.68
31340,9048,3395.93,936.69,3693.09,1202.12,0,0.9
31350,9048,3393.79,937.18,3691.51,1201.81,0,0.71
31350,9068,2474.81,797.93,2595.51,1034.01,0,0.95
31350,8577,4.7,925.18,155.11,1097.27,0,0.25
31360,9048,3396.12,936.78,3691.96,1201.27,0,0.61
31360,9068,2462.61,720.74,2575.45,932.27,0,0.95
31360,8577,4.78,924.51,155.03,1097.41,0,0.3
31370,9048,3399.02,935.78,3693.45,1200.56,0,0.76
31370,9068,2452.45,645.25,2553.63,840.32,0,0.95
31370,8577,5.25,925.14,154.79,1096.13,0,0.28
31380,9048,3398.8,935.42,3695.03,1200.07,0,0.34
31380,9068,2445.29,584.33,2541.66,764.29,0,0.79
31380,8577,5.16,924.76,155.11,1096.29,0,0.29
31390,9048,3399.05,934.4,3696.28,1200.11,0,0.36
31390,9068,2441.3,535.9,2534.68,704.06,0,0.93
31390,8577,5,924.87,155.27,1096.57,0,0.3
31400,9048,3400.57,934.6,3698.25,1200.54,0,0.78
31400,9068,2441.05,493.2,2527.09,654.11,0,0.91
31400,8577,4.79,924.81,155.33,1095.64,0,0.29
31410,9048,3401.43,936.97,3699.71,1201.23,0,0.54
31410,9068,2439.16,462.31,2520.1,612.27,0,0.92
31410,8577,4.52,924.36,155.44,1095.45,0,0.28
31420,9048,3402.4,937.18,3700.53,1200.79,0,0.7
31420,9068,2443.97,430.82,2519.49,573.99,0,0.51
31420,8577,4.53,923.72,155.11,1096.4,0,0.33
31430,9048,3403.08,936.23,3700.55,1200.25,0,0.55
31430,9068,2458.65,403,2529.27,538.82,0,0.81
31440,9048,3404.57,935.94,3701.36,1200.27,0,0.68
31440,9068,2472.19,383.84,2546.28,518.81,0,0.78
31440,8577,4.83,923.6,154.57,1095.9,0,0.28
31450,9048,3405.19,936.34,3701.4,1200.63,0,0.64
31460,9048,3405.88,937.04,3701.64,1200.76,0,0.69
31470,9048,3405.91,936.49,3703.98,1201.58,0,0.74
31470,8577,4.42,924.97,155.03,1094.72,0,0.3
31480,9048,3406.23,936.17,3705.04,1201.98,0,0.78
31480,8577,3.81,925.16,155.18,1095.37,0,0.34
31490,9048,3405.93,939.1,3704.91,1201.86,0,0.63
31490,8577,3.78,925.44,155.33,1095.18,0,0.33
31500,9048,3407.17,939.02,3705.38,1201.48,0,0.76
31500,8577,4.46,924.94,155.2,1095.41,0,0.36
31510,9048,3407.61,939.26,3706.44,1201.45,0,0.85
31520,9048,3411.52,938.62,3706.92,1201.52,0,0.9
31520,8577,4.21,924.06,155.55,1095.4,0,0.32
31530,9048,3401.38,937.99,3689.8,1200.89,0,0.87
31530,8577,4.7,924.4,155.66,1095.03,0,0.28
31540,9048,3338.72,942.53,3612.2,1197.11,0,0.95
31540,8577,4.75,924.89,155.31,1094.85,0,0.32
31550,8577,4.28,925.67,155.69,1095.92,0,0.34
31560,8577,4,926.03,155.57,1096.15,0,0.38
31570,8577,3.97,926.24,155.57,1095.9,0,0.31
31580,8577,4.21,926.06,155.68,1096.15,0,0.3
31590,8577,3.53,925.49,156,1096.73,0,0.42
31600,8577,2.88,924.63,155.81,1097.99,0,0.41
31600,9133,1048.43,573.25,1233.92,776.01,0,0.77
31610,8577,2.77,924.07,156.12,1098.3,0,0.45
31610,9139,1330.11,561.8,1504.93,733.78,0,0.79
31620,8577,3.11,923.86,156.19,1098.08,0,0.37
31620,9141,3063.33,513.12,3157.84,697.37,0,0.51
31620,9147,2258.35,572.18,2481.76,771.1,0,0.93
31620,9133,1063.82,554.81,1166.83,737.93,0,0.84
31630,8577,3.28,924.42,156.33,1097.87,0,0.36
31630,9151,2840.33,615.22,3038.61,816.59,0,0.83
31630,9153,1701.2,632.36,1911.79,839.57,0,0.94
31640,8577,3.41,923.4,156.49,1097.44,0,0.39
31640,9157,2007.62,658.59,2218.05,869.9,0,0.93
31640,9048,3201.89,942.9,3474.98,1199.38,0,0.87
31640,9147,2277.53,629.61,2470.86,836.35,0,0.77
31650,8577,3.59,923.11,156.52,1097.46,0,0.39
31650,9147,2291.76,684.62,2502.31,905.38,0,0.48
31650,9151,2877.38,665.69,3065.44,874.16,0,0.94
31660,8577,3.42,922.81,156.77,1097.77,0,0.45
31660,9177,2604.28,720.27,2823.14,946.26,0,0.91
31670,8577,3.83,924.38,156.74,1096.61,0,0.35
31670,9180,3295.72,739.95,3514.74,972.7,0,0.58
31670,9181,2140.63,999.48,2292.42,1328.94,0,0.92
31670,9151,2911.16,762.41,3154.7,1001.33,0,0.9
31680,8577,4.5,924.99,156.16,1095.48,0,0.29
31680,9180,3276.19,796.51,3510.77,1037.59,0,0.94
31680,9181,2157.92,924.86,2295.69,1221.12,0,0.9
31680,9133,998.57,534.01,1093.7,712.25,0,0.83
31690,8577,3.13,923.55,156.45,1097.22,0,0.34
31690,9181,2160.08,853.44,2303.66,1137.81,0,0.9
31690,9190,708.69,613.23,820.82,822.3,3,0.63
31690,9133,988.34,578.29,1090.6,765.56,1,0.59
31700,8577,2.73,922.59,156.59,1097.67,0,0.32
31700,9181,2163.35,817.19,2304.28,1084.15,0,0.94
31700,9190,705.65,609.73,815.29,820.58,3,0.44
31710,8577,2.48,922.57,156.47,1097.71,0,0.33
31710,9181,2163.35,788.33,2304.18,1062.34,0,0.85
31710,9190,704.4,610.72,813.49,815.24,0,0.28
31720,8577,3.1,925.28,157.15,1097.66,0,0.35
31720,9181,2171.36,780.69,2308.91,1058.05,0,0.82
31720,9190,703.03,606.19,814.84,821.52,3,0.5
31730,8577,3.84,926.05,157.07,1096.04,0,0.33
31730,9181,2171.28,781.56,2310.95,1053.72,0,0.76
31730,9190,705.6,605.52,815.07,822.46,3,0.28
31730,9200,3048.47,793.84,3186.49,1042.66,0,0.71
31740,8577,2.96,924.82,156.59,1096.17,0,0.34
31740,9181,2170.36,784.16,2311.02,1056.09,0,0.87
31740,9190,704.67,603.53,813.53,820.41,3,0.6
31750,8577,2.88,924.42,155.99,1096.17,0,0.34
31750,9181,2173.32,785.58,2312.15,1055.73,0,0.95
31750,9190,707.25,606.07,813.26,822.76,3,0.48
31760,8577,2.99,923.49,156.14,1096.63,0,0.36
31760,9181,2171.24,786.82,2312.13,1054.57,0,0.95
31760,9190,708.02,604.51,815.61,810.82,3,0.57
31760,9211,2299.09,934.62,2440.76,1221.92,0,0.7
31760,9212,2912.32,923.82,3061.03,1194.22,0,0.94
31770,8577,3.73,924.49,156.79,1094.72,0,0.3
31770,9181,2172.06,788.05,2311.81,1064.02,0,0.88
31770,9190,703.77,589.27,808.12,794.47,3,0.54
31780,8577,3.85,923.8,157.51,1094.56,0,0.46
31780,9181,2171.54,788.76,2311.32,1067.19,0,0.64
31780,9217,2361.46,828.62,2501.31,1080.2,0,0.75
31790,8577,2.81,924.77,156.29,1096.24,0,0.44
31790,9181,2169.82,792.92,2309.64,1065.53,0,0.88
31790,9217,2368.48,799.36,2502.75,1053.14,0,0.75
31790,9221,2369.79,796.63,2504.38,1050.47,1,0.49
31800,8577,2.49,924.07,156.01,1096.55,0,0.43
31800,9181,2169.24,796.54,2308.23,1065.73,0,0.9
31800,9217,2368.07,780.94,2497.63,1032.81,1,0.77
31800,9221,2367.66,783.51,2497.79,1035.17,0,0.4
31810,8577,2.27,924.23,155.85,1096.83,0,0.43
31810,9181,2168.29,797.76,2306.91,1065.86,0,0.9
31820,8577,3.36,924.2,156.84,1097.9,0,0.42
31820,9181,2168.11,799.46,2307.37,1066.2,0,0.94
31820,9217,2366.73,776.4,2496.89,1032.46,1,0.93
31830,8577,3.58,923.04,157.73,1098.27,0,0.38
31830,9181,2167.97,799.83,2307.9,1067.04,0,0.93
31830,9217,2366.1,777.2,2498.37,1033.23,1,0.85
31840,9181,2166.85,797.88,2309.6,1068.8,0,0.89
31840,9217,2365.28,778.07,2499.31,1032.53,1,0.78
31840,9243,2365.36,781.54,2499.35,1035.39,0,0.45
31850,9181,2167.39,798.04,2310.02,1069.07,0,0.84
31850,9217,2365.46,778.3,2499.82,1031.26,1,0.59
31850,9243,2365.75,781.18,2499.68,1033.67,0,0.61
31850,9139,1424.46,507.23,1570.58,688.26,0,0.94
31860,9181,2169.21,799.36,2309.3,1069.21,0,0.61
31860,9217,2366.56,779.29,2499.21,1030.65,0,0.32
31860,9243,2367.04,781.82,2498.89,1032.66,1,0.83
31860,9190,705,586.03,810.12,790.6,0,0.76
31860,8577,3.76,921.25,156.91,1097.02,0,0.32
31870,9181,2169.09,800.43,2308.18,1068.52,0,0.91
31870,9259,2350.71,605.02,2541.19,799.91,0,0.94
31870,9190,695.91,568.75,801.88,761.89,0,0.48
31870,8577,2.98,922.52,157.59,1098.17,0,0.4
31880,9181,2169.07,799.09,2307.5,1068.06,0,0.82
31880,8577,2.82,922.87,157.84,1098.03,0,0.42
31880,9153,1690.59,603.24,1853.13,792.23,0,0.92
31880,9217,2367.54,781.7,2499.61,1031.16,1,0.84
31890,9181,2170.95,799.73,2306.19,1069.67,0,0.86
31890,8577,3.55,923.67,157.22,1097.72,0,0.35
31890,9217,2369.06,783.5,2500.21,1031.19,0,0.84
31890,9157,2068.05,643.45,2239.75,830.75,0,0.88
31900,9181,2168.92,799.81,2307.63,1070.02,0,0.83
31900,8577,3.73,923.95,156.92,1096.59,0,0.36
31900,9217,2369.03,784.79,2498.39,1031.78,0,0.9
31910,9181,2168.03,799.25,2308.5,1070.73,0,0.79
31910,8577,3.97,922.97,157.18,1096.16,0,0.38
31910,9217,2368.18,784.18,2500.1,1032.65,1,0.66
31910,9200,2929.72,776.14,3131,1005.43,0,0.92
31910,9139,1487.24,487.71,1643.22,672.47,0,0.97
31920,9181,2168.24,799.22,2308.19,1071.26,0,0.77
31920,8577,4.39,923.5,156.63,1099.2,0,0.41
31920,9217,2369.48,783.04,2500.81,1033.56,1,0.93
31930,9181,2168.36,800.85,2307.64,1071.26,0,0.93
31930,8577,4.74,924.65,156.09,1100.86,0,0.43
31930,9217,2369.91,783.97,2500.27,1033.69,1,0.67
31940,9181,2168.53,801.21,2307.16,1071.28,0,0.9
31940,8577,4.88,924.52,156.15,1101.4,0,0.42
31940,9217,2370,783.19,2500.54,1033.52,1,0.89
31950,9181,2167.32,800.31,2307.43,1072.75,0,0.94
31950,8577,3.84,924.09,156.23,1100.73,0,0.44
31950,9217,2370.36,782.44,2500.37,1033.91,1,0.91
31960,9181,2166.72,800.1,2307.6,1073.24,0,0.95
31960,8577,3.91,924.71,156.14,1099.01,0,0.41
31960,9217,2369.99,782.02,2500.75,1034.3,1,0.75
31970,9181,2166.92,800.13,2308.37,1072.98,0,0.89
31970,8577,4.73,924.54,157.08,1097.75,0,0.33
31970,9217,2368.27,782.16,2500.78,1033.07,1,0.74
31970,9287,2367.73,782.7,2500.75,1033.29,0,0.47
31980,9181,2167.1,801.21,2308.02,1072.84,0,0.93
31980,8577,4.25,923.98,157.31,1097.85,0,0.35
31990,9181,2166.65,800.62,2308.45,1072.56,0,0.9
31990,8577,3.99,923.85,157.09,1097.37,0,0.39
31990,9217,2368.51,782.59,2502.29,1033.27,1,0.84
32000,9181,2166.39,800.91,2307.92,1071.76,0,0.9
32000,8577,3.53,922.98,156.06,1096.75,0,0.37
32000,9217,2370.4,783.13,2501.02,1032.99,1,0.95
32010,9181,2167.67,801.99,2307.1,1071,0,0.91
32010,8577,3.43,922.85,155.51,1096.06,0,0.36
32010,9217,2371.5,783.6,2500.6,1032.2,1,0.94
32020,9181,2167.25,801.91,2307.33,1069.91,0,0.87
32020,8577,3.98,923.08,155.05,1094.43,0,0.37
32020,9217,2369.46,783.72,2499.09,1033.53,1,0.83
32030,9181,2166.82,801.43,2307.66,1069.28,0,0.83
32030,8577,3.96,922.54,155.12,1094.31,0,0.38
32030,9217,2368.42,784.08,2498.65,1034.15,1,0.78
32030,9290,2367.93,784.37,2498.48,1034.67,0,0.4
32040,9181,2167.03,801.46,2307.71,1068.95,0,0.83
32040,8577,4.26,922.58,155.01,1093.92,0,0.36
32040,9217,2368.86,784.76,2499.05,1034.08,1,0.86
32040,9290,2368.83,785.06,2499.15,1034.32,0,0.27
32050,9181,2167.61,801.18,2307.57,1068.87,0,0.77
32050,8577,3.6,923.72,155.99,1094.72,0,0.42
32060,9181,2167.22,801.03,2307.65,1068.78,0,0.85
32060,8577,3.03,923.98,156.63,1095.24,0,0.44
32060,9217,2369.08,784.12,2499.61,1034.24,1,0.93
32070,9181,2167.6,798.83,2308.04,1069.64,0,0.6
32070,8577,4.19,924.03,155.7,1094.05,0,0.39
32070,9217,2369.44,783.28,2499.74,1032.3,1,0.89
32080,9181,2169.8,794.54,2309.01,1073.49,0,0.59
32080,8577,4.88,924.22,155.37,1093.66,0,0.38
32080,9217,2369,783.01,2499.6,1031.78,1,0.89
32080,9298,2168.3,796.71,2308.27,1071.13,0,0.39
32090,9181,2172.53,794.56,2308.44,1076,0,0.61
32090,8577,4.01,923.38,156.45,1094.79,0,0.41
32090,9217,2367.88,783.62,2499.94,1033.03,1,0.72
32090,9298,2169.46,800.02,2307.25,1069.81,0,0.64
32100,8577,4.05,922.56,156.88,1094.34,0,0.42
32100,9217,2364.56,771.07,2498.94,1032.96,0,0.49
32110,8577,4.02,923.31,157.41,1094.1,0,0.39
32110,9217,2367.41,780.12,2500.81,1034.61,1,0.92
32110,9200,2878.24,755.66,3061.93,978.28,0,0.9
32110,9181,2167.99,797.73,2307.14,1071.44,0,0.74
32120,8577,4.1,923.25,157.57,1093.97,0,0.41
32120,9217,2368.28,783.48,2501.43,1035.15,1,0.92
32120,9306,2168.92,793,2308.28,1076.24,0,0.63
32120,9181,2166.48,798.45,2307.02,1070.45,0,0.63
32130,8577,3.97,923.06,157.84,1094.2,0,0.39
32130,9217,2368.94,785.21,2501.2,1035.15,1,0.88
32130,9306,2169.92,793.43,2307.96,1075.78,0,0.6
32130,9181,2166.52,799.18,2306.73,1069.67,0,0.71
32140,8577,3.96,924.54,156.06,1094.34,0,0.43
32140,9217,2368.2,785.16,2500.47,1035.19,1,0.87
32140,9181,2167.09,799.84,2307.83,1070.49,0,0.56
32150,8577,3.88,925.01,155.21,1095.06,0,0.41
32150,9217,2367.98,785.23,2500.17,1034.7,1,0.75
32150,9181,2167.39,800.38,2308.06,1070.47,0,0.69
32150,9314,2715.7,329.41,2816,438.75,0,0.61
32150,9316,2367.87,785.18,2499.99,1034.58,0,0.46
32160,8577,4.18,925.98,155.68,1094.78,0,0.44
32160,9181,2168.26,800.87,2307.98,1071.41,0,0.63
32160,9139,1687.75,507.04,1839.63,679.88,0,0.95
32170,8577,5.29,924.7,155.5,1094.69,0,0.3
32170,9181,2168.68,802,2307.19,1071.72,0,0.82
32170,9157,2122.55,539.21,2290.32,726.51,0,0.95
32170,9217,2368.88,785.93,2499.43,1032.94,1,0.92
32180,8577,4.44,920.38,154.63,1093.79,0,0.33
32180,9181,2168.06,801.3,2306.92,1071.01,0,0.9
32180,9217,2368.87,786.89,2499.37,1031.96,1,0.85
32180,9314,2723.29,326.04,2818.05,436.45,0,0.28
32190,8577,4.13,924.16,155.2,1092.72,0,0.33
32190,9181,2168.94,800.79,2307.33,1071.12,0,0.61
32190,9217,2368.31,785.48,2501.01,1032.81,1,0.85
32190,9314,2725.35,327.22,2818.99,436.32,0,0.31
32200,8577,4.35,925.71,155.32,1093.19,0,0.36
32200,9181,2170.76,796.58,2306.81,1075.2,0,0.63
32200,9217,2368.54,785.3,2500.56,1033.21,1,0.91
32200,9314,2722.87,326.95,2820.85,440.28,0,0.43
32200,9321,2169.53,799.77,2306.33,1072.3,0,0.5
32210,8577,4.02,925.61,155.54,1093.99,0,0.43
32210,9217,2368.79,785.44,2499.05,1032.97,1,0.87
32210,9314,2723.14,328.25,2818.27,441.51,0,0.42
32220,8577,4.01,925.19,155.65,1094.06,0,0.43
32220,9217,2369.33,784.51,2499.22,1032.72,1,0.78
32220,9314,2723.06,329.08,2817.1,441.8,0,0.52
32220,9327,2369.44,784.33,2499.15,1032.69,0,0.44
32220,9181,2171.11,801.06,2306.24,1071.83,0,0.84
32230,8577,4.14,925.36,155.51,1093.82,0,0.4
32230,9217,2368.85,783.29,2498.22,1032.35,1,0.79
32230,9314,2723.4,329.46,2818.04,441.26,0,0.6
32230,9327,2368.76,783.09,2498.08,1032.32,0,0.37
32230,9181,2169.12,802.61,2304.88,1071.15,0,0.69
32240,8577,4.19,924.66,155.36,1093.77,0,0.46
32240,9217,2367.57,783.62,2498.01,1033.63,1,0.77
32240,9314,2717.26,325.62,2814.05,439.13,0,0.32
32240,9327,2367.24,783.59,2497.91,1033.86,0,0.52
32240,9181,2169.06,797.45,2305.03,1074.07,0,0.86
32250,8577,4.33,924.67,155.23,1093.71,0,0.43
32250,9217,2368.34,785.11,2497.77,1033.45,1,0.88
32250,9314,2721.37,324,2818.02,440.56,0,0.47
32250,9181,2171.4,795.74,2305.6,1075.97,0,0.77
32260,8577,4.29,923.98,155.46,1094.26,0,0.41
32260,9217,2368.88,785.78,2498.66,1032.03,1,0.87
32260,9181,2171.22,798.39,2306.24,1072.72,0,0.89
32270,8577,4.17,923.54,155.82,1094.29,0,0.41
32270,9217,2368.31,785.25,2499.26,1032.68,1,0.84
32270,9181,2169.19,801.44,2306.21,1071.8,0,0.93
32270,9314,2720.07,327.45,2804.94,439.38,0,0.5
32280,8577,3.89,923.44,156.1,1094.32,0,0.4
32280,9217,2368.34,785.32,2499.36,1032.83,1,0.89
32280,9181,2169.55,802.17,2306.24,1071.43,0,0.75
32290,8577,3.94,923.59,155.75,1094,0,0.38
32290,9217,2367.64,785.71,2498.35,1032.72,1,0.91
32290,9181,2169.91,801.62,2306.67,1071.03,0,0.32
32290,9314,2719.29,322.54,2825.4,439.19,0,0.31
32300,8577,3.76,923.77,155.49,1093.68,0,0.41
32300,9217,2367.29,784.66,2498.64,1033.07,1,0.84
32300,9181,2169.49,801.36,2306.73,1071.55,0,0.68
32300,9314,2721.41,315.11,2837.81,432.34,0,0.52
32300,9157,2120.3,519.78,2304.37,702.77,0,0.75
32310,8577,5.02,924.61,155.34,1093.05,0,0.42
32310,9217,2367.57,785.66,2498.46,1033.39,1,0.91
32310,9181,2173.08,797.52,2306.92,1075.33,0,0.61
32320,8577,5.57,924.85,155.21,1092.9,0,0.43
32320,9217,2367.76,786.94,2498.17,1033.48,1,0.95
32320,9181,2171.19,800.87,2306.16,1071.73,0,0.72
32320,9341,2173.54,798.65,2306.52,1076.12,0,0.59
32330,8577,5.79,924.93,155.13,1092.9,0,0.42
32330,9217,2367.86,787.42,2497.92,1033.52,1,0.9
32340,8577,5.12,926.12,155.64,1093.07,0,0.41
32340,9217,2367.67,788.43,2497.28,1034.1,1,0.9
32340,9348,2367.64,788.57,2497.16,1034.2,0,0.37
32340,9181,2175.64,795.98,2306.81,1076.57,0,0.26
32350,8577,4.78,926.25,155.9,1093.72,0,0.45
32350,9217,2367.02,786.79,2496.75,1033.06,0,0.28
32350,9348,2366.93,786.42,2496.7,1032.87,1,0.92
32360,8577,4.6,924.45,155.63,1093.45,0,0.42
32360,9217,2367.51,786.19,2498.65,1033.81,1,0.86
32360,9348,2367.55,785.75,2499.01,1033.78,0,0.35
32360,9181,2170.82,799.7,2306.08,1071.3,0,0.69
32370,8577,4.79,924.28,155.46,1093.82,0,0.42
32370,9217,2367.31,786.01,2499.17,1033.99,1,0.8
32370,9348,2367.32,785.64,2499.53,1033.98,0,0.49
32370,9354,2170.76,798.54,2306.44,1070.7,0,0.4
32370,9181,2173.08,796.24,2307.16,1074.76,0,0.5
32380,8577,5.06,924.53,155.09,1093.56,0,0.39
32380,9217,2367.68,786.44,2498.37,1034.54,1,0.92
32390,8577,4.95,926.17,154.8,1093.81,0,0.44
32390,9217,2368.1,787.26,2497.69,1033.79,1,0.85
32390,9181,2176.61,794.61,2308.17,1075.69,0,0.28
32400,8577,5.02,926.99,154.57,1093.37,0,0.44
32400,9217,2368.29,787.55,2497.54,1033.32,1,0.81
32400,9361,2368.36,787.65,2497.48,1033.13,0,0.47
32410,8577,4.74,925.74,154.77,1093.05,0,0.46
32410,9217,2367.45,787.53,2496.46,1033.5,1,0.91
32410,9361,2367.31,787.49,2496.31,1033.5,0,0.27
32410,9181,2172.82,800.08,2306.76,1072.77,0,0.42
32420,8577,4.6,925,154.74,1092.92,0,0.46
32420,9181,2171.4,801.08,2306.08,1072.1,0,0.55
32430,8577,5.05,924.57,154.99,1092.51,0,0.46
32430,9181,2171.18,801.95,2306.09,1072.19,0,0.38
32430,9217,2367.33,786.85,2496.91,1033.58,1,0.93
32440,8577,5,925.94,154.7,1092.66,0,0.42
32440,9181,2171.1,801.64,2306.54,1071.37,0,0.37
32440,9217,2367.48,785.85,2498.11,1034.32,1,0.93
32450,8577,4.99,926.57,154.47,1092.61,0,0.41
32450,9181,2171.07,801.41,2306.67,1070.83,0,0.51
32450,9217,2367.47,785.44,2499.09,1034.48,1,0.89
32460,8577,5.3,926.27,154.54,1093.06,0,0.4
32460,9217,2367.11,785.28,2498.59,1034.75,1,0.82
32460,9377,2367.08,785.28,2498.5,1034.75,0,0.4
32470,8577,5.69,926.2,154.62,1093,0,0.41
32470,9181,2171.93,801.83,2305.72,1069.17,0,0.44
32480,8577,5.68,925.79,154.71,1093.18,0,0.44
32480,9385,2176.3,797.18,2306.34,1076.75,0,0.57
32480,9181,2171.96,802.09,2305.38,1069.19,0,0.6
32480,9217,2367.77,785.97,2497.69,1034.45,1,0.9
32490,8577,5.9,927.38,154.93,1092.98,0,0.48
32490,9385,2175.83,798.09,2306.31,1078.37,0,0.3
32490,9181,2171.58,802.38,2305.32,1070.58,0,0.71
32490,9217,2367.77,787.21,2497.06,1032.79,1,0.94
32500,8577,5.88,927.52,155.4,1093.05,0,0.49
32500,9385,2175.36,798.12,2306.61,1078.51,0,0.33
32500,9181,2171.15,802.32,2305.39,1070.83,0,0.66
32500,9217,2367.59,787.75,2496.7,1031.93,1,0.95
32510,8577,5.03,926.08,155,1092.82,0,0.41
32510,9181,2171.66,801.71,2306.6,1071.12,0,0.31
32510,9217,2367.27,787.03,2497.22,1032.75,1,0.92
32520,8577,4.86,924.69,155.08,1092.92,0,0.4
32520,9217,2367,786.26,2498.15,1033.57,1,0.91
32530,8577,4.92,925.8,154.67,1092.56,0,0.44
32530,9217,2367.12,785.75,2498.87,1034.41,1,0.85
32530,9181,2174.1,797.72,2308.55,1076.67,0,0.42
32540,8577,5.13,924.22,154.38,1092.75,0,0.38
32540,9217,2366.86,786.43,2499.01,1033.29,1,0.77
32540,9391,2366.83,786.54,2499.08,1033.13,0,0.5
32540,9181,2175.16,795.6,2308.64,1077.63,0,0.72
32550,8577,5.32,922.53,154.64,1093.02,0,0.4
32550,9217,2367.26,786.98,2498.92,1032.61,0,0.38
32550,9391,2367.34,787.07,2498.88,1032.49,1,0.84
32550,9181,2176.39,795.89,2308.18,1078.12,0,0.55
32560,9181,2172.61,799.94,2306.83,1073.46,0,0.64
32570,9181,2171.53,802,2306.31,1071.39,0,0.67
32570,9397,2175.28,798.83,2307.06,1078.68,0,0.35
32570,8577,4.97,924.92,154.89,1093.79,0,0.48
32570,9217,2368.08,786.26,2499.18,1033.63,1,0.92
32580,9181,2170.7,802.06,2306.31,1070.31,0,0.49
32580,8577,4.86,926.09,155.03,1093.75,0,0.48
32580,9217,2367.98,786.18,2498.81,1033.94,1,0.94
32590,9181,2170.56,802.63,2306.04,1069.97,0,0.54
32590,8577,4.57,926.25,155.06,1093.04,0,0.43
32590,9217,2367.49,786.58,2498.54,1033.62,1,0.91
32600,9181,2170.92,802.1,2305.93,1069.36,0,0.4
32600,8577,4.49,926.47,155.13,1092.7,0,0.41
32600,9217,2367.68,786.76,2498.28,1033.45,1,0.91
32610,9181,2170.76,801.35,2306.42,1069.58,0,0.38
32610,8577,4.9,927.1,155.31,1092.58,0,0.41
32610,9217,2367.62,787.31,2497.36,1034.11,1,0.94
32620,9181,2170.61,800.61,2306.6,1069.6,0,0.37
32620,8577,5.44,927.58,154.99,1092.22,0,0.39
32620,9217,2367.64,787.55,2496.94,1034.29,1,0.93
32620,9400,2175.12,795.88,2307.87,1077.89,0,0.38
32630,9181,2170.4,801.3,2306.41,1070.14,0,0.3
32630,8577,5.29,927.21,155.12,1092.58,0,0.43
32630,9217,2367.51,786.71,2497.87,1034.75,1,0.91
32630,9400,2174.69,796.28,2307.54,1078.27,0,0.27
32640,9181,2170.35,801.95,2306.41,1070.03,0,0.29
32640,8577,4.95,926.61,154.73,1092.91,0,0.43
32640,9217,2366.96,786.45,2498.25,1035.18,1,0.95
32640,9400,2174.65,797.03,2307.13,1077.78,0,0.45
32650,9181,2170.49,802.85,2306.43,1070.02,0,0.46
32650,8577,4.47,926.29,154.69,1093.46,0,0.48
32650,9217,2366.34,786.07,2498.74,1035.31,1,0.91
32650,9400,2174.74,797.9,2307.16,1078.01,0,0.38
32660,8577,5.63,926.53,153.93,1092.4,0,0.41
32660,9217,2366.41,785.23,2498.91,1034.74,1,0.81
32660,9412,1289.46,653.39,1407.02,865.61,3,0.94
32670,8577,5.7,926.62,153.86,1093.04,0,0.46
32670,9217,2366.83,785.64,2498.47,1034.65,1,0.92
32670,9412,1295.81,656.84,1416.89,868.66,3,0.79
32670,9181,2170.62,803.02,2306.35,1069.92,0,0.38
32680,8577,5.41,926.37,153.53,1093.27,0,0.46
32680,9217,2367.27,786.08,2497.72,1034.26,1,0.93
32680,9412,1300.92,657.34,1425.74,869.46,3,0.65
32680,9419,2171.02,800.3,2306.25,1071.11,0,0.43
32680,9181,2172.84,797.83,2306.47,1075.02,0,0.74
32690,8577,3.9,926.64,154.52,1093.73,0,0.48
32690,9217,2367.38,786.61,2496.83,1033.61,1,0.94
32690,9412,1303.5,657.17,1429.26,872.46,3,0.56
32690,9419,2170.15,798.85,2305.82,1070.63,0,0.53
32690,9181,2172.78,794.69,2306.11,1077.23,0,0.75
32700,8577,3.79,926.46,154.86,1093.26,0,0.46
32700,9217,2367.42,786.52,2496.79,1033.42,1,0.9
32700,9412,1301.94,659.96,1424.94,872.78,3,0.53
32700,9419,2170.96,797.49,2306.46,1070.19,0,0.33
32700,9181,2173.94,793.17,2306.69,1078.37,0,0.55
32710,8577,4.01,926.38,154.98,1092.7,0,0.47
32710,9217,2367.48,787.07,2496.33,1033.41,1,0.93
32710,9412,1301.53,659.28,1419.93,874.57,3,0.69
32710,9419,2171.36,798.05,2306.33,1069.27,0,0.26
32710,9181,2175.12,792.91,2306.72,1077.75,0,0.48
32710,9428,3673,1003.19,3834.86,1304.72,0,0.89
32720,8577,4.13,926.29,154.91,1092.39,0,0.47
32720,9217,2367.6,787.25,2496.17,1033.26,1,0.95
32720,9412,1301.72,658.53,1416.33,869.6,3,0.79
32720,9419,2170.96,798.86,2305.42,1069.18,0,0.38
32720,9181,2175.03,793.61,2305.69,1077.82,0,0.75
32720,9428,3672.8,973.52,3828.38,1258.15,0,0.91
32730,8577,4.11,926.25,155.02,1092.68,0,0.48
32730,9217,2367.69,787.24,2496.36,1033.07,1,0.94
32730,9412,1299.71,659.81,1412.36,868.17,0,0.48
32730,9181,2176.74,793.93,2306.34,1077.28,0,0.66
32730,9428,3664.48,948.18,3825.25,1234.28,0,0.5
32740,8577,4.4,926.44,154.58,1092.72,0,0.5
32740,9217,2367.92,787.19,2497.08,1033.57,1,0.94
32740,9412,1299.2,659.17,1412.39,868.48,3,0.69
32740,9181,2177.37,796.34,2306.88,1077.97,0,0.4
32740,9428,3660.47,941.39,3819.95,1228.3,0,0.55
32740,9433,1298.52,658.85,1412.09,868.35,0,0.39
32750,8577,4.73,926.43,154.26,1092.81,0,0.47
32750,9217,2367.88,787.09,2497.29,1033.85,1,0.93
32750,9412,1298.49,657.62,1412.45,868.37,0,0.39
32750,9181,2176.75,796.04,2307.29,1078.72,0,0.58
32750,9428,3658.08,942.03,3817.51,1224.34,0,0.87
32750,9433,1298.03,657.16,1412.46,868.29,3,0.72
32760,8577,3.76,926.21,155.07,1093.25,0,0.47
32760,9217,2368.02,786.38,2498.46,1034.71,1,0.96
32760,9412,1297.5,658.64,1411.87,870.61,3,0.56
32760,9181,2176.73,795.25,2307.29,1078.03,0,0.75
32760,9428,3658.74,941.46,3820.12,1224.35,0,0.72
32760,9433,1297.04,658.45,1411.89,870.92,0,0.44
32770,8577,3.66,925.2,155.28,1093.46,0,0.46
32770,9217,2368.27,786.44,2498.72,1034.76,1,0.95
32770,9412,1297.96,659.36,1411.58,870.82,3,0.64
32770,9181,2174.52,794.29,2306.81,1077.43,0,0.73
32770,9428,3657.12,941.88,3815.64,1223.37,0,0.94
32770,9433,1297.68,659.29,1411.6,871.05,0,0.37
32780,8577,4.13,925.88,154.27,1091.3,0,0.45
32780,9217,2368.24,786.33,2498.73,1034.67,1,0.92
32780,9412,1298.43,660.37,1411.42,871.09,0,0.51
32780,9181,2173.78,794.01,2306.76,1077.59,0,0.7
32780,9428,3657.07,944.21,3815.26,1224.08,0,0.94
32780,9433,1298.26,660.38,1411.46,871.26,3,0.47
32780,9442,2170.2,798.92,2306.52,1070.05,0,0.43
32790,8577,3.81,924.98,154.65,1092.11,0,0.46
32790,9217,2368.08,787.07,2498.22,1034.6,1,0.94
32790,9412,1296.74,658.16,1416.49,878.21,3,0.33
32790,9181,2173.45,793.66,2306.3,1078.34,0,0.53
32790,9428,3656.02,946.45,3817.45,1224.79,0,0.92
32790,9433,1297.68,658.68,1412.59,873.22,3,0.88
32790,9442,2170.32,799.38,2305.92,1069.42,0,0.57
32800,8577,3.63,924.9,154.77,1092.68,0,0.47
32800,9217,2368.16,787.5,2498.06,1034.35,1,0.93
32800,9412,1297.55,660.52,1414.07,875.97,0,0.27
32800,9181,2175.07,794.28,2306.02,1078.43,0,0.57
32800,9428,3655.93,947.14,3818.29,1225.26,0,0.92
32800,9433,1297.85,660.77,1412.59,874.15,3,0.69
32800,9442,2171.71,799.79,2305.42,1068.6,0,0.62
32810,8577,5.24,926.21,154.07,1091.99,0,0.49
32810,9217,2368.43,787.28,2497.9,1033.4,1,0.93
32810,9412,1297.79,661.74,1411.54,874.62,3,0.46
32810,9181,2176.64,796.32,2307.2,1078.49,0,0.38
32810,9428,3656.84,947.74,3819.54,1224.67,0,0.81
32810,9433,1297.83,661.85,1411,874.03,0,0.51
32810,9442,2172.68,800.47,2306.32,1069.44,0,0.55
32820,8577,6.24,926.96,153.67,1091.71,0,0.47
32820,9217,2369.6,786.99,2497.86,1032.33,1,0.96
32820,9412,1299.51,661.4,1412.96,873.77,0,0.52
32820,9428,3657.32,948.3,3819.9,1224.66,0,0.81
32820,9433,1299.49,661.43,1412.82,873.62,3,0.27
32830,8577,6.52,926.99,153.42,1091.67,0,0.48
32830,9217,2369.58,786.9,2497.99,1032.06,1,0.94
32830,9412,1315.93,650.95,1427.15,856.88,3,0.42
32830,9428,3657.58,947.93,3820.22,1224.85,0,0.71
32830,9433,1313.04,652.17,1424.37,855.31,3,0.37
32830,9181,2173.09,797.55,2306.55,1071.61,0,0.41
32840,8577,4.65,925.54,153.8,1092.69,0,0.48
32840,9217,2368.71,786.61,2497.57,1031.59,1,0.94
32840,9412,1336.19,631,1441.65,835.41,0,0.63
32840,9428,3657.8,948.23,3820.05,1225.87,0,0.87
32840,9451,2176.69,795.79,2306.78,1078.67,0,0.47
32840,9181,2172.71,799.14,2306.26,1070.11,0,0.56
32850,8577,3.93,925.16,153.92,1093.01,0,0.48
32850,9217,2368.43,786.13,2497.43,1031.37,1,0.93
32850,9412,1352.88,609.17,1451.73,801.51,0,0.44
32850,9428,3659.17,947.48,3820.59,1227.24,0,0.45
32860,8577,4.91,926.3,154.27,1092.6,0,0.49
32860,9217,2367.84,786.75,2498.05,1031.99,1,0.88
32860,9412,1379.12,577.62,1477.49,765.23,0,0.83
32860,9428,3662.4,940.97,3818.81,1220.22,0,0.96
32860,9181,2183.9,773.04,2311.71,1029.92,0,0.86
32870,8577,5.29,926.64,154.44,1092.56,0,0.49
32870,9217,2366.92,787.22,2498.98,1033.44,1,0.94
32870,9428,3630.77,905.51,3777.32,1170.78,0,0.96
32870,9181,2186,729.93,2303.64,974.3,0,0.67
32880,8577,5.24,926.23,154.82,1093.05,0,0.55
32880,9217,2365.95,789.09,2498.63,1033.35,1,0.9
32880,9181,2176.28,669.87,2283.61,895.02,0,0.95
32890,8577,6.52,926.04,152.33,1089.64,0,0.35
32890,9217,2366.16,786.24,2498.75,1031.43,1,0.95
32900,8577,5.11,925.72,153.81,1092.01,0,0.49
32900,9217,2365.92,775.18,2497.27,1016.81,1,0.83
32910,8577,4.25,927.44,153.72,1093.95,0,0.55
32910,9217,2368.85,752.99,2500.3,981.78,1,0.97
32910,9467,2117.73,469.44,2201.04,633.16,0,0.93
32920,8577,4.05,927.97,153.66,1094.53,0,0.53
32920,9217,2397.5,719.11,2517.39,937.32,1,0.93
32920,9467,2107.66,424.03,2181.35,570.24,0,0.95
32930,8577,3.93,927.6,153.97,1095.26,0,0.54
32930,9217,2411.33,676.61,2523.66,885.62,1,0.8
32930,9467,2103.77,374.77,2174.13,506.92,0,0.88
32940,8577,3.94,927.56,155.3,1095.34,0,0.53
32940,9217,2414.9,625.43,2516.88,819.48,1,0.82
32940,9467,2088.34,339.88,2154.21,461.64,0,0.51
32950,8577,3.73,926.73,156.03,1096.2,0,0.55
32960,8577,3.25,926.75,156.91,1096.53,0,0.53
32970,8577,3.27,927.54,156.89,1095.64,0,0.52
32980,8577,3.21,926.8,157.31,1096.01,0,0.55
32980,9512,946.02,319.55,1017.41,440.75,0,0.42
32990,8577,2.74,926.24,156.45,1095.84,0,0.5
32990,9512,948.98,327.18,1021.73,451.77,0,0.58
33000,8577,2.77,926.18,155.92,1095.67,0,0.51
33000,9512,948.1,336.84,1022.43,469.3,0,0.49
33010,8577,2.91,925.02,156.67,1097.2,0,0.55
33010,9433,1336.27,620.7,1445.3,820.63,0,0.75
33020,8577,3.23,924.93,156.25,1095.88,0,0.56
33020,9433,1356.54,573.12,1459.19,767.79,0,0.7
33030,8577,3.64,924.56,156.53,1095.99,0,0.63
33040,8577,3.41,924.82,153.4,1094.64,0,0.4
33040,9542,1391.02,491.48,1482.29,657.62,0,0.69
33040,9512,965.16,379.72,1029,502.57,0,0.46
33050,8577,3.08,925.41,155.45,1095.58,0,0.59
33050,9542,1394.63,467.72,1481.53,626.1,0,0.82
33050,9512,970.22,388.41,1035.35,511.45,0,0.59
33060,8577,2.83,925.93,156.37,1094.84,0,0.61
33060,9542,1397.73,447.71,1481.67,598.54,0,0.87
33060,9512,989.18,406.76,1058.1,539.37,0,0.61
33070,8577,3.08,927.39,152.07,1092.03,0,0.43
33070,9542,1393.69,433.82,1479.69,578,0,0.61
33070,9555,2548.01,395.09,2679.97,548.84,0,0.65
33080,8577,4.31,926.95,154.32,1091.85,0,0.46
33080,9542,1388.74,409.83,1468.57,557.59,0,0.83
33080,9555,2553.65,398.21,2681.12,549.18,0,0.49
33090,8577,6.87,927.01,155.17,1091.96,0,0.28
33090,9542,1385.26,398.73,1463.14,541.72,0,0.85
33090,9555,2555.95,397.5,2678.49,547.83,0,0.63
33100,8577,3.98,926.41,156.26,1095.32,0,0.55
33100,9542,1381.96,391.99,1458.91,531.43,0,0.82
33100,9555,2558.81,404.24,2675.61,547.51,0,0.51
33110,8577,3.27,926.9,156.87,1096.41,0,0.62
33110,9542,1385.51,385.73,1460.66,517.21,0,0.68
33110,9555,2544,415.19,2657.42,534.49,0,0.63
33110,9566,1233.32,499.79,1315.41,677.77,0,0.51
33120,8577,3.41,926.9,156.12,1097.82,0,0.57
33120,9542,1379.32,379.62,1453.88,504.54,0,0.56
33120,9555,2542.75,413.72,2660.93,539.89,0,0.41
33130,9542,1373.39,363.12,1453.46,485.88,0,0.44
33140,9542,1358.63,347.54,1436.82,469.07,0,0.52
33140,8577,3.67,927.37,155.68,1095.63,0,0.52
33140,9555,2538.25,406.41,2655.64,537.55,0,0.44
33150,8577,3.13,926.99,156.06,1096.33,0,0.54
33150,9555,2537.08,399.52,2668.92,543.05,0,0.62
33160,8577,3.12,926.54,156.35,1095.34,0,0.53
33160,9555,2540.71,398.94,2666.99,540.1,0,0.69
33170,8577,3.74,925.8,153.96,1094.56,0,0.61
33170,9603,2447.03,314.5,2542.81,416.55,0,0.48
33180,9555,2537.46,405.38,2670.21,540.56,0,0.67
33190,9612,1054.15,444.61,1143.42,589.45,0,0.92
33190,9555,2537.97,404.71,2671.4,540.82,0,0.61
33190,8577,3.33,925.96,155.43,1093.78,0,0.61
33200,9612,1067.69,474.54,1160.22,635.47,0,0.85
33200,9555,2538.3,404.91,2670.8,541.05,0,0.64
33200,9617,1733.87,552.42,1832.79,752.5,0,0.94
33200,9619,3206.87,474.36,3314.63,654.15,0,0.85
33200,8577,3.09,926.08,155.86,1094.69,0,0.57
33200,9603,2450.85,319.74,2540.81,417.41,0,0.31
33210,9555,2538.14,403.37,2671.9,541.21,0,0.63
33210,9617,1738.52,503.1,1828.76,682.92,0,0.96
33210,8577,3.38,925.95,155.27,1094.66,0,0.53
33210,9512,1048.48,547.88,1147.55,717.24,0,0.59
33220,9555,2554.25,403.6,2673.11,543.57,0,0.75
33220,9617,1738.58,451.25,1820.5,619.22,0,0.95
33220,8577,3.49,924.67,155.74,1094.7,0,0.61
33230,9617,1736.93,419.04,1812.69,576.22,0,0.94
33230,8577,3.15,924.02,154.47,1093.95,0,0.54
33240,9617,1735.57,388.33,1806.91,541.03,0,0.81
33240,8577,3.93,925.28,155.43,1090.55,0,0.47
33250,9617,1731.68,363,1804.05,513.82,0,0.77
33250,8577,2.91,925.16,156.16,1093.84,0,0.56
33250,9555,2542.34,400.76,2666.52,540.88,0,0.74
33260,9617,1728.44,364.93,1796.35,491.1,0,0.42
33260,9555,2551.31,400.17,2671.25,541.75,0,0.75
33270,9617,1720.76,343.18,1788.88,473.1,0,0.59
33270,8577,3.04,926.59,155.61,1095.38,0,0.56
33280,8577,3.14,927.17,155.44,1095.79,0,0.55
33280,9555,2547.5,400.63,2670.51,538.01,0,0.61
33290,8577,2.95,926.57,155.44,1095.24,0,0.53
33290,9617,1714.39,313.78,1781.34,439.33,0,0.57
33300,8577,3.18,926.22,155.41,1094.17,0,0.51
33300,9433,1473.38,391.58,1561.7,543.86,0,0.91
33300,9603,2443.19,316.3,2543.78,417.52,0,0.5
33300,9555,2539.87,402.37,2672.74,539.19,0,0.67
33310,8577,3.34,925.73,155.97,1095.78,0,0.53
33310,9555,2550.43,403.06,2673.8,541.65,0,0.72
33310,9617,1690.37,287.08,1760.23,414.37,0,0.48
33320,8577,4.24,925.48,155.58,1094.66,0,0.54
33330,8577,4.13,925.82,155.81,1094.74,0,0.51
33330,9555,2540.23,403.77,2668.95,541.93,0,0.47
33340,8577,4.26,925.94,155.56,1094.43,0,0.48
33340,9603,2440.57,314.48,2540.96,409.61,0,0.28
33350,8577,4.45,925.64,155.44,1094.37,0,0.51
33350,9603,2443.88,316.32,2543.13,415.37,0,0.38
33350,9555,2542.82,402.07,2671.4,540.79,0,0.54
33360,8577,4.21,925.17,155.55,1093.56,0,0.55
33360,9555,2542.72,402.08,2672.5,541.33,0,0.53
33370,8577,4.52,925.37,155.08,1093.05,0,0.52
33370,9512,1145.95,626.76,1269.54,843.21,0,0.65
33380,8577,4.26,926.25,155.07,1093.21,0,0.46
33380,9555,2540.81,402.19,2656.96,537.48,0,0.62
33390,8577,3.38,927.2,155.71,1093.88,0,0.52
33390,9555,2532.21,398.32,2661.78,541.65,0,0.68
33400,8577,3.12,927.45,155.93,1094.49,0,0.54
33400,9555,2537.02,395.4,2662.66,540.16,0,0.75
33400,9667,2639.42,301.48,2741.16,402.54,0,0.37
33400,9603,2449.61,312.72,2539.65,409.57,0,0.31
33410,8577,3.29,925.99,155.52,1094.86,0,0.49
33410,9667,2639.17,303.88,2739.66,402.74,0,0.56
33410,9603,2448.22,315.4,2538.47,414.24,0,0.45
33420,8577,3.02,925.48,155.43,1095.08,0,0.5
33420,9667,2640.31,307.82,2735.72,425.89,0,0.31
33420,9603,2449.29,317.44,2539.86,416.26,0,0.31
33420,9555,2530.51,400.17,2663.2,541.46,0,0.7
33430,8577,3.05,925.43,155.14,1094.85,0,0.52
33430,9555,2530.24,400.98,2645.83,521.27,0,0.34
33440,8577,3.16,926.44,155.27,1094.39,0,0.5
33440,9555,2523.57,404.28,2654.7,537.42,0,0.78
33450,8577,3.13,926.71,155.52,1094.8,0,0.52
33450,9678,1190.97,544.27,1292.75,723.78,0,0.9
33450,9681,2637.59,300.77,2743.35,403.55,0,0.39
33450,9603,2440.78,313.21,2540.78,412.44,0,0.25
33460,8577,2.99,925.83,155.76,1095.18,0,0.49
33460,9681,2635.23,302.7,2757.13,404.69,0,0.33
33460,9555,2496.23,399.06,2617.36,535.63,0,0.62
33470,8577,2.89,924.12,156.6,1095.6,0,0.53
33480,8577,3.58,924.69,155.26,1091.15,0,0.34
33480,9681,2637.04,303.05,2744.59,404.72,0,0.36
33480,9555,2468.08,396.37,2586.44,531.01,0,0.9
33490,8577,3.84,926.25,155.88,1094.72,0,0.5
33490,9681,2637.72,304.36,2743.78,405.12,0,0.43
33490,9555,2441.3,393.93,2565.13,529.72,0,0.92
33500,8577,2.9,927.72,156.11,1112.98,0,0.41
33500,9681,2637.04,305.78,2745.63,405.54,0,0.3
33500,9555,2422.82,392.77,2546.34,529.16,0,0.87
33510,9555,2404.63,394.81,2534.65,528.54,0,0.45
33520,9555,2399.65,396.51,2528.9,529.06,0,0.9
33530,9512,1231.13,785.94,1379.26,1038.59,0,0.77
33540,9512,1270.07,754.94,1405.27,995.68,0,0.69
33540,9555,2314.35,393.91,2446.32,529.4,0,0.9
33550,9681,2641.3,309.12,2773.83,412.11,0,0.33
33560,9732,1281.68,667.31,1397.98,882.55,3,0.75
33560,9681,2639,308.79,2777.25,414.58,0,0.54
33570,9681,2638.24,308.48,2778.12,414.76,0,0.54
33580,9681,2638.25,307.31,2778.99,414.86,0,0.5
33590,9681,2639.2,306.53,2779.84,415.34,0,0.47
33600,9681,2639.66,306.4,2779.16,414.7,0,0.39
33600,8577,4.55,924.69,155.6,1092.13,0,0.48
33610,9681,2639.38,306.53,2778.15,413.87,0,0.36
33610,8577,3.87,925.75,155.47,1093.27,0,0.56
33620,8577,3.5,925.97,155.44,1094.04,0,0.54
33630,8577,3.72,926.15,155.23,1093.92,0,0.54
33640,8577,4.08,925.7,154.65,1093.25,0,0.45
33640,9681,2642.55,304.65,2780.17,414.34,0,0.46
33650,8577,3.89,925.22,154.89,1093.41,0,0.45
33650,9681,2642.59,304.29,2779.27,413.94,0,0.51
33660,8577,4.65,926.06,155.48,1093.12,0,0.5
33660,9681,2640.75,306.06,2770.37,410.68,0,0.43
33670,8577,4.98,926.54,155.5,1093.11,0,0.49
33680,8577,5.05,924.29,155.57,1094.1,0,0.39
33710,9780,673.34,573.06,790.76,705.5,0,0.38
33710,9555,2115.35,389.22,2188.41,530.96,0,0.78
33710,8577,5.67,926.56,154.83,1095.02,0,0.51
33720,9780,674.03,575.88,790.62,704.99,0,0.28
33720,8577,5.74,926.12,155.11,1095.17,0,0.52
33730,8577,5.41,925.76,155.16,1094.99,0,0.52
33730,9681,2644.87,308.24,2764.19,412.49,0,0.28
33740,8577,4.01,926.62,155.05,1093.11,0,0.47
33740,9780,710.53,549.17,855.01,704.46,0,0.69
33750,8577,3.39,927.22,155.14,1092.97,0,0.48
33760,8577,3.21,926.25,155.3,1093.63,0,0.52
33760,9678,1077.26,544.29,1240.79,720.02,0,0.92
33760,9780,728.05,585.7,859.22,766.2,0,0.62
33770,8577,19.38,922.51,152.47,1094.27,0,0.31
33780,9799,3020.08,755.1,3182.09,1002.91,0,0.73
33790,9799,3038.43,754.61,3203.01,1010.61,0,0.93
33800,9799,3043.34,750.9,3208.47,1013.36,0,0.95
33810,9799,3030.06,750.89,3214.58,998.7,0,0.35
33820,9799,3039.55,756.25,3214.69,1005.2,0,0.94
33830,9799,3043.37,756.72,3213.58,1008.04,0,0.94
33830,8577,2.96,916.64,155.14,1094.23,0,0.41
33840,9799,3042.93,756.44,3214.51,1011.9,0,0.94
33840,8577,2.31,906.69,154.62,1096,0,0.34
33850,9799,3042.32,756.16,3214.14,1014.19,0,0.94
33850,8577,1.92,910.71,155.03,1094.98,0,0.46
33860,9799,3042.53,756.98,3213.52,1011.57,0,0.93
33860,8577,2.78,919.28,156.45,1094.57,0,0.45
33870,9799,3023.28,750.61,3212.3,999.53,0,0.79
33870,8577,2.95,923.84,157.34,1095.25,0,0.53
33880,9799,3033.84,752.51,3213.31,998.24,0,0.51
33880,8577,3.08,925.18,157.75,1095.56,0,0.53
33890,9799,3039.94,754.33,3213.8,1013.09,0,0.94
33890,8577,2.76,925.19,156.13,1095.39,0,0.51
33890,9678,1118.4,522.07,1288.95,706.27,0,0.91
33900,9799,3042.28,754.95,3213.26,1019,0,0.95
33900,8577,2.3,924.03,155.79,1095.47,0,0.51
33910,9799,3042.38,755.25,3211.79,1014.89,0,0.94
33910,8577,3.4,923.88,155.49,1093.83,0,0.48
33920,9799,3042.21,756.84,3210.94,1007.43,0,0.91
33920,8577,3.12,923.57,155.87,1094.98,0,0.53
33920,9678,1120.54,565.9,1300.12,761.39,0,0.91
33930,8577,3.2,922.97,156.23,1095.41,0,0.53
33930,9858,2882.23,407.19,3036.56,555.43,0,0.88
33940,8577,3.15,925.62,156.41,1095.24,0,0.47
33940,9799,3042.24,756.11,3210.84,1013.16,0,0.93
33940,9678,1197.06,567.26,1349.47,761.33,0,0.75
33950,8577,2.91,926.08,156.49,1095.61,0,0.51
33950,9799,3042.12,755.72,3210.63,1014.77,0,0.93
33950,9858,2891.44,403.43,3040.93,552.19,0,0.79
33960,8577,2.91,925.92,156.21,1095.18,0,0.46
33960,9799,3041.6,755.62,3211.38,1017.31,0,0.96
33970,8577,2.92,925.7,156.07,1095.04,0,0.46
33970,9799,3040.26,754.89,3211.78,1012.67,0,0.28
33970,9678,1184.8,589.94,1338.14,798.52,0,0.95
33970,9858,2868.9,404.09,3044.32,549.8,0,0.62
33980,8577,2.89,925.61,156.07,1095.22,0,0.47
33980,9799,3037.44,754.32,3218.47,991.98,0,0.61
33990,8577,3.56,924.61,156.75,1097.4,0,0.44
33990,9799,3040.4,755.22,3214.39,1006.69,0,0.94
34000,8577,3.89,924.28,156.69,1098.13,0,0.47
34000,9799,3041.62,755.81,3213.24,1014.57,0,0.93
34000,9858,2887.13,401.77,3047.56,550.79,0,0.75
34010,8577,3.76,925.4,156.28,1095.59,0,0.46
34010,9799,3041.7,756.85,3213.17,1016.06,0,0.94
34010,9858,2895.49,403.75,3039.56,550.71,0,0.78
34020,8577,3.74,926.17,155.72,1093.62,0,0.46
34020,9799,3041.44,756.9,3213.82,1017.5,0,0.93
34030,8577,3.54,925.6,156.42,1094.34,0,0.47
34030,9799,3041.49,756.71,3213.76,1018.92,0,0.93
34030,9895,2749.07,401.25,2881.62,534.94,0,0.76
34030,9858,2905.85,406.07,3050.2,548.64,0,0.69
34040,8577,4.2,924.14,157.31,1094.86,0,0.45
34040,9799,3042.16,756.83,3212.35,1020.68,0,0.94
34050,8577,4.47,923.99,157.36,1095.1,0,0.45
34050,9799,3042.01,756.43,3211.7,1022.02,0,0.94
34050,9895,2747.15,399.92,2880.67,535.81,0,0.61
34050,9858,2874.32,405.83,3036.01,551.28,0,0.65
34060,8577,3.69,924.59,156.65,1095.06,0,0.49
34060,9799,3041.58,758.01,3211.17,1019.03,0,0.95
34070,8577,3.48,924.69,156.23,1094.8,0,0.47
34070,9799,3041.5,757.44,3211.84,1018.5,0,0.92
34070,9895,2744.83,393.89,2878.34,534.26,0,0.56
34070,9858,2869.44,405.46,3026.15,551.63,0,0.84
34080,8577,3.49,924.64,156.02,1094.68,0,0.5
34080,9799,3041.63,758.42,3211.44,1018.62,0,0.95
34080,9908,731.06,659.99,844.94,852.55,3,0.71
34080,9909,2209.46,913.94,2367.21,1213.09,0,0.95
34090,8577,3.6,925.43,156.29,1094.7,0,0.48
34090,9799,3041.68,756.86,3211.27,1017.47,0,0.93
34090,9908,728.17,632.9,832.44,813.64,3,0.44
34090,9909,2184.99,878.43,2340.73,1160.66,0,0.94
34090,9858,2867.04,404.76,3027.26,549.58,0,0.56
34100,8577,4.04,925.66,156.39,1094.56,0,0.48
34100,9799,3041.68,756.55,3211.32,1016.52,0,0.93
34100,9908,688.74,601.23,787.4,771.32,0,0.73
34100,9909,2178.08,863.6,2332.56,1140.56,0,0.92
34100,9914,3041.9,443.94,3183.12,573.38,0,0.76
34100,9858,2877.68,408.27,3019.76,546.15,0,0.6
34110,8577,3.98,926.11,155.93,1095.04,0,0.47
34110,9799,3042.31,755.4,3211.67,1015.19,0,0.94
34110,9909,2177.14,862.92,2330.52,1138.14,0,0.92
34110,9858,2893.61,406.33,3040.17,549.44,0,0.55
34110,9895,2745.13,403.87,2880.28,536.11,0,0.71
34120,8577,4.08,926.02,155.71,1095.02,0,0.48
34120,9799,3042.36,755.1,3211.85,1013.42,0,0.93
34120,9909,2177.96,863.6,2330.49,1138.18,0,0.91
34120,9678,1277.59,591.4,1443.71,789.42,0,0.82
34130,8577,4.09,925.9,155.7,1095.15,0,0.47
34130,9799,3042.48,755.25,3212.29,1013.59,0,0.93
34130,9909,2178.91,864.1,2330.25,1138.79,0,0.91
34130,9914,3035.24,402.62,3184.55,570.98,0,0.87
34130,9858,2921.78,402.11,3039.89,551.86,0,0.8
34140,8577,3.05,925.33,156.67,1094.67,0,0.5
34140,9799,3041.37,755.42,3211.66,1013.62,0,0.93
34140,9909,2178.34,871.57,2330.21,1136.7,0,0.7
34140,9858,2879.28,402.69,3028.84,550.21,0,0.7
34150,8577,2.8,924.95,157.07,1094.69,0,0.51
34150,9799,3042.37,756.4,3211.36,1010.07,0,0.92
34150,9909,2179.24,867.42,2330.6,1139.12,0,0.9
34150,9858,2892.19,408.1,3025.68,549.11,0,0.51
34150,9895,2746.95,402.47,2882.05,534.09,0,0.38
34160,8577,3.61,926.18,156.44,1094.35,0,0.5
34160,9799,3043.16,756.31,3211.4,1014.38,0,0.92
34160,9909,2177.44,867.85,2331.77,1140.1,0,0.91
34170,8577,3.8,926.81,156.11,1093.93,0,0.5
34170,9799,3043.16,756.17,3211.47,1017.72,0,0.93
34170,9909,2177.37,867.27,2332.74,1141.83,0,0.91
34170,9914,3028.05,403.38,3180.73,567.98,0,0.52
34170,9858,2870.65,403.56,3022.16,549.86,0,0.79
34170,9895,2745.8,403.13,2880.04,536.31,0,0.73
34180,8577,4.28,926.9,155.86,1093.74,0,0.49
34180,9799,3043.08,756.26,3210.86,1015.86,0,0.94
34180,9909,2177.8,866.91,2333.48,1142.88,0,0.92
34190,8577,4.17,925.17,155.54,1093.29,0,0.5
34190,9799,3042.54,756.6,3211.09,1016.43,0,0.93
34190,9909,2176.91,867.21,2334.44,1143.05,0,0.87
34190,9858,2870.64,405.5,3023.22,549.7,0,0.57
34190,9895,2742.82,399.31,2875.74,535.06,0,0.69
34200,8577,3.76,925.46,155.95,1095.89,0,0.45
34200,9799,3043.01,755.91,3211.34,1014.1,0,0.92
34200,9909,2176.99,866.74,2333.96,1144.14,0,0.89
34200,9858,2864.56,406.55,3026.41,548.95,0,0.8
34200,9895,2743.92,403.08,2877.84,535.77,0,0.56
34210,8577,3.67,925.2,155.96,1096.81,0,0.46
34210,9799,3042.41,757.09,3210.87,1006.61,0,0.93
34210,9909,2177.78,867.09,2334.62,1144.19,0,0.89
34210,9914,3029.62,412.27,3185.56,569.07,0,0.74
34220,8577,3.03,924.5,156.28,1097.14,0,0.5
34220,9799,3042.7,757.15,3211.01,1015.91,0,0.92
34220,9909,2178.16,866.82,2334.04,1144.61,0,0.92
34220,9937,746.7,551.19,858.5,737.08,0,0.7
34220,9858,2865.77,403.22,3028,551.22,0,0.77
34220,9895,2745.41,404.07,2875.6,544.61,0,0.75
34230,8577,3.53,925.22,156.25,1095.78,0,0.5
34230,9799,3042.47,757.59,3211.45,1015.57,0,0.94
34230,9909,2178.83,868.03,2334.1,1143.83,0,0.87
34230,9858,2874.43,409.01,3025.21,551.4,0,0.56
34230,9914,3040.33,444.61,3178.88,572.12,0,0.68
34240,8577,3.4,925.15,156.32,1095.37,0,0.49
34240,9799,3042.22,757.42,3211.83,1015.23,0,0.93
34240,9909,2177.41,868.48,2333.99,1144.01,0,0.8
34240,9858,2874.44,411.53,3031.96,552.92,0,0.41
34240,9678,1409.63,628.6,1568.96,842.35,0,0.89
34240,9895,2744.11,399.18,2875.27,535.44,0,0.28
34250,8577,3.58,926.24,156.16,1095.53,0,0.5
34250,9799,3041.91,755.95,3211.01,1015.59,0,0.93
34250,9909,2177.69,869.78,2332.78,1145.61,1,0.55
34260,8577,3.73,925.58,155.76,1095.71,0,0.43
34260,9799,3042.01,754.97,3211.1,1017.56,0,0.93
34260,9909,2179.83,871.18,2331.33,1144.52,0,0.85
34260,9914,3039.36,443.51,3187.15,572.18,0,0.43
34260,9858,2875.26,408.59,3027.43,551.32,0,0.63
34270,8577,3.45,923.6,155.45,1095.56,0,0.38
34270,9799,3047.16,751.86,3214.55,954.57,0,0.79
34270,9909,2180.95,870.43,2331.48,1145.12,0,0.92
34270,9914,3039.62,445.02,3184.72,572.2,0,0.37
34270,9858,2884.04,407.35,3033.74,549.62,0,0.66
34270,9895,2745.31,403.51,2879.09,535.32,0,0.65
34280,8577,4.75,913.38,155.21,1097.24,0,0.31
34280,9799,3044.66,755.45,3212.09,1001.9,0,0.93
34280,9909,2182.22,869.96,2331.08,1144.45,0,0.77
34280,9914,3038.58,428.68,3186.38,567.99,0,0.7
34290,8577,4.94,921.76,155.98,1096.27,0,0.5
34290,9799,3044.06,756.73,3211.2,1015.57,0,0.94
34290,9909,2182.13,870.9,2332.33,1145.41,0,0.79
34290,9914,3035.33,435.18,3187.52,571.04,0,0.26
34290,9858,2892.18,405.73,3037.75,548.61,0,0.69
34290,9895,2755.88,406.54,2893.29,537.42,0,0.63
34300,8577,3.92,924.59,157.39,1095.35,0,0.53
34300,9799,3044.71,753.08,3210.57,1015.21,0,0.87
34300,9909,2180.9,869.17,2334.22,1145.78,0,0.89
34310,8577,2.74,922.95,156.33,1095.53,0,0.43
34310,9799,3043.21,754.55,3212.72,1008.39,0,0.93
34310,9909,2181.43,868.1,2335.81,1144.72,0,0.94
34320,8577,2.38,923.45,156.92,1095.1,0,0.37
34320,9799,3042.92,754.71,3213.08,1004.62,0,0.92
34320,9909,2181.92,868.36,2335.16,1145.66,0,0.95
34320,9858,2908.38,403.24,3050.72,551.43,0,0.67
34320,9895,2751.35,403.3,2903.27,545.01,0,0.65
34330,8577,2.31,923.44,156.43,1094.42,0,0.39
34330,9799,3042.58,753.95,3211.7,1003.27,0,0.92
34330,9909,2183.12,869.14,2333.26,1143.86,0,0.95
34330,9895,2750.22,405.67,2884.56,537.73,0,0.35
34340,9799,3042.97,755.07,3212.33,1015.05,0,0.93
34340,9909,2182.55,869.05,2332.79,1144,0,0.95
34340,9895,2746.78,400.8,2878.15,535.72,0,0.5
34340,9858,2898.94,402.29,3044.85,552.59,0,0.86
34350,9799,3042.96,755.7,3212.52,1019.27,0,0.94
34350,9909,2181.31,868.57,2332.62,1143.69,0,0.94
34350,8577,3.35,925.81,155.84,1096.58,0,0.46
34360,9799,3042.78,757.23,3212.19,1020.98,0,0.94
34360,9909,2181.81,867.63,2333.58,1143.37,0,0.94
34360,8577,3.94,924.67,155.65,1095.73,0,0.46
34360,9895,2763.75,399.78,2896.59,538.93,0,0.66
34360,9858,2901.72,402.18,3045.59,551.83,0,0.87
34370,9799,3042.82,757.87,3212,1021.98,0,0.94
34370,9909,2181.63,867.07,2333.99,1143.46,0,0.94
34370,8577,4.02,924.03,155.58,1095.67,0,0.46
34370,9895,2751.95,395.12,2887,537.12,0,0.55
34370,9858,2894.8,401.83,3044.35,550.53,0,0.83
34380,9799,3043.38,758.15,3211.48,1021.73,0,0.95
34380,9909,2180.72,867.11,2334.28,1143.29,0,0.94
34380,8577,4.05,923.65,155.68,1095.6,0,0.45
34380,9895,2747.9,394.17,2882.2,535.83,0,0.5
34380,9858,2897.04,402.69,3041.35,548.07,0,0.74
34380,9914,3034.14,450.03,3174.95,566.93,0,0.37
34390,9799,3042.86,756.84,3211.24,1019.78,0,0.93
34390,9909,2181.22,868.7,2334,1143.86,0,0.95
34390,8577,4.41,924.51,155.88,1096,0,0.51
34390,9895,2744.61,391.54,2882.22,537.16,0,0.63
34390,9858,2894.89,401.43,3041.73,550.05,0,0.87
34390,9937,760.8,526.2,887.38,681.63,0,0.76
34400,9799,3042.95,756.15,3211.45,1019.34,0,0.93
34400,9909,2181.66,869.43,2334.08,1143.81,0,0.95
34400,8577,4.15,923.86,155.93,1095.28,0,0.5
34410,9799,3043.09,755.87,3211.13,1021.33,0,0.94
34410,9909,2180.77,868.65,2334.41,1142.96,0,0.94
34410,8577,3.13,924.68,156.09,1094.81,0,0.5
34410,9914,3037.46,437.43,3182.25,569.4,0,0.42
34410,9895,2744.61,394.67,2875.95,537.3,0,0.57
34410,9858,2895.35,401.19,3043.25,550.63,0,0.87
34420,9799,3042.48,755.2,3210.45,1018.02,0,0.95
34420,9909,2181.23,868.79,2333.9,1143.32,0,0.94
34420,8577,3.1,924.3,155.3,1094.19,0,0.47
34420,9895,2745.4,399.15,2877.89,535.94,0,0.35
34420,9858,2906.59,401.68,3039.12,544.61,0,0.78
34430,9799,3043.09,756.23,3210.44,1019.46,0,0.93
34430,9909,2181.54,869.39,2334.25,1143.83,0,0.94
34430,8577,3.47,925.35,155.56,1094.43,0,0.48
34430,9895,2745.25,395.69,2873.14,535.41,0,0.64
34430,9858,2904.55,401.63,3042.11,547.9,0,0.78
34440,9799,3042.78,756.58,3210.04,1019.62,0,0.93
34440,9909,2180.74,869.38,2334.31,1143.9,0,0.92
34440,8577,3.72,925.79,155.66,1094.48,0,0.48
34440,9895,2744.9,392.14,2876.46,536.47,0,0.59
34440,9858,2901.82,401.44,3043.36,549.9,0,0.85
34450,9799,3043.25,756.23,3210.37,1020.55,0,0.94
34450,9909,2181.56,868.73,2335.04,1144.05,0,0.95
34450,8577,3.61,925.31,155.85,1094.21,0,0.48
34450,9858,2880.82,402.9,3030.66,548.79,0,0.79
34450,9990,2453.14,1051.29,2617.77,1396.21,0,0.97
34460,9799,3043,756.29,3210.23,1020.85,0,0.91
34460,9909,2181.09,867.75,2335.07,1143.95,0,0.94
34460,8577,3.4,925.03,156.04,1094.46,0,0.48
34460,9858,2876.05,404.94,3029.38,551.86,0,0.89
34460,9990,2443.07,948.17,2598.05,1267.65,0,0.93
34460,9895,2716.68,371.6,2862.71,528.31,0,0.6
34470,9799,3043.29,756.4,3210.86,1022.67,0,0.94
34470,9909,2181.49,868.71,2334.52,1142.4,0,0.94
34470,8577,3.42,924.79,156.03,1094.17,0,0.49
34470,9858,2867.51,403.44,3022.81,553.85,0,0.95
34470,9990,2419.88,885.07,2566.05,1177.54,0,0.95
34470,9895,2713.03,364.55,2857.64,523.6,0,0.58
34470,9914,3045.29,442.9,3186.71,574.51,0,0.75
34480,9799,3043.36,754.78,3210.83,1020.18,0,0.94
34480,9909,2180.46,868.17,2333.58,1141.88,0,0.93
34480,8577,3.68,925.04,155.94,1094.68,0,0.48
34480,9858,2860.57,406.49,3011.15,554.94,0,0.87
34480,9990,2404.96,835.85,2541.97,1118.77,0,0.96
34480,9895,2680.08,387.12,2823.41,531.37,0,0.54
34480,9914,3046.96,442.12,3184.46,574.27,0,0.77
34490,9799,3043.46,753.79,3210.76,1019.37,0,0.94
34490,9909,2180.12,868.41,2332.15,1141.79,0,0.95
34490,8577,4.22,925.16,155.51,1094.5,0,0.46
34490,9858,2817.36,404.75,2967.15,550.24,0,0.75
34490,9990,2392.39,807.4,2528.15,1076.07,0,0.94
34490,9937,787.84,468.42,883.09,628.11,0,0.9
34500,9799,3043.83,754.28,3210.61,1017.86,0,0.94
34500,9909,2180.83,870.13,2332.03,1142.57,0,0.95
34500,8577,4.55,925.37,155.45,1094.3,0,0.47
34500,9990,2388.83,786.92,2523.54,1053.34,0,0.45
34500,10000,2932.59,423.58,3091.15,559.57,0,0.86
34500,9895,2690.37,393.64,2838.94,533.86,0,0.78
34510,9799,3044.06,754.26,3210.07,1016.4,0,0.95
34510,9909,2180.98,871.43,2331.85,1142.84,0,0.94
34510,8577,4.72,925.51,155.37,1094.15,0,0.46
34510,9990,2391.07,772.32,2526.04,1041.3,0,0.93
34510,9858,2805.52,414.01,2954.26,549.59,0,0.79
34520,9799,3044.75,756.66,3210.21,1017.79,0,0.95
34520,9909,2180.95,871.85,2332.58,1143.3,0,0.94
34520,8577,4.88,925.54,155.35,1094.48,0,0.47
34520,9990,2392.37,767.29,2528.93,1034.92,0,0.94
34520,9895,2678.88,376.83,2854.43,529.38,0,0.66
34530,9799,3044.8,755.41,3210.25,1018.1,0,0.95
34530,9909,2181.37,871.99,2332.9,1143.07,0,0.94
34530,8577,4.18,925.05,155.36,1094.51,0,0.44
34530,9990,2392.72,765.6,2530.36,1032.16,0,0.93
34530,10010,999.37,665.55,1113.81,879.2,0,0.92
34540,9799,3044.98,754.57,3210.76,1018.43,0,0.95
34540,9909,2181.22,872.34,2332.52,1142.34,0,0.94
34540,8577,3.62,924.89,155.69,1094.44,0,0.46
34540,9990,2392.86,769.62,2530.5,1032.7,0,0.93
34550,9799,3044.17,755.21,3210.36,1017.79,0,0.94
34550,9909,2180.78,872.53,2331.81,1141.61,0,0.94
34550,8577,3.71,926.81,155.82,1093.35,0,0.48
34550,9990,2392.43,771.76,2530.79,1033.8,0,0.93
34560,9799,3044.16,755.41,3210.1,1017.32,0,0.95
34560,9909,2180.89,872.5,2332.38,1141.6,0,0.94
34560,8577,3.72,926.86,155.89,1093.28,0,0.44
34560,9990,2394.01,775.21,2530.84,1035.01,0,0.92
34570,9799,3043.77,754.74,3209.36,1015.42,0,0.96
34570,9909,2180.54,872.92,2332.26,1141.88,0,0.94
34570,8577,3.59,926.6,156.18,1093.44,0,0.46
34570,9990,2393.84,777.09,2531.97,1036.58,0,0.93
34580,9799,3044.73,755.24,3210.16,1017.9,0,0.93
34580,9909,2180.76,872.48,2332.05,1142.24,0,0.93
34580,8577,3.7,925.72,155.66,1093.42,0,0.49
34580,9990,2394.22,778.47,2532.59,1037.22,0,0.91
34590,9799,3044.89,755.41,3210.65,1019.5,0,0.92
34590,9909,2180.51,871.03,2332.17,1142.42,0,0.94
34590,8577,3.97,925.4,155.31,1093.49,0,0.48
34590,9990,2393.82,775.29,2532.16,1039.57,0,0.92
34590,10035,1012.58,380.02,1158.54,513.51,0,0.56
34600,9799,3044.61,755.81,3210.79,1019.21,0,0.93
34600,9909,2180.92,870.67,2332.23,1143.06,0,0.94
34600,8577,4.31,925.46,155.67,1093.92,0,0.46
34600,9990,2393.42,778.98,2531.76,1043.85,0,0.92
34600,10036,707.39,596.93,812.99,784.13,0,0.57
34610,9799,3044.52,755.69,3210.67,1019.35,0,0.93
34610,9909,2180.83,871.16,2332.71,1143.58,0,0.94
34610,8577,4.68,925.37,155.72,1093.92,0,0.46
34610,9990,2393.63,780.6,2531.97,1046.42,0,0.92
34620,9799,3044.33,755.54,3210.52,1019.18,0,0.93
34620,9909,2180.52,870.48,2332.38,1143.44,0,0.95
34620,8577,4.88,924.77,156.02,1093.68,0,0.46
34620,9990,2393.95,780.95,2531.57,1047.11,0,0.92
34630,9799,3043.92,755.9,3210.49,1017.29,0,0.93
34630,9909,2180.22,870.74,2332.48,1143.3,0,0.95
34630,8577,5.88,922.96,154.03,1093.16,0,0.26
34630,9990,2392.72,781.53,2531.98,1045.85,0,0.92
34640,9799,3043.11,756.25,3210.48,1008.09,0,0.93
34640,9909,2180.42,871.07,2332.26,1143.04,0,0.94
34640,8577,6.28,922.41,154.61,1091.26,0,0.38
34640,9990,2392.44,781.44,2532.05,1046.02,0,0.92
34640,10036,729.71,581.55,828.86,753.52,0,0.48
34650,9799,3043.7,756.57,3210.35,1011.55,0,0.94
34650,9909,2181.78,871.26,2331.82,1142.72,0,0.94
34650,8577,5,924.11,155.38,1092.88,0,0.46
34650,9990,2392.86,782.06,2532.29,1049.37,0,0.91
34660,9799,3043.9,756.67,3209.98,1013.93,0,0.94
34660,9909,2182.48,870.86,2331.8,1142.53,0,0.95
34660,8577,4.55,924.82,155.57,1093.41,0,0.44
34660,9990,2392.9,782.44,2532.55,1049.42,0,0.91
34660,10051,794.83,634.72,910.16,847.59,0,0.82
34670,9799,3044.08,756.58,3210.63,1015.77,0,0.94
34670,9909,2182.17,871.28,2331.51,1142.55,0,0.94
34670,8577,4.11,925.47,155.69,1093.59,0,0.46
34670,9990,2390.96,778.4,2534.09,1048.6,0,0.94
34680,9799,3044.37,756.41,3210.81,1016.37,0,0.94
34680,9909,2182.24,871.24,2331.84,1142.94,0,0.95
34680,8577,3.74,925.6,156.02,1093.91,0,0.49
34680,9990,2391.15,777.78,2535.31,1047.41,0,0.93
34690,9799,3044.22,756.17,3210.93,1016.56,0,0.94
34690,9909,2181.91,872.35,2332.45,1142.87,0,0.95
34690,8577,3.5,925.24,156.34,1094.09,0,0.52
34690,9990,2390.32,777.39,2536.07,1046.28,0,0.92
34700,9799,3044.34,756.2,3210.5,1016.83,0,0.93
34700,9909,2181.34,871.9,2333.54,1143,0,0.95
34700,8577,2.9,925.19,156.32,1092.9,0,0.51
34700,9990,2393.29,780.51,2532.41,1047.08,0,0.77
34710,9799,3044.35,756.33,3210.22,1016.97,0,0.93
34710,9909,2180.75,872.31,2334.73,1143.07,0,0.95
34710,9990,2395.9,782.21,2531.32,1049.74,0,0.93
34720,9799,3044.99,755.97,3211.65,1019.55,0,0.94
34720,9909,2180.92,871.98,2333.56,1142.88,0,0.94
34720,9990,2397.68,782.93,2532.04,1048.89,0,0.9
34720,8577,3.35,926.71,156.98,1094.09,0,0.52
34730,9799,3045.09,755.56,3212.32,1020.31,0,0.94
34730,9909,2180.72,871.66,2332.74,1143.18,0,0.94
34730,9990,2397.68,783.51,2533.96,1049.2,0,0.92
34730,8577,3.38,926.79,157.33,1094.74,0,0.51
34740,9799,3045.43,755.47,3212.47,1021.13,0,0.94
34740,9909,2180.64,872.4,2332.62,1142.84,0,0.94
34740,9990,2396.95,784.86,2534.71,1048.46,0,0.92
34740,8577,3.4,927.19,157.37,1095.22,0,0.53
34750,9799,3044.87,756.28,3211.61,1022.76,0,0.94
34750,9909,2180.46,872.87,2332.85,1143.29,0,0.95
34750,9990,2396.65,784.77,2533.39,1049.04,0,0.9
34750,8577,4.14,926.76,156.55,1093.14,0,0.5
34760,9799,3045.5,748.01,3209.97,1021.06,0,0.94
34760,9909,2180.79,873.11,2332.57,1143.35,0,0.95
34760,9990,2395.98,785.43,2531.79,1050.41,0,0.92
34760,8577,4.1,926.41,156.32,1093.41,0,0.48
34770,9799,3044.71,751.61,3209.97,1018.31,0,0.93
34770,9909,2181.18,873.24,2332.24,1143.38,0,0.94
34770,9990,2394.79,786.09,2530.88,1051.78,0,0.92
34770,8577,3.93,925.96,156.42,1093.55,0,0.5
34780,9799,3044.39,754.46,3210.05,1017.96,0,0.93
34780,9909,2182.42,872.91,2333.23,1143.24,0,0.95
34780,9990,2394.64,786.58,2530.85,1051.46,0,0.91
34780,8577,3.95,925.99,156.4,1093.42,0,0.5
34790,9799,3044.39,755.81,3210.5,1020.08,0,0.93
34790,9909,2182.32,872.82,2332.59,1142.66,0,0.95
34790,9990,2395.39,785.91,2530.71,1050.69,0,0.92
34790,8577,4.95,926.62,156.12,1095.04,0,0.48
34800,9799,3044.52,755.83,3210.82,1020.97,0,0.94
34800,9909,2182.35,873.35,2332.32,1142.09,0,0.95
34800,9990,2396.05,785.47,2531.02,1049.74,0,0.92
34800,8577,4.81,926.96,156.49,1095.83,0,0.5
34810,9799,3044.58,756.18,3211.24,1023.27,0,0.95
34810,9909,2182.39,873.74,2333.05,1142.54,0,0.95
34810,9990,2395.75,787.47,2530.54,1049.58,0,0.9
34810,8577,4.41,926.45,156.69,1096.37,0,0.51
34820,9799,3045.57,756.3,3211.64,1017.42,0,0.94
34820,9909,2182.44,872.3,2332.82,1143.11,0,0.94
34820,9990,2395.69,787.59,2530.74,1049.86,0,0.91
34820,8577,3.56,926.55,155.81,1094.7,0,0.53
34830,9799,3045.74,753.37,3212.4,1009.41,0,0.45
34830,9909,2182.56,871.91,2332.68,1143.17,0,0.94
34830,9990,2395.47,787.56,2530.36,1050.46,0,0.9
34830,8577,3.5,926.61,155.31,1093.67,0,0.52
34840,9799,3044.34,753.64,3211.87,985.53,0,0.61
34840,9909,2182.02,871.5,2332.72,1143.12,0,0.95
34840,9990,2395.41,785.78,2530.93,1051.22,0,0.93
34840,8577,4.05,926.47,154.92,1093.74,0,0.51
34850,9799,3039.45,754.52,3219.24,983.79,0,0.78
34850,9909,2182.05,871.45,2332.87,1143.33,0,0.95
34850,9990,2394.38,784.81,2529.98,1050.66,0,0.93
34850,8577,4.75,926.05,154.81,1093.19,0,0.48
34860,9799,3040.12,756.5,3213.88,989.39,0,0.72
34860,9909,2181.98,871.33,2333.1,1143.47,0,0.95
34860,9990,2393.8,785.4,2529.85,1051.01,0,0.92
34860,8577,4.99,926.09,154.81,1093.37,0,0.49
34870,9799,3041.94,755.68,3211.07,1005.82,0,0.93
34870,9909,2180.84,872.41,2333.14,1143.29,0,0.94
34870,9990,2393.95,785.06,2530.14,1051.61,0,0.92
34870,8577,5.02,926.78,155.46,1093.11,0,0.52
34870,10084,3277.69,808.61,3419.95,1041.94,0,0.93
34880,9799,3043.08,755.64,3210.21,1012.69,0,0.94
34880,9909,2180.72,872.44,2332.96,1143.04,0,0.94
34880,9990,2394.5,785.34,2530.33,1051.55,0,0.92
34880,8577,5.13,927.13,155.64,1092.6,0,0.52
34880,10084,3296.64,786.19,3424.81,1021.85,0,0.93
34890,9799,3043.24,755.39,3208.29,1006.73,0,0.91
34890,9909,2180.65,871.87,2332.33,1142.67,0,0.95
34890,9990,2394.7,785.1,2530.21,1053.44,0,0.91
34890,8577,3.96,926.62,156.01,1093.11,0,0.48
34890,10084,3295.9,770.35,3417.02,997.9,0,0.68
34900,9799,3043.46,755.11,3208.35,1001.33,0,0.43
34900,9909,2181.72,871.9,2332.63,1142.96,0,0.95
34900,9990,2394.43,785.01,2530.1,1054.22,0,0.92
34900,8577,4.18,925.85,156.01,1092.92,0,0.47
34900,10084,3286.19,749.97,3402.55,974.78,0,0.95
34900,10089,2727.64,706.83,2844.58,887.92,0,0.67
34910,9799,3043.64,755.39,3208.62,1000.69,0,0.62
34910,9909,2182.43,872.05,2334.49,1142.92,0,0.95
34910,9990,2394.48,785.52,2529.78,1054.81,0,0.92
34910,8577,4.22,925.58,156.15,1093.39,0,0.5
34910,10084,3281.73,741.39,3402.47,967.07,0,0.95
34910,10089,2726.86,711.81,2843.72,890.15,0,0.38
34920,9799,3043.6,755.31,3209.12,1004.2,0,0.9
34920,9909,2183.65,871.66,2334.69,1143.11,0,0.94
34920,9990,2395.02,785.92,2529.55,1055.2,0,0.9
34920,8577,4.42,924.86,155.74,1092.85,0,0.45
34920,10084,3285.88,741.45,3403.66,967.4,0,0.97
34920,10089,2729.8,714.07,2841.99,886.66,0,0.31
34930,9799,3043.5,756.01,3209.1,1005.19,0,0.93
34930,9909,2183.99,872.56,2334.37,1142.83,0,0.94
34930,9990,2394.95,786.3,2529.43,1055.15,0,0.91
34930,10084,3289.64,744.91,3404.86,972.19,0,0.95
34930,10089,2732.64,714.05,2841.96,883.92,0,0.48
34940,9799,3043.47,756.56,3208.68,1005.66,0,0.93
34940,9909,2184.74,872.02,2334.95,1142.97,0,0.94
34940,9990,2394.78,786.37,2529.61,1054.59,0,0.91
34940,10084,3289.93,748.15,3407.19,975.73,0,0.94
34940,10089,2733.78,712.4,2842.11,885.8,0,0.37
34940,8577,4.87,923.19,154.65,1094.48,0,0.34
34950,9799,3043.43,756.78,3208.44,1005.79,0,0.93
34950,9909,2184.46,871.07,2334.74,1143.1,0,0.94
34950,9990,2394.98,785.54,2529.42,1054.4,0,0.91
34950,10084,3290.72,750.62,3408.52,977.82,0,0.94
34950,8577,3.8,923.76,155.97,1093.98,0,0.53
34960,9799,3043.34,756.63,3208.15,1005.75,0,0.93
34960,9909,2183.43,869.41,2334.43,1143.32,0,0.94
34960,9990,2395.87,785.68,2530.59,1054.58,0,0.91
34960,10084,3290.67,751.42,3408.09,979.07,0,0.95
34960,8577,3.93,924.91,155.59,1093.36,0,0.49
34970,9799,3043.52,754.94,3210.14,1011.91,0,0.93
34970,9909,2182.43,869.42,2333.22,1140.73,0,0.93
34970,9990,2397.02,784.92,2532.07,1052.23,0,0.93
34970,10084,3284.05,741.39,3404.26,966.4,0,0.94
34970,8577,4.38,926.47,155.35,1093.5,0,0.49
34980,9799,3054.81,741.66,3207.37,979.17,0,0.91
34980,9909,2179.1,849.63,2325.95,1127.58,0,0.89
34980,9990,2395.69,780.01,2531.38,1041.54,0,0.95
34980,10084,3260.69,713.64,3378.78,925.61,0,0.94
34980,8577,4.5,927.2,155.21,1093.25,0,0.49
34990,9799,3072.44,718.44,3194.84,940.22,0,0.81
34990,9909,2166.48,823.61,2309.71,1091.84,0,0.93
34990,9990,2385.32,761.89,2517.42,1014.86,0,0.92
34990,8577,3.68,927.32,155.98,1092.66,0,0.51
35000,9799,3074.85,690.06,3180.89,895.91,0,0.85
35000,9909,2149.62,784.16,2284.05,1037.89,0,0.82
35000,9990,2372.79,727.67,2495.11,970.1,0,0.89
35000,8577,3.28,927.42,156.1,1092.25,0,0.5
35000,10120,1337.21,557.74,1433.55,752.29,0,0.9
35010,9799,3056.88,642.34,3160.75,846.85,0,0.91
35010,9909,2125.68,733.31,2252.14,970.58,0,0.87
35010,9990,2347.93,685.43,2464.93,915.95,0,0.87
35010,8577,3.05,927.21,156.44,1092.41,0,0.51
35010,10120,1329.03,511.61,1422.74,691.18,0,0.8
35010,10126,838.7,516.88,936.22,682.58,0,0.76
35020,8577,4.12,926.42,155.98,1093.05,0,0.5
35020,10120,1300.71,466.82,1387.1,626.24,0,0.95
35020,10126,827.54,483.93,921.73,646.74,0,0.48
35020,10132,2997.28,582.06,3097.57,761.5,0,0.82
35030,8577,4.72,926.07,155.52,1092.8,0,0.48
35030,10120,1257.53,424.09,1336.35,572.08,0,0.93
35030,10137,799.63,365.75,896.79,498.2,0,0.67
35030,10139,2930.95,528.96,3021.07,706.78,0,0.76
35040,8577,4.56,926.98,155.49,1092.02,0,0.45
35040,10120,1202.78,386.87,1283.12,525.21,0,0.59
35040,10137,800.4,370.17,892.85,497.36,0,0.53
35040,10139,2943.45,481.16,3023.98,650.16,0,0.7
35040,10143,2026.25,550.78,2122.78,732.89,0,0.83
35040,10144,3247.27,372.32,3339.54,506.32,0,0.76
35040,10145,2858.06,490.48,2936.48,647.25,0,0.63
35040,10126,802.73,461.2,889.27,597.29,0,0.38
35050,8577,4.51,927.45,155.52,1091.93,0,0.46
35050,10120,1143.56,356.06,1216.4,481.37,0,0.9
35050,10153,2793.02,442.93,2879.61,602.44,0,0.61
35060,8577,4.65,927.88,155.37,1091.95,0,0.45
35060,10158,1976.72,444.89,2064.41,609.95,0,0.84
35060,10162,2154.43,291.05,2218.04,383.12,0,0.56
35060,10144,3252.85,373.05,3341.55,505.18,0,0.72
35070,8577,5.19,926.53,155.02,1093.17,0,0.51
35070,10162,2155.2,296.62,2216.89,383.38,0,0.38
35070,10144,3256.19,372.76,3344.48,503.68,0,0.48
35080,8577,4.55,927.03,154.89,1094.47,0,0.41
35080,10187,881.74,395.89,967.71,527,0,0.77
35090,8577,4.49,927.19,154.81,1094.21,0,0.39
35090,10187,887.94,380.9,964.29,506.26,0,0.68
35090,10198,2531.66,355.4,2597.52,473.18,0,0.52
35090,10137,795.78,374.25,851.45,495.35,0,0.4
35100,8577,5.32,927.63,156.2,1093.76,0,0.52
35100,10187,888.17,365.06,962.1,486.95,0,0.82
35100,10198,2523.9,368.12,2586.4,483.74,0,0.39
35100,10144,3251.53,370.94,3338.38,506.88,0,0.38
35110,8577,5.85,927.64,156.63,1093.56,0,0.53
35110,10187,900.47,361.22,965.63,468.45,0,0.32
35110,10198,2525.99,385.54,2593,517.29,0,0.64
35110,10211,3669.66,1043.56,3969.4,1357.06,0,0.86
35110,10217,757.77,456.6,851.72,613.53,0,0.4
35110,10144,3250.26,371.63,3339.77,506.48,0,0.35
35120,8577,6.19,927.48,156.8,1093.25,0,0.53
35120,10187,902.7,355.25,964.63,455.85,0,0.34
35120,10198,2542.45,403.33,2617.09,547.71,0,0.8
35120,10211,3629.95,1039.8,3913.41,1353.96,0,0.96
35120,10217,772.6,464.23,876.23,629.77,0,0.58
35120,10162,2153.23,294.25,2215.53,383.09,0,0.3
35130,8577,5.29,926.05,155.57,1093.41,0,0.52
35130,10211,3508.42,1026.96,3808.37,1334.36,0,0.84
35130,10217,777.92,468.11,882.84,648.87,0,0.63
35130,10239,925.51,529.64,1006.84,698.51,0,0.88
35140,8577,4.68,925.74,155.16,1093.38,0,0.53
35140,10241,1208.28,610.76,1310.99,820.35,0,0.76
35140,10198,2502.12,417.65,2603.7,566.87,0,0.85
35150,8577,3.28,927.64,156.39,1095.65,0,0.55
35150,10241,1207.28,571.5,1300.47,769.72,0,0.61
35150,10145,2831.23,545.57,2928.17,741.62,0,0.93
35160,8577,2.68,927.98,156.44,1095.47,0,0.6
35160,10241,1201.28,532.81,1290.86,703.63,0,0.46
35160,10153,2775.75,483.79,2904.07,637.15,0,0.77
35160,10239,930.63,542.22,1012.52,703.06,0,0.6
35170,8577,2.97,928.34,156.59,1096.84,0,0.56
35170,10241,1178.63,499.82,1259.72,660.67,0,0.89
35170,10239,953.48,528.52,1043.71,692.11,0,0.71
35170,9799,2949.59,500.13,3111.42,668.71,0,0.85
35180,8577,2.93,927.06,156.3,1095.56,0,0.54
35180,10241,1151.22,464.58,1235.05,628.6,0,0.8
35180,10084,3164.85,534.04,3331.46,708.91,0,0.86
35190,8577,3.11,926.57,156.22,1094.57,0,0.54
35190,10241,1122.19,451.38,1203.09,603.58,0,0.86
35200,8577,3.17,927.44,158.13,1095.41,0,0.52
35200,10241,1089.09,440.06,1173.63,588.71,0,0.75
35200,10158,1974.39,393.9,2065.18,545.28,0,0.86
35210,8577,4.36,928.82,157.98,1092.61,0,0.51
35210,10241,1067.07,430.35,1140.92,567.36,0,0.6
35210,10294,3953.3,631.79,4089.87,828.63,0,0.59
35220,8577,3.82,929.43,158.02,1093.47,0,0.54
35220,10241,1034.63,400.48,1124.05,554,0,0.74
35230,8577,4.21,926.9,156.46,1094.87,0,0.55
35240,8577,4.46,925.84,155.97,1094.52,0,0.5
35250,8577,3.84,926.32,156.27,1093.99,0,0.55
35250,10318,1533.01,481.37,1620.39,655.44,0,0.96
35250,10319,1092.76,448.65,1186.28,606.54,0,0.86
35250,10322,925.26,375.5,993.26,501.88,0,0.65
35260,8577,3.49,926.44,156.44,1093.63,0,0.52
35260,10318,1518.7,447.18,1602.75,616.26,0,0.93
35260,10319,1074.95,481.31,1174.23,649.99,0,0.93
35270,8577,3.71,926.77,156.59,1092.67,0,0.51
35270,10318,1480.63,410.66,1565.34,569.63,0,0.95
35270,10239,1028.02,534.46,1137.63,728.58,0,0.85
35280,8577,4.03,927.58,156.59,1093.96,0,0.54
35290,8577,3.88,927.61,156.65,1094.56,0,0.56
35300,8577,3.3,927.03,156.77,1094.31,0,0.53
35310,8577,3.01,926.8,156.94,1094.41,0,0.49
35310,10143,1982.16,597.92,2093.05,793.37,0,0.95
35320,8577,3.59,926.75,156.52,1092.74,0,0.5
35320,10143,1987.65,542.43,2091.35,725.49,0,0.94
35320,10318,1363.52,316.41,1432.68,435.17,0,0.64
35330,8577,3.19,926.22,156.54,1094.55,0,0.52
35330,10143,1990.91,476.33,2086.17,647.54,0,0.93
35330,10318,1359.14,309.75,1425.16,422.07,0,0.69
35340,8577,3.25,926.08,156.29,1094.33,0,0.48
35340,10143,2003.76,428.57,2089.13,579.79,0,0.87
35340,10318,1356.55,297.28,1423.26,412.98,0,0.65
35350,8577,3.65,926.69,156.62,1094.31,0,0.5
35350,10143,2013.5,385.79,2089.87,523.76,0,0.86
35350,10352,766.32,682.45,846.39,836.52,0,0.34
35360,8577,3.82,926.96,156.74,1094.44,0,0.52
35370,8577,3.72,928.37,156.18,1094.66,0,0.53
35370,10158,1978.26,313.87,2043.34,434.14,0,0.58
35380,8577,3.83,928.91,155.89,1094.61,0,0.51
35390,8577,3.87,928.81,156.24,1094.9,0,0.52
35390,10361,909.29,643.03,1016.07,855.12,0,0.73
35400,8577,3.8,927.38,155.97,1093.86,0,0.51
35410,8577,3.58,926.59,156.04,1093.64,0,0.51
35420,8577,4.06,927.42,156.22,1096.07,0,0.54
35430,8577,4.75,927.97,155.28,1095.24,0,0.47
35440,8577,5.09,928.08,155.62,1095.32,0,0.56
35450,8577,4,928.05,155.54,1095.81,0,0.53
35460,8577,4.07,928.27,155.04,1094.48,0,0.48
35470,8577,4.81,927.46,154.95,1095.57,0,0.55
35480,8577,5.29,927.05,154.91,1095.71,0,0.52
35490,8577,5.72,926.31,155.1,1095.67,0,0.52
35500,8577,4.31,926.59,155.58,1095.69,0,0.54
35500,10387,1157.58,791.66,1283.24,1059.63,0,0.88
35510,8577,4.52,926.63,156,1094.57,0,0.59
35510,10387,1137.49,720.57,1250.77,956.5,0,0.96
35520,8577,4.57,926.97,156.52,1094.35,0,0.54
35520,10387,1103.86,649.06,1211.68,869.42,0,0.96
35530,8577,4.47,927.1,156.64,1094.34,0,0.56
35530,10387,1081.95,592.17,1180.23,790.56,0,0.65
35540,8577,4.49,926.91,156.1,1094,0,0.55
35540,10387,1043.74,544.89,1139.08,727.66,0,0.96
35550,8577,4.26,926.72,156.01,1094.01,0,0.55
35550,10387,999.76,509.21,1090.14,676.89,0,0.94
35560,8577,4.3,926.81,155.87,1093.82,0,0.55
35570,8577,4.37,926.71,155.85,1092.88,0,0.52
35580,8577,4.73,926.62,155.47,1092.01,0,0.49
35590,8577,4.1,926.62,155.05,1093.23,0,0.53
35590,10411,3530.77,904.7,3647.01,1173.61,0,0.88
35600,8577,3.73,926.58,154.99,1093.78,0,0.52
35600,10411,3499.2,920.62,3623.96,1186.64,0,0.83
35600,10415,1814.17,458.34,1898.81,620.7,0,0.94
35610,8577,3.42,926.36,155.17,1094.27,0,0.55
35610,10411,3489.78,926.82,3616.77,1192.27,0,0.64
35610,10415,1818.46,409.55,1899.73,562.77,0,0.83
35620,8577,3.87,926.71,155.79,1094.27,0,0.54
35620,10411,3480.92,895.13,3723.23,1159.22,0,0.7
35620,10415,1825.21,361.45,1899.89,500.97,0,0.85
35630,8577,4.09,926.74,156.01,1094.56,0,0.54
35630,10415,1833.62,328.96,1901.67,450.4,0,0.71
35640,8577,3.41,926.6,156.31,1094.55,0,0.59
35640,10415,1842.34,300.61,1905.23,416.57,0,0.42
35650,8577,3.25,926.53,156.7,1095.17,0,0.56
35650,10424,3299.89,968.35,3505.83,1201.98,0,0.94
35660,8577,3.24,926.38,156.57,1094.68,0,0.51
35660,10424,3255.81,966.4,3469.44,1202.57,0,0.89
35660,10426,260.44,523.74,346.6,667.91,0,0.4
35670,8577,4,925.75,156.27,1094.82,0,0.56
35670,10424,3227.71,968.64,3444.54,1203.43,0,0.9
35670,10426,258.11,524.12,349.28,669.48,0,0.47
35670,10427,797.28,705.15,877.84,863.36,0,0.34
35680,8577,4.24,925.7,156.27,1095.03,0,0.55
35680,10424,3219.19,965,3437.98,1203,0,0.88
35680,10426,257.86,522.51,350.08,669.24,0,0.46
35680,10427,798.66,705.03,877.15,863.63,0,0.44
35690,8577,3.72,926.43,156.22,1094.3,0,0.58
35690,10424,3217.54,963.04,3437.07,1204.37,0,0.81
35690,10426,258.21,522.02,350.97,669.27,0,0.61
35690,10427,799.07,705.88,877.51,864.26,0,0.31
35700,8577,3.54,926.69,156.1,1093.89,0,0.58
35700,10424,3217.22,955.93,3437.42,1204.54,0,0.86
35700,10426,258.78,521.71,350.82,669.09,0,0.64
35700,10427,798.18,707.83,877.14,864.7,0,0.36
35710,8577,3.53,926.71,155.91,1093.49,0,0.56
35710,10424,3218.16,967.58,3438.1,1204.42,0,0.86
35710,10426,259.5,521.7,350.66,669,0,0.62
35710,10427,798.46,710.25,875.96,865.18,0,0.48
35720,8577,3.18,927.03,156.81,1094.26,0,0.6
35720,10424,3221.38,966.43,3439.01,1204.84,0,0.83
35720,10426,258.79,520.85,350.26,667.73,0,0.6
35720,10427,800.69,710.55,876.47,865.45,0,0.38
35730,8577,2.97,927.17,156.97,1094.65,0,0.62
35730,10424,3224.64,960.03,3443.49,1204.54,0,0.92
35730,10426,258.42,520.8,349.65,667.04,0,0.61
35740,8577,3.78,927.5,156.59,1093.95,0,0.57
35740,10424,3227.35,956.31,3444.77,1204.72,0,0.94
35740,10426,258.56,521.18,349.69,668.18,0,0.49
35750,8577,4.34,927.78,156.32,1093.62,0,0.54
35750,10424,3201.01,977.61,3424.59,1203.24,0,0.88
35750,10426,258.68,521.33,349.66,668.44,0,0.52
35760,8577,4.43,927.63,156.44,1093.82,0,0.54
35760,10424,3193.1,972.95,3417.31,1202.69,0,0.87
35760,10426,258.28,521.33,350.17,669.17,0,0.52
35760,10461,923.4,718.19,1034.08,938.92,0,0.67
35770,8577,3.44,926.77,157.01,1094.56,0,0.58
35770,10424,3188.57,971.57,3413.87,1201.49,0,0.89
35770,10426,258.29,521.18,350.21,668.99,0,0.69
35770,10463,695.21,876.8,847.01,1151.25,0,0.79
35780,8577,2.81,926.15,157.39,1094.91,0,0.6
35780,10424,3187.04,971.22,3412.93,1201.69,0,0.9
35780,10465,357.84,1112.91,557.09,1456.79,3,0.97
35790,8577,3.96,926.12,156.79,1094.02,0,0.56
35790,10424,3186.44,964.11,3414.28,1202.08,0,0.9
35800,8577,4.47,926.42,156.62,1093.7,0,0.53
35800,10424,3137.01,948.18,3369.27,1202.48,0,0.91
35810,8577,4.46,926.51,156.78,1094.13,0,0.53
35810,10424,3070.99,921.71,3291.82,1195.14,0,0.62
35820,8577,3.9,926.1,156.78,1095.44,0,0.54
35830,8577,4.08,925.71,156.7,1095.9,0,0.54
35840,8577,5.32,927.16,156.66,1094.9,0,0.54
35850,8577,5.2,927.81,156.65,1095.17,0,0.53
35860,8577,4.99,927.61,156.93,1095.66,0,0.55
35860,10477,2781.97,1367.17,2975.29,1780.32,0,0.9
35870,8577,4.35,926.49,156.41,1094.86,0,0.54
35880,8577,4.14,926.07,156.25,1094.4,0,0.54
35880,10486,966.25,984.51,1109.57,1331.37,0,0.83
35890,8577,3.48,926.11,156.58,1094.78,0,0.52
35890,10486,974.69,953.21,1113.26,1289.89,0,0.92
35900,8577,3.18,925.51,156.92,1095.16,0,0.54
35900,10486,956.09,913.69,1100.39,1236.07,0,0.94
35910,8577,3.38,925.45,156.74,1094.01,0,0.53
35910,10486,918.5,864.56,1055.92,1168.82,0,0.86
35910,10505,1129.53,594.68,1287.83,775.18,0,0.67
35920,8577,2.61,925.24,156.72,1095.88,0,0.57
35920,10486,887.06,848.39,1031.3,1139.22,0,0.87
35920,10507,1414.45,612.39,1603.51,813.46,0,0.8
35930,8577,2.24,924.54,156.64,1096.39,0,0.56
35930,10486,874.45,821.95,1013.56,1115.96,0,0.93
35930,10507,1491.06,583.35,1661.12,776.3,0,0.93
35930,10514,1766.41,647.39,1962.53,850.32,0,0.8
35930,10515,1667.72,547.32,1835.11,711.35,0,0.9
35930,10517,1219.62,550.22,1357.32,718.62,0,0.76
35930,10518,3432,911.17,3586.36,1190.68,0,0.93
35940,8577,2.69,924.68,155.97,1095.02,0,0.61
35940,10486,853.9,777.3,984.73,1062.87,0,0.65
35940,10507,1491.76,568.6,1630.3,747.48,0,0.68
35940,10514,1813.77,619.56,1991.36,823.93,0,0.89
35940,10518,3448.12,898.27,3597,1178,0,0.89
35940,10525,996.04,506.61,1115.04,664.66,0,0.78
35950,8577,3.78,925.17,154.97,1091.41,0,0.46
35950,10514,1788.95,596.57,1950.15,786.12,0,0.9
35950,10518,3455.31,896.3,3601.67,1173.17,0,0.77
35950,10427,770.07,708.34,903.7,965.6,0,0.93
35950,10517,1249.32,576.9,1417.66,792.94,0,0.83
35960,8577,3.02,925,154.03,1091.8,0,0.49
35960,10518,3461.51,898.18,3603.98,1173.64,0,0.89
35960,10542,2510.93,697.12,2714.68,923.52,0,0.89
35960,10545,2131.92,631.57,2298.56,835.33,0,0.91
35960,10424,2833.12,761.1,3066.13,984.68,0,0.92
35970,8577,3.51,925.5,155.86,1093.32,0,0.57
35970,10518,3474.92,888.84,3616.14,1100.99,3,0.63
35970,10542,2511.04,672.22,2687.17,891.24,0,0.93
35970,10551,682.08,615.79,792.76,832.76,0,0.88
35970,10554,3229.84,799.37,3464.24,1027.12,0,0.83
35970,10486,798.12,694.01,920.85,932.22,0,0.53
35970,10507,1576.67,531.26,1742.67,711.86,0,0.83
35970,10525,1032.05,533.29,1174.29,712.96,0,0.94
35970,10514,1765.37,636.01,1924.79,837.85,0,0.81
35980,8577,3.3,925.98,157.14,1095.41,0,0.55
35980,10518,3462.68,895.31,3605.26,1155.37,0,0.5
35980,10542,2552.48,684.09,2688.3,906.21,0,0.85
35980,10554,3302.72,782.09,3509.74,1008.36,0,0.88
35980,10565,1961.85,663.25,2149.88,862.22,0,0.76
35980,10566,2102.69,890.17,2245.4,1186.42,1,0.94
35980,10463,617.45,837.38,772.93,1114.93,0,0.72
35980,10517,1261.9,561.66,1430.71,758.78,0,0.9
35980,10424,2880.86,705.41,3083.6,938.5,0,0.82
35990,8577,2.76,926.23,157.74,1095.79,0,0.58
35990,10518,3461.72,897.38,3603.27,1167.31,0,0.72
35990,10554,3334.5,755.7,3523.66,977.83,0,0.67
35990,10566,2096.04,855.21,2238.71,1146.16,1,0.89
35990,10575,3700.09,841.75,3927.55,1096.29,0,0.81
35990,10424,2847.51,690.35,3035.8,940.59,0,0.85
35990,10465,329.83,1084.76,519.37,1421.81,0,0.74
35990,10545,2176.38,683.19,2353.19,905.22,0,0.97
36000,8577,2.58,926.25,157.42,1095.8,0,0.57
36000,10518,3462.65,892.62,3607.31,1173.54,0,0.59
36000,10554,3299.83,725.6,3473.55,948.45,0,0.77
36000,10566,2093.73,846.71,2239.86,1134.55,1,0.96
36000,10575,3748.46,816.87,3947.34,1059.94,0,0.88
36010,8577,2.54,926.29,157.58,1096.65,0,0.55
36010,10518,3459.52,893.07,3604.61,1174.5,0,0.89
36010,10566,2094.39,846.49,2238.87,1131.78,1,0.96
36010,10575,3732.45,803.41,3911.18,1029.7,0,0.79
36010,10424,2864.93,740.47,3055.42,978.35,0,0.93
36010,10545,2182.44,645.25,2388.52,856.71,0,0.95
36020,8577,2.04,926.11,157.14,1095.74,0,0.53
36020,10518,3454.54,893.64,3610.69,1174.27,0,0.63
36020,10566,2095.12,847.33,2238.32,1130.31,1,0.96
36020,10542,2606.17,661.66,2817.17,878.93,0,0.93
36030,8577,1.96,926.01,156.98,1095.7,0,0.54
36030,10518,3454.2,892.93,3607.65,1175.37,0,0.85
36030,10566,2095.67,847.58,2238.73,1130.8,1,0.96
36030,10505,1158.86,506.01,1304.89,683.06,0,0.95
36040,8577,3.3,925.12,157.38,1095.47,0,0.55
36040,10518,3456.79,892.46,3601.99,1173.9,0,0.51
36040,10566,2094.94,849.31,2238.34,1131.18,1,0.97
36050,8577,3.69,924.52,157.55,1094.45,0,0.53
36050,10518,3459.4,889.83,3606.68,1174.05,0,0.65
36050,10566,2094.22,849.31,2238.87,1132.13,1,0.97
36050,10515,1750.07,547.8,1925.42,742.79,0,0.76
36060,8577,4.41,925.65,157.07,1093.3,0,0.53
36060,10518,3460.44,888.53,3608.02,1174.54,0,0.78
36060,10566,2094.15,850.66,2237.42,1132.84,1,0.97
36060,10545,2207.99,595.43,2401.42,790.97,0,0.88
36070,8577,4.23,927.37,157.53,1095.27,0,0.55
36070,10518,3455.86,891.61,3604.58,1174.46,0,0.83
36070,10566,2097.4,850.18,2238.53,1132.92,1,0.97
36070,10551,676.32,560.74,799.19,755.4,0,0.76
36070,10542,2719.27,635.63,2924.58,842.72,0,0.95
36080,8577,3.82,926.88,157.6,1095.88,0,0.53
36080,10518,3455.12,889.29,3603.82,1175.46,0,0.92
36080,10566,2096.26,849.31,2237.14,1132.53,1,0.97
36080,10427,770.08,638.39,894.14,859.54,0,0.77
36090,8577,3.25,926.74,157.33,1094.96,0,0.55
36090,10518,3453.86,890.78,3603.71,1175.67,0,0.76
36090,10566,2098.09,849.55,2238.41,1132.15,1,0.96
36090,10427,777.45,576.19,904.26,758.85,0,0.82
36100,8577,3.22,926.41,157.43,1094.4,0,0.58
36100,10518,3459.66,888.75,3606.95,1176.56,0,0.52
36100,10566,2098.54,849.2,2238.97,1131.31,1,0.96
36110,8577,3.45,926.34,156.97,1092.75,0,0.58
36110,10518,3462.01,887.6,3608.22,1177.44,0,0.51
36110,10566,2097.92,851.34,2238.63,1132.48,1,0.97
36110,10517,1376.97,610.65,1550.05,808.42,0,0.89
36120,8577,4.05,926.58,156.81,1093.99,0,0.54
36120,10518,3461.72,888.13,3607.34,1174.83,0,0.72
36120,10566,2097.76,850.76,2238.55,1132.55,1,0.97
36130,8577,3.93,926.11,157.16,1094.71,0,0.52
36130,10518,3460.87,888.14,3607.61,1173.28,0,0.7
36130,10566,2099.23,851.11,2238.06,1132.53,1,0.9
36130,10424,2742.53,718.69,2955.74,936.08,0,0.35
36140,8577,3.26,925.22,157.07,1095.44,0,0.54
36140,10518,3456.41,890.93,3605.07,1173.65,0,0.6
36140,10566,2097.23,848.09,2240.04,1133.4,1,0.95
36150,8577,3.17,925.01,156.92,1094.79,0,0.56
36150,10518,3453.75,895.02,3603.42,1172.82,0,0.84
36150,10566,2096.2,848.12,2240.66,1133.45,1,0.97
36150,10628,2452.31,837.09,2601.5,1109.62,0,0.87
36160,8577,3.94,925.46,156.35,1093.41,0,0.52
36160,10518,3454.69,903.25,3615.91,1174.04,0,0.58
36160,10566,2095.65,848.34,2240.38,1133.81,1,0.97
36160,10628,2453.18,826.56,2589.1,1096.51,0,0.87
36170,8577,3.05,926.79,156.89,1093.64,0,0.56
36170,10518,3451.43,899.35,3607.65,1172.96,0,0.48
36170,10566,2095.24,848.39,2241.94,1135.08,1,0.97
36170,10628,2452.97,822.88,2587.62,1092.91,0,0.88
36170,10427,809.67,549.39,918.92,740.22,0,0.76
36180,8577,2.72,926.98,157.17,1093.78,0,0.56
36180,10518,3453.55,908.01,3599.48,1171.61,0,0.72
36180,10566,2095.33,848.17,2241.75,1135.16,1,0.97
36180,10628,2453.48,821.83,2587.6,1091.91,0,0.89
36180,10636,3242.78,813.76,3451.41,1053.04,0,0.76
36180,10638,679.17,600.1,781.57,814.48,0,0.64
36190,8577,2.64,927.29,157.44,1094.16,0,0.54
36190,10518,3455.54,900.17,3602.81,1174.51,0,0.88
36190,10566,2094.63,849.35,2240.53,1135.38,1,0.97
36190,10628,2453.33,822.82,2587.69,1091.73,0,0.87
36200,8577,2.85,927.18,157.55,1094.4,0,0.52
36200,10518,3461.28,893.28,3602.04,1175.36,0,0.63
36200,10566,2094.21,849.51,2240.22,1135.64,1,0.97
36200,10628,2452.54,822.59,2586.73,1091.56,0,0.88
36210,8577,2.8,925.48,158.19,1094.48,0,0.53
36210,10518,3460.49,889.05,3601.54,1173.75,0,0.65
36210,10566,2094.39,850.03,2240.21,1135.41,1,0.97
36210,10628,2452.02,821.9,2586.69,1091.38,0,0.84
36210,10465,326.15,959.47,498.41,1266.65,0,0.51
36220,10518,3461.35,889.91,3605.11,1173.58,0,0.42
36220,10566,2095.49,850.73,2241.08,1134.88,1,0.98
36220,10628,2452.95,823.75,2590.43,1092.32,0,0.87
36230,10518,3461.02,889.24,3607.84,1175.07,0,0.62
36230,10566,2095.73,849.95,2241.73,1134.79,1,0.97
36230,10628,2451.94,823.95,2588.98,1093.77,0,0.89
36230,10650,3452.89,891.98,3603.28,1172.74,0,0.31
36240,10518,3458.16,889.82,3606.56,1174.15,0,0.27
36240,10566,2095.68,851.39,2240.34,1134.8,1,0.97
36240,10628,2450.53,823.18,2588.26,1094.24,0,0.9
36240,10650,3451.19,890.89,3600.6,1175.49,0,0.53
36250,10518,3460.18,891.71,3607.4,1173.76,0,0.47
36250,10566,2095.51,851.7,2239.55,1134.2,1,0.97
36250,10628,2451.49,823.03,2587.96,1093.78,0,0.9
36250,10650,3454.13,894.92,3603.43,1172.36,0,0.27
36260,10566,2095.94,851.68,2239.5,1134.42,1,0.97
36260,10628,2452.09,823.83,2588.25,1094.01,0,0.91
36260,10515,1966.53,523.11,2129.96,703.42,0,0.87
36270,10566,2095.17,851.76,2240.1,1135.16,1,0.98
36270,10628,2453.03,823.59,2589.24,1094.19,0,0.9
36270,10518,3456.99,894.38,3605.43,1172.66,0,0.66
36280,10566,2095.3,851.66,2239.7,1134.76,1,0.98
36280,10628,2453.65,823.49,2590.81,1092.68,0,0.88
36280,10658,3462.55,892.49,3607.01,1175.32,0,0.39
36280,10518,3455.98,895.24,3604.76,1172.91,0,0.6
36290,10566,2095.99,850.43,2240.87,1134.33,1,0.98
36290,10628,2452.43,821.32,2591.06,1092.88,0,0.89
36290,10518,3455.95,895.82,3605.01,1173.98,0,0.89
36290,8577,4.67,928.55,155.14,1206.12,0,0.54
36300,10566,2096.49,849.94,2241.04,1133.98,1,0.98
36300,10628,2453.4,820.77,2591.48,1093.2,0,0.91
36300,10518,3456.49,895.84,3604.87,1174.06,0,0.87
36310,10566,2096.55,850.43,2240.94,1133.69,1,0.98
36310,10628,2455.31,821.77,2591.71,1093.7,0,0.92
36310,10518,3456.25,895.17,3605.26,1174.59,0,0.79
36310,8577,4.56,930.83,155.3,1214.19,0,0.63
36320,10566,2096.54,850.87,2240.44,1134.61,1,0.98
36320,10628,2456.56,822.85,2592.42,1093.38,0,0.93
36320,10518,3455.54,895.96,3604.98,1173.04,0,0.72
36320,8577,3.36,927.12,153.93,1212.48,0,0.46
36330,10566,2096.2,850.52,2240.11,1135.08,1,0.98
36330,10628,2456.75,822.62,2592.28,1093.66,0,0.92
36330,10518,3454.94,895.35,3604.64,1172.09,0,0.86
36330,8577,20.19,925.92,179.39,1216.92,0,0.39
36340,10566,2095.51,849.48,2240.12,1134.44,1,0.98
36340,10628,2456.11,822.87,2591.63,1094.66,0,0.92
36340,10518,3455.53,895.72,3604.43,1172.82,0,0.77
36340,8577,21.52,919.15,173.68,1219.64,0,0.52
36350,10566,2095.26,848.88,2239.88,1133.89,1,0.97
36350,10628,2455.44,823.02,2590.88,1094.68,0,0.92
36350,10518,3455.47,895.08,3604.43,1173.39,0,0.85
36350,8577,22.54,916.92,168.91,1221.03,0,0.65
36360,10566,2095.24,848.64,2239.62,1133.8,1,0.97
36360,10628,2455.65,823.34,2590.35,1094.58,0,0.92
36360,10518,3455.88,895.28,3604.62,1173.9,0,0.92
36360,8577,14.5,917.52,164.04,1212.88,0,0.34
36370,10566,2096.22,849.88,2240.24,1133.78,1,0.98
36370,10628,2456.55,822.71,2590.31,1094.12,0,0.92
36370,10518,3455.47,895.75,3603.68,1172.98,0,0.48
36370,8577,11.48,904.75,161.44,1208.05,0,0.77
36380,10566,2096.58,850.42,2240.53,1133.17,1,0.97
36380,10628,2456.81,823.07,2590.04,1093.75,0,0.92
36380,10518,3459.55,893.21,3606.06,1175.63,0,0.5
36380,8577,14.48,902.69,165.2,1213.39,0,0.87
36380,10665,3456.58,894.41,3605.28,1173.78,0,0.4
36390,10566,2097.05,850.36,2239.28,1133,1,0.98
36390,10628,2455.41,823.64,2589.33,1091.61,0,0.92
36390,10518,3461.42,893.58,3607.11,1175.45,0,0.49
36390,8577,22.4,891.3,196.88,1193.81,0,0.36
36390,10665,3455.63,895.66,3605.25,1172.12,0,0.39
36400,10566,2096.71,849.84,2239.39,1134.24,1,0.98
36400,10628,2454.04,823.37,2589.66,1091.64,0,0.91
36400,10518,3461.69,891.36,3609.1,1176.69,0,0.62
36410,10566,2096.96,850.02,2239.57,1134.03,1,0.98
36410,10628,2454.59,823.59,2590.16,1094.26,0,0.92
36410,10518,3457.75,894.33,3607.28,1173.82,0,0.55
36420,10566,2096.83,850.81,2239.38,1134.17,1,0.97
36420,10628,2453.72,822.38,2589.96,1093.84,0,0.9
36420,10518,3457.07,895.31,3607.06,1173.19,0,0.94
36420,10670,1226,438.6,1357.63,583.83,0,0.77
36420,8577,26.4,892.03,212.68,1188.12,0,0.57
36430,10566,2096.65,851.56,2239.45,1134.55,1,0.98
36430,10628,2454.07,824.17,2589.85,1093.24,0,0.9
36430,10518,3454.83,903.28,3604.44,1172.02,0,0.95
36430,10674,1758.03,469.38,1907.32,636.98,0,0.8
36440,10566,2096.97,855.55,2237.2,1133.82,1,0.98
36440,10628,2454.7,823.92,2590.97,1092.05,0,0.89
36440,10518,3455.2,898.06,3604.49,1172.7,0,0.91
36440,10675,2377.61,523.02,2551.81,699.1,0,0.6
36450,10566,2097.2,852.92,2237.32,1133,1,0.98
36450,10628,2456.76,825.34,2590.24,1090,0,0.9
36450,10518,3455.14,896.56,3605.84,1173.75,0,0.58
36450,10677,3102.43,572.5,3293.32,775.75,0,0.92
36460,10566,2096.35,850.72,2237.28,1133.28,1,0.97
36460,10628,2458.61,827.82,2588.31,1086.77,0,0.86
36460,10518,3455.05,895.87,3606.14,1173.52,0,0.65
36460,10685,3461.54,891.54,3608.92,1177.12,0,0.31
36460,10515,2074.87,519.07,2247.2,698.44,0,0.84
36470,10566,2096.52,850.95,2239.2,1134.42,1,0.98
36470,10628,2457.35,826.21,2586.65,1087.62,0,0.82
36470,10518,3455.82,894.22,3606.03,1173.99,0,0.64
36470,10685,3462.61,890.11,3609.12,1178.52,0,0.26
36480,10566,2096.66,851,2239.48,1134.57,1,0.98
36480,10628,2456.39,823.55,2588.67,1088.93,0,0.89
36480,10518,3456.32,895.09,3606.05,1175.12,0,0.89
36480,10670,1229.62,492.17,1379.22,633.3,0,0.8
36490,10566,2096.47,850.07,2240.24,1134.77,1,0.97
36490,10628,2454,823.24,2590.2,1091.72,0,0.91
36490,10518,3459.64,893.53,3606.43,1174.6,0,0.87
36490,10696,1393.64,670.79,1522.06,920.25,3,0.86
36500,10566,2096.07,849.61,2240.56,1134.94,1,0.97
36500,10628,2452.8,823.25,2590.51,1093.17,0,0.91
36500,10518,3452.1,907.57,3602.91,1172.25,0,0.44
36500,10696,1394.9,671.06,1522.94,921.64,3,0.73
36510,10566,2096.29,849.26,2239.84,1134.98,1,0.97
36510,10628,2454.63,825.32,2590.88,1093.13,0,0.89
36510,10518,3453.78,904.14,3601.28,1172.32,0,0.88
36510,10696,1395.81,670.8,1523.26,919.89,3,0.86
36520,10566,2095.82,848.29,2239.95,1134.45,1,0.97
36520,10628,2455.85,825.51,2591.66,1093.77,0,0.9
36520,10518,3456.23,899.31,3604.51,1173.43,0,0.87
36520,10696,1394.66,670.77,1521.61,915.76,3,0.84
36520,10670,1206.51,494.17,1346.84,658.06,0,0.87
36530,10566,2091.21,848.15,2239.76,1135.84,1,0.97
36530,10628,2456.05,824.56,2590.89,1093.63,0,0.89
36530,10518,3447.92,896.49,3602.21,1173.8,0,0.28
36530,10696,1396.91,670.21,1521.78,916.11,3,0.89
36530,10677,3037.12,619.64,3246.55,822.38,0,0.86
36540,10566,2089.59,849.18,2238.94,1135.96,1,0.97
36540,10628,2453.97,824.21,2590.29,1093.99,0,0.87
36540,10518,3452.71,895.86,3603.64,1173.08,0,0.91
36540,10696,1397.48,671.25,1523.84,919.75,3,0.75
36540,8577,33.24,897.74,202.53,1186.33,0,0.32
36550,10566,2088.39,850.93,2234.94,1136.67,1,0.97
36550,10628,2454.31,824.83,2590.01,1094.18,0,0.88
36550,10518,3454.08,896.11,3604.6,1172.47,0,0.51
36550,10696,1397.99,671.52,1525.38,918.78,3,0.73
36560,10566,2087.09,851.31,2232.64,1135.91,1,0.96
36560,10628,2455.5,827.89,2588.15,1091.59,0,0.86
36560,10518,3459.73,892.6,3608.3,1174.28,0,0.55
36560,10696,1398.81,672.49,1524.71,917.85,3,0.83
36560,10716,968.29,461.74,1093.15,605.85,0,0.77
36570,10566,2088.48,852.53,2232.13,1134.49,1,0.97
36570,10628,2457.94,825.75,2588.82,1091.92,0,0.91
36570,10518,3456.53,896.36,3605.92,1173.47,0,0.86
36570,10696,1399.67,672.9,1524.25,918.53,3,0.8
36570,10722,2512.27,1809.37,2823.73,2146.02,0,0.86
36570,10723,1297.33,481.45,1436.23,631.1,0,0.94
36570,10677,2989.8,722.8,3194.98,943.22,0,0.88
36580,10566,2089.57,854.58,2231.51,1134.28,1,0.97
36580,10628,2458.83,825,2589.24,1091.86,0,0.92
36580,10518,3453.84,906.24,3617.38,1170.31,3,0.43
36580,10696,1399.53,672.76,1524.49,919.03,3,0.78
36580,10722,2543.35,1671.02,2838.25,2080.54,0,0.79
36580,10674,1703.27,505.17,1855.71,674.83,0,0.91
36580,10515,2120.66,558.23,2266.59,736.54,0,0.78
36590,10566,2089.91,854.1,2231.74,1134.72,1,0.94
36590,10628,2458.12,825.26,2589.59,1089.9,0,0.91
36590,10518,3459.44,896.96,3611.06,1174.67,0,0.38
36590,10696,1395.31,671.32,1522.36,917.67,3,0.77
36590,10722,2588.25,1510.15,2842.67,1919.9,0,0.86
36590,10515,2141.35,551.25,2301.22,724.28,0,0.95
36600,10566,2088.69,854.19,2231.65,1135.01,1,0.94
36600,10628,2458.77,824.73,2591.58,1089.05,0,0.94
36600,10518,3461.14,893.75,3604.81,1174.34,0,0.49
36600,10696,1396.04,671.08,1522.19,917.71,3,0.69
36600,10677,3004.14,711.59,3170.84,919.46,0,0.82
36610,10566,2090.4,853.4,2231.36,1134.84,1,0.96
36610,10628,2459.48,824.7,2591.63,1089.12,0,0.94
36610,10518,3459.05,901.66,3599.35,1174.42,0,0.73
36610,10696,1396.57,670.87,1522.18,917.94,3,0.71
36610,10740,2805.93,1646.45,3055.38,2084.93,0,0.97
36610,10745,2609.74,1219.02,2823.57,1570.45,0,0.91
36620,10566,2089.92,853.94,2231.93,1134.95,1,0.97
36620,10628,2459.51,825.18,2590.43,1090.67,0,0.94
36620,10518,3460.85,896.38,3604.83,1174.85,0,0.56
36620,10696,1397.74,670.7,1523.35,916.65,3,0.76
36620,10740,2807.44,1538.12,3035.82,1961.58,0,0.66
36620,10745,2630.37,1131.01,2830.65,1469.16,0,0.87
36630,10566,2089.93,853.09,2233.51,1133.87,1,0.96
36630,10628,2460.23,826.31,2589.36,1089.71,0,0.95
36630,10518,3462.14,894.7,3606.06,1174.35,0,0.46
36630,10696,1398.07,670.73,1523.86,915.89,3,0.74
36630,10740,2826.28,1419.35,3033.62,1818.9,0,0.92
36630,10745,2659.99,1056.1,2841.91,1366.44,0,0.94
36630,10755,2310.74,930.06,2448.01,1183.82,1,0.47
36630,10756,3454.57,901.79,3608.04,1177.26,3,0.4
36640,10566,2091.77,851.6,2239.5,1133.86,1,0.95
36640,10628,2459.67,824.24,2590.5,1090.79,0,0.95
36640,10518,3462.29,893.68,3607.18,1174.21,0,0.37
36640,10696,1398.31,670.99,1523.26,916.93,3,0.64
36640,10740,2832.38,1310.94,3032.33,1701.85,0,0.58
36640,10745,2685.89,996.15,2862.97,1292.09,0,0.9
36640,10755,2313.88,912.54,2449.24,1153.13,0,0.64
36640,10756,3454.9,901.92,3608.64,1177.87,3,0.33
36650,10566,2092.51,849.96,2241.13,1133.4,1,0.96
36650,10628,2457.57,824.67,2590.03,1093.02,0,0.94
36650,10518,3461.62,892.89,3606.96,1173.17,0,0.7
36650,10696,1398.06,671.12,1522.85,916.86,3,0.71
36650,10740,2824.03,1245.07,3021.69,1621.01,0,0.92
36650,10745,2711.96,943.08,2874.34,1230.51,0,0.72
36650,10755,2310.94,897.9,2445.92,1118.46,0,0.6
36660,10566,2092.12,849.71,2237.69,1132.39,1,0.94
36660,10628,2457.7,825.59,2589.21,1094.44,0,0.92
36660,10518,3460.54,891.97,3607.13,1173.29,0,0.63
36660,10696,1397.67,671.1,1522.44,916.97,3,0.75
36660,10740,2828.8,1177.94,3024.72,1537.3,0,0.86
36660,10745,2718.64,903.6,2881.03,1179.85,0,0.94
36660,10755,2308.21,895.46,2441.79,1113.63,0,0.64
36670,10566,2090.87,849.61,2233.42,1131.78,1,0.96
36670,10628,2458.25,825.78,2589.41,1093.72,0,0.94
36670,10518,3460.65,890.34,3608.43,1175.75,0,0.75
36670,10696,1397.09,671.98,1522.95,915.75,3,0.81
36670,10740,2850.33,1115.72,3026.87,1445.98,0,0.87
36670,10745,2717.26,876.25,2882.1,1151.54,0,0.91
36670,10755,2309.92,891,2441.39,1115.38,0,0.64
36680,10566,2090.71,849.37,2232.08,1131.5,1,0.96
36680,10628,2458.92,825.92,2588.98,1094.18,0,0.94
36680,10518,3460.71,891.87,3607.78,1175.61,0,0.59
36680,10696,1396.92,672.06,1523.12,915.92,3,0.79
36680,10745,2714.32,860.6,2876.91,1134.64,0,0.94
36680,10755,2312.78,890.96,2440.96,1115.98,0,0.54
36680,10722,2801.36,1089.13,2975.76,1394.15,0,0.93
36690,10566,2090.51,848.62,2232.66,1131.68,1,0.95
36690,10628,2460,825.11,2588.76,1095.28,0,0.95
36690,10518,3463.02,891.69,3607.53,1175.94,0,0.63
36690,10696,1397.21,671.7,1523.08,916.75,3,0.78
36690,10745,2704.99,854.09,2873.74,1109.84,0,0.85
36690,10755,2313.68,892.91,2440.5,1115.6,1,0.35
36690,10722,2758.46,1040.35,2937,1333.62,0,0.86
36700,10566,2089.97,848.79,2232.51,1131.05,1,0.94
36700,10628,2459.17,824.69,2589.14,1096.45,0,0.96
36700,10518,3462,892.01,3607.11,1174.74,0,0.53
36700,10696,1396.46,671.67,1522.82,916.78,3,0.87
36700,10745,2712.75,849.88,2873.58,1079.91,0,0.85
36700,10755,2312.22,890.65,2439.1,1114.82,0,0.65
36710,10566,2090.66,849.13,2233.47,1131.12,1,0.96
36710,10628,2458.99,823.29,2590.15,1097.3,0,0.96
36710,10518,3462.4,892.13,3607.02,1174.48,0,0.64
36710,10696,1397.3,671.79,1522.54,916.9,3,0.83
36710,10745,2720.26,858.66,2878.16,1111.4,0,0.59
36710,10755,2310.41,889.59,2437.71,1115.84,0,0.6
36710,10784,2621.23,965.7,2776.42,1253.35,0,0.73
36720,10566,2091.03,848.54,2236.08,1132.24,1,0.96
36720,10628,2460.24,823.87,2593.52,1095.86,0,0.95
36720,10518,3462.26,891.44,3607.32,1174.65,0,0.74
36720,10696,1396.7,671.46,1522.91,917.6,3,0.83
36720,10745,2722.96,858.7,2878.37,1125.19,0,0.9
36720,10755,2309.86,890.55,2439.57,1117.98,0,0.51
36720,10784,2598.07,946.39,2758.24,1230.77,0,0.63
36730,10566,2091.09,848.4,2237.34,1133.02,1,0.96
36730,10628,2460.75,824.67,2592.93,1095.62,0,0.95
36730,10518,3462.02,890.75,3607.62,1175.57,0,0.65
36730,10696,1396.71,671.49,1522.87,916.96,3,0.8
36730,10745,2724.09,860.76,2878.52,1129.4,0,0.92
36730,10755,2310.37,890.32,2441.1,1119.11,0,0.46
36730,10784,2591.19,944.21,2750.74,1218.39,0,0.61
36740,10566,2090.98,848.38,2237.67,1133.51,1,0.96
36740,10628,2461.41,825.7,2594.31,1096.46,0,0.95
36740,10518,3462.35,890.94,3609.03,1177.2,0,0.35
36740,10696,1397.04,671.45,1523.16,916.82,3,0.85
36740,10745,2721.83,863.18,2877.89,1133.43,0,0.92
36740,10755,2310.9,891.37,2443.14,1120.86,0,0.44
36740,10784,2591.54,943.09,2751.54,1217.04,0,0.87
36750,10566,2091.22,848.09,2236.11,1133.32,1,0.96
36750,10628,2459.38,824.85,2594.13,1095.93,0,0.96
36750,10518,3462.49,891.44,3608.39,1175.73,0,0.48
36750,10696,1397.49,669.92,1523.52,915.12,3,0.85
36750,10745,2720.66,864.87,2879.37,1133.15,0,0.91
36750,10755,2310,890.92,2441.91,1120.17,0,0.4
36750,10784,2590.85,943.8,2755.05,1222.08,0,0.8
36750,10789,2309.9,891.95,2441.96,1121.61,1,0.4
36760,10566,2090.94,847.76,2234.64,1132.76,1,0.96
36760,10628,2458.47,824.45,2593,1095.27,0,0.96
36760,10518,3462.64,891.35,3608.18,1176.35,0,0.52
36760,10696,1396.43,669.72,1522.88,915.16,3,0.79
36760,10745,2721.77,869.73,2877.23,1134.77,0,0.9
36760,10755,2310.1,891.89,2440.5,1118.65,1,0.39
36760,10784,2593.17,946.41,2754.98,1224.5,0,0.76
36760,10789,2310.15,892.97,2440.4,1119.69,0,0.4
36770,10566,2092.38,848.46,2235.6,1132.19,1,0.95
36770,10628,2459.34,825.07,2592.51,1094.69,0,0.95
36770,10518,3458.11,894.76,3605.43,1173.42,0,0.41
36770,10696,1396.6,668.86,1522.15,914.87,3,0.87
36770,10745,2721.59,875.26,2872.88,1136.06,0,0.86
36770,10755,2310.92,892.09,2440.69,1118.56,0,0.27
36770,10784,2591.71,946.44,2759.13,1226.86,0,0.87
36770,10789,2311.16,893.03,2440.72,1119.49,1,0.47
36780,10566,2092.45,847.94,2235.03,1131.97,1,0.94
36780,10628,2460.05,823.42,2593.13,1093.14,0,0.94
36780,10518,3456.51,894.83,3604.98,1173.04,0,0.78
36780,10696,1396.75,669.4,1522.15,914.49,3,0.86
36780,10745,2721.98,877.5,2864.79,1136.77,0,0.85
36780,10755,2310.41,891.68,2440.55,1118.9,1,0.28
36780,10784,2592.39,946.66,2759.79,1228.28,0,0.88
36780,10789,2310.53,892.42,2440.6,1119.82,0,0.43
36790,10566,2092.49,848.31,2235.14,1132.35,1,0.96
36790,10628,2460.77,823.69,2592.17,1091.29,0,0.96
36790,10518,3459.49,892.9,3606.45,1174.78,0,0.58
36790,10696,1397.12,670.15,1522.96,914.75,3,0.86
36790,10745,2721.54,877.18,2862.66,1136.56,0,0.85
36790,10755,2309.97,892.68,2442.61,1120.02,1,0.28
36790,10784,2593.05,947.47,2760.62,1228.65,0,0.84
36790,10789,2310.04,893.41,2442.88,1120.95,0,0.36
36800,10566,2090.57,846.4,2235.23,1132.37,1,0.96
36800,10628,2458.35,824.79,2591.18,1094.06,0,0.96
36800,10518,3461.49,891.99,3607.59,1174.42,0,0.76
36800,10696,1397.08,670.28,1523.16,915.34,3,0.83
36800,10745,2720.19,876.27,2860.76,1138.99,0,0.89
36800,10755,2311.57,891.85,2443.69,1118.98,0,0.42
36800,10784,2593.54,948.44,2760.67,1229.1,0,0.85
36800,10789,2311.73,892.42,2443.98,1119.72,1,0.3
36810,10566,2089.93,845.38,2235,1133.36,1,0.95
36810,10628,2457.45,825.09,2589.54,1096.06,0,0.96
36810,10518,3462.14,891.16,3608.09,1175.05,0,0.77
36810,10696,1397.18,670.47,1523.88,916.34,3,0.88
36810,10745,2718.99,871.7,2858.47,1143.24,0,0.92
36810,10755,2311.83,891.33,2443.81,1118.57,0,0.52
36810,10784,2593.64,948.66,2760.31,1229.31,0,0.84
36820,10566,2089.64,845.91,2232.9,1133.35,1,0.94
36820,10628,2457.35,824.96,2590.52,1094.88,0,0.95
36820,10518,3462.32,890.93,3608.14,1174.99,0,0.78
36820,10696,1396.51,669.21,1523.3,916.63,3,0.92
36820,10745,2719.02,870.69,2863.44,1141.5,0,0.91
36820,10755,2311.33,893,2442.22,1117.83,0,0.51
36820,10784,2592.01,949.17,2760.58,1228.19,0,0.84
36830,10566,2089.41,846.27,2232.07,1133.19,1,0.94
36830,10628,2457.24,824.1,2590.31,1093.33,0,0.95
36830,10518,3463.06,891.23,3608.93,1175.82,0,0.62
36830,10696,1397.25,669.19,1522.37,914.54,3,0.94
36830,10745,2719.62,871.53,2860.08,1140.35,0,0.92
36830,10755,2310.52,893.37,2441.46,1116.95,0,0.63
36830,10784,2591.08,945.23,2757.88,1226.08,0,0.78
36840,10566,2089.25,846.17,2231.76,1133.06,1,0.94
36840,10628,2457.55,824.5,2590.18,1092.48,0,0.95
36840,10518,3463.27,892.48,3608.17,1174.91,0,0.67
36840,10696,1397.54,670.54,1522.84,914.66,3,0.88
36840,10745,2717.58,870.54,2865.51,1141.15,0,0.9
36840,10755,2309.68,894.21,2439.38,1117.95,0,0.64
36840,10784,2592.53,947.11,2759.45,1226.36,0,0.89
36850,10566,2089.41,845.5,2232.78,1132.47,1,0.92
36850,10628,2457.27,824.87,2591.72,1090.79,0,0.97
36850,10518,3462.84,892.49,3608.1,1176.25,0,0.59
36850,10696,1397.23,670.32,1522.91,914.08,3,0.89
36850,10745,2715.41,870.52,2869.46,1139.94,0,0.9
36850,10755,2311.24,894.42,2437.9,1117.05,0,0.5
36850,10784,2593.67,948.99,2759.94,1225.62,0,0.84
36860,10566,2089.69,845.28,2233.06,1132.09,1,0.91
36860,10628,2457.79,825.17,2591.94,1089.99,0,0.97
36860,10518,3461.57,893.09,3607.05,1175.54,0,0.6
36860,10696,1396.68,669.95,1523.41,915.33,3,0.9
36860,10745,2716.44,872.23,2870.67,1138.37,0,0.91
36860,10755,2310.6,895.39,2437.83,1118.01,0,0.45
36860,10784,2593.59,949.58,2760.25,1224.98,0,0.84
36870,10566,2089.71,846.47,2234.11,1132.69,1,0.94
36870,10628,2459.02,825.66,2591.15,1088.08,0,0.97
36870,10518,3462,890.74,3607.88,1175.79,0,0.64
36870,10696,1396.48,670.94,1522.99,916.54,3,0.92
36870,10745,2717.62,879.98,2872.24,1139.65,0,0.78
36870,10755,2311.93,896.8,2440.32,1122.76,0,0.39
36870,10784,2595.05,948.85,2760.76,1227.06,0,0.76
36870,10804,806.28,499.31,889.28,663.31,1,0.76
36880,10566,2089.56,847.38,2234,1132.71,1,0.95
36880,10628,2459.6,826.13,2590.71,1087.42,0,0.96
36880,10518,3462.19,889.55,3608.48,1175.4,0,0.75
36880,10696,1395.76,670.89,1522.73,917.56,3,0.95
36880,10755,2312.05,897.48,2441.52,1125.6,0,0.39
36880,10784,2595.39,949.33,2761.62,1228.36,0,0.69
36890,10566,2089.6,847.92,2234.25,1132.4,1,0.95
36890,10628,2460.23,824.91,2592.13,1087.26,0,0.96
36890,10518,3462.27,891.05,3608.1,1174.03,0,0.72
36890,10696,1396.57,668.54,1520.72,917.4,3,0.96
36890,10755,2310.83,898.18,2441.91,1130.22,0,0.47
36890,10784,2595.49,950.93,2760.98,1228.74,0,0.75
36890,10745,2717.25,885.01,2873.29,1141.4,0,0.57
36900,10566,2089.73,846.66,2232.12,1131.3,1,0.9
36900,10628,2459.7,823.99,2591.93,1089.73,0,0.96
36900,10518,3458.19,893.97,3606.01,1173.56,0,0.76
36900,10696,1397.18,670.97,1522.06,916.79,3,0.91
36900,10755,2311.65,896.47,2441.09,1133.42,0,0.55
36900,10784,2593.83,951.2,2758.63,1228.62,0,0.83
36900,10745,2718.15,884.32,2871.11,1140.69,0,0.67
36910,10566,2089.62,846.38,2231.69,1130.26,1,0.91
36910,10628,2460.1,823.96,2594.48,1090.63,0,0.95
36910,10518,3460.84,893.37,3606.83,1175.04,0,0.45
36910,10696,1397.78,674.25,1519.91,915.56,3,0.94
36910,10755,2313.54,896.07,2443.62,1134.98,0,0.59
36910,10784,2594.97,948.81,2760.07,1229.15,0,0.81
36910,10745,2718.18,884.12,2872.09,1142.66,0,0.66
36920,10566,2089.7,845.93,2231.63,1130.97,1,0.93
36920,10628,2461.21,825.48,2594.66,1088.88,0,0.96
36920,10518,3462.52,892.38,3607,1175.74,0,0.67
36920,10696,1399.21,683.5,1517.35,916.84,3,0.83
36920,10755,2319.57,898.02,2444.67,1129.97,0,0.62
36920,10784,2595.11,947.9,2760.32,1229.27,0,0.85
36920,10745,2716.45,883.37,2873.54,1144.12,0,0.72
36930,10566,2089.78,845.48,2231.6,1131.49,1,0.93
36930,10628,2461.7,825.91,2594.76,1091.08,0,0.96
36930,10518,3462.53,891.97,3607,1175.12,0,0.74
36930,10696,1396.79,673.65,1519.36,917.27,3,0.9
36930,10755,2321.8,897.95,2444.61,1128.54,0,0.58
36930,10784,2595.07,947.48,2760.25,1229.33,0,0.83
36930,10745,2716.57,882.83,2873.68,1144.26,0,0.66
36940,10566,2089.86,845.84,2231.17,1131.55,1,0.93
36940,10628,2462.33,826.91,2595.2,1091.93,0,0.97
36940,10518,3458.97,894.48,3605.39,1173.46,0,0.43
36940,10696,1395,674.49,1520.03,916.64,3,0.93
36940,10755,2321.85,897.59,2444.61,1127.97,0,0.46
36940,10784,2595.23,948,2760.56,1229.16,0,0.83
36950,10566,2090.24,847.77,2232.12,1132.27,1,0.95
36950,10628,2463.85,827.39,2594.78,1090.21,0,0.97
36950,10518,3461.62,893.33,3606.75,1173.98,0,0.71
36950,10696,1394.73,672.42,1520.58,914.82,3,0.88
36950,10755,2321.15,898.83,2444.86,1128.48,0,0.35
36950,10784,2594.59,948.21,2761.15,1229.16,0,0.78
36950,10745,2717.67,883.54,2873.58,1144.76,0,0.63
36960,10566,2089.8,848.44,2232.34,1132.9,1,0.94
36960,10628,2464.07,827.67,2594.39,1089.71,0,0.97
36960,10518,3461.64,893.45,3606.8,1173.78,0,0.64
36960,10696,1396.89,672.07,1522.5,914.92,3,0.92
36960,10755,2321.71,898.75,2444.27,1127.46,0,0.5
36960,10784,2594.07,948.94,2760.9,1229.4,0,0.7
36960,10745,2715.77,885.76,2871.76,1144.51,0,0.41
36970,10566,2088.61,848.33,2232.69,1133.46,1,0.94
36970,10628,2463.8,827.92,2594.21,1087.74,0,0.97
36970,10518,3462.12,891.79,3607.27,1174.26,0,0.61
36970,10696,1398.19,670.61,1519.37,915.06,3,0.92
36970,10755,2320.53,898.85,2446.33,1127.06,0,0.6
36970,10784,2594.95,945.39,2761.33,1230.27,0,0.7
36980,10566,2088.71,848.4,2233.16,1133.28,1,0.91
36980,10628,2464.21,828.17,2594.58,1087.13,0,0.97
36980,10518,3462.05,891.64,3607.19,1173.81,0,0.61
36980,10696,1400.09,671.12,1522.84,916.2,3,0.89
36980,10755,2320.11,898.61,2447.13,1126.91,0,0.64
36980,10784,2594.47,945.96,2758.73,1230.82,0,0.79
36980,10745,2716.38,873.45,2870.56,1144.36,0,0.91
36990,10566,2088.99,848.63,2233.45,1132.47,1,0.92
36990,10628,2463.46,828.26,2594.7,1088.05,0,0.97
36990,10518,3462.65,891.82,3607.49,1174.73,0,0.49
36990,10696,1399.26,670.68,1523.03,915.89,3,0.82
36990,10755,2320.51,898.23,2446.25,1125.45,0,0.57
36990,10784,2595.69,948.41,2758.06,1231.15,0,0.76
36990,10745,2717.57,870.64,2871.68,1143.9,0,0.91
37000,10566,2089.73,847.33,2234.33,1131.88,1,0.87
37000,10628,2461.76,828,2594.38,1088.31,0,0.96
37000,10518,3462.14,893.05,3607.21,1174.44,0,0.49
37000,10696,1400.24,671.41,1523.63,915.18,3,0.74
37000,10755,2317.48,899.12,2444.59,1129.63,0,0.59
37000,10784,2594,949.34,2759.01,1227.52,0,0.74
37000,10745,2716.02,869.61,2871.3,1141.02,0,0.89
37010,10566,2090.14,847.83,2235.19,1131.57,1,0.92
37010,10628,2461,828.25,2594.5,1087.83,0,0.96
37010,10518,3462.7,893.15,3607.6,1175.26,0,0.41
37010,10696,1400.75,672.39,1523.7,914.65,3,0.72
37010,10755,2314.52,899.17,2444.41,1132.8,0,0.61
37010,10784,2595.25,951.38,2759.24,1224.63,0,0.77
37010,10745,2715.52,869.48,2870.88,1140.74,0,0.91
37020,10566,2090.72,848.74,2234.14,1130.87,1,0.91
37020,10628,2461.88,829.13,2593.58,1089.57,0,0.97
37020,10518,3458.94,895.94,3605.37,1173.34,0,0.63
37020,10696,1400.19,671.97,1522.95,915.22,3,0.73
37020,10755,2313.52,898.99,2445.21,1128.68,0,0.59
37020,10784,2596.68,953.36,2755.64,1224.44,0,0.81
37020,10745,2717.44,869.8,2869.02,1139.75,0,0.93
37030,10566,2091.27,848.22,2233.86,1130.71,1,0.92
37030,10628,2462.44,827.07,2591.98,1090.65,0,0.97
37030,10518,3461.12,894.9,3606.37,1174.31,0,0.45
37030,10696,1399.61,671.32,1522.53,915.3,3,0.76
37030,10755,2315.29,899.56,2446.63,1127.62,0,0.65
37030,10784,2596.83,953.17,2754.78,1225.72,0,0.82
37030,10745,2718.93,869.51,2868.76,1138.97,0,0.92
37030,10843,3457.7,896.41,3605.1,1172.89,0,0.38
37040,10566,2092.01,849.32,2235.33,1131.61,1,0.93
37040,10628,2457.32,822.14,2587.11,1080.07,0,0.94
37040,10518,3462.93,894.07,3607.45,1175.27,0,0.42
37040,10696,1399.4,671.28,1522.67,915.45,3,0.78
37040,10755,2313.78,900.58,2446.71,1127.28,0,0.69
37040,10784,2596.6,952.21,2757.34,1226.95,0,0.85
37040,10745,2718.93,869.64,2869.53,1141.24,0,0.91
37040,10843,3457.45,896.32,3604.89,1172.02,0,0.43
37050,10566,2091.57,849.69,2233.98,1131.32,1,0.91
37050,10628,2449.27,800.85,2579.43,1061.67,0,0.94
37050,10518,3473.2,891.89,3609.26,1127.41,0,0.48
37050,10696,1399.04,671.18,1524.1,916.43,3,0.77
37050,10755,2311.64,899.99,2438.52,1126.66,0,0.62
37050,10784,2597.32,950.25,2760.07,1228.44,0,0.83
37050,10745,2717.31,868.64,2870.77,1141,0,0.9
37060,10566,2091.49,849.57,2234.24,1131.75,1,0.91
37060,10628,2434.28,790.79,2560.2,1060.02,0,0.91
37060,10696,1399,671.89,1524.55,916.59,3,0.83
37060,10755,2309.37,888.47,2430.42,1118.2,0,0.59
37060,10784,2599.57,950.09,2760.92,1229.38,0,0.79
37060,10745,2717.82,868.5,2871.03,1141.4,0,0.91
37060,10843,3456.85,896.96,3605.03,1171.83,0,0.68
37070,10566,2092.36,850.53,2233.5,1129.93,1,0.93
37070,10628,2404.55,768.52,2541.09,1006.91,0,0.79
37070,10696,1399.22,672.21,1524.82,916.97,3,0.82
37070,10784,2596.02,947.74,2759.12,1229.77,0,0.83
37070,10745,2717.07,869.15,2871.37,1140.99,0,0.9
37070,10843,3455.27,896,3605.03,1171.84,0,0.41
37070,10518,3463.98,892.1,3608.03,1164.16,0,0.43
37080,10566,2092.82,850.63,2232.18,1127.05,1,0.95
37080,10628,2408.18,733.54,2527.06,954,0,0.87
37080,10696,1399.08,671.9,1525.09,916.95,3,0.85
37080,10784,2594.73,945.23,2760.35,1229.93,0,0.81
37080,10745,2715.29,869.29,2871.35,1143.01,0,0.89
37080,10518,3462.41,891.19,3607.59,1171.3,0,0.69
37080,10755,2305.42,844.41,2425.84,1073.36,0,0.6
37090,10566,2092.56,851.53,2229.79,1129.05,1,0.97
37090,10628,2427.5,696.11,2536.01,908.23,0,0.8
37090,10696,1399.14,672.24,1525.45,916.78,3,0.88
37090,10784,2592.95,943.43,2754.68,1226.99,0,0.83
37090,10745,2715.66,868.71,2872.58,1144.92,0,0.91
37090,10518,3461.36,891.62,3607.12,1173.84,0,0.68
37090,10858,2293.71,809.92,2431.47,1056.05,0,0.43
37090,10755,2295.14,815.47,2430.29,1058.97,1,0.44
37100,10566,2089.11,852.41,2227.6,1132.29,1,0.94
37100,10628,2432.06,652.73,2535.1,855.84,1,0.65
37100,10696,1398.93,672.66,1525.82,916.77,3,0.92
37100,10784,2565.9,926.61,2726.27,1204.49,0,0.83
37100,10745,2718.96,868.08,2873.03,1148.69,0,0.9
37100,10518,3462.3,892.27,3607.38,1176.09,0,0.51
37100,10755,2282.49,778.51,2404.3,1022.91,1,0.63
37110,10566,2089.01,838.7,2228.62,1118.64,1,0.95
37110,10628,2409.43,603.83,2506.8,798.62,0,0.85
37110,10696,1398.33,673.04,1524.99,917.57,3,0.89
37110,10784,2519.39,893.46,2679.95,1159.47,0,0.65
37110,10745,2707.45,860.77,2860.34,1138.17,0,0.91
37110,10518,3463.01,891.96,3606.88,1175.51,0,0.76
37110,10755,2269.35,740.07,2402.47,991.35,1,0.54
37120,10566,2078.86,799.94,2212.85,1075.17,0,0.68
37120,10696,1396.26,671.23,1523.81,917.69,3,0.94
37120,10784,2491.16,845.15,2642.89,1113.04,0,0.76
37120,10745,2693.87,827.83,2847.76,1096.7,0,0.93
37120,10518,3461.84,890.92,3609.66,1176.72,0,0.84
37120,10755,2260.02,703.94,2393.34,943,1,0.62
37130,10566,2061.33,747.78,2189.35,1005.78,0,0.79
37130,10696,1405.57,662.17,1523.63,915.35,3,0.86
37130,10784,2464.82,794.69,2605.24,1045.59,0,0.8
37130,10745,2670.39,789.53,2817.62,1047.09,0,0.95
37130,10518,3462.56,891.33,3608.91,1177.73,0,0.63
37140,10696,1421.24,639.11,1535,862.94,3,0.83
37140,10784,2428.8,727.27,2559.17,953.9,0,0.93
37140,10745,2627.69,742.68,2767.15,986.83,0,0.96
37140,10518,3463.56,888.4,3607.69,1173.62,0,0.81
37150,10696,1441.44,606.96,1549.68,818.03,3,0.84
37150,10784,2390.06,663.85,2511.5,872.19,0,0.86
37150,10745,2590.32,693.54,2726.82,923.36,0,0.95
37150,10518,3469.02,870.51,3604.51,1147.17,0,0.92
37150,10884,2212.47,575.26,2335.28,765.15,1,0.74
37160,10784,2365.93,604.27,2474.01,792.08,0,0.84
37160,10745,2566.82,650.23,2693.19,863.9,0,0.92
37160,10518,3459.94,828.48,3585.17,1090.31,0,0.53
37160,10884,2193.07,537.32,2308.04,715.4,1,0.59
37160,10890,2674.89,318.16,2730.2,422.37,0,0.41
37170,10784,2343.98,551.47,2442.03,722.08,0,0.85
37170,10745,2537.77,609.74,2661.75,809.82,0,0.94
37170,10884,2177.67,497.41,2287.44,673.99,1,0.43
37170,10890,2677.43,318.27,2730.12,420.52,0,0.42
37170,10895,1476.53,510.59,1570.67,688.2,0,0.72
37180,10784,2333.26,500.74,2424.66,660.49,0,0.84
37180,10745,2498.95,564.67,2616.28,756.03,0,0.95
37180,10884,2167.06,465.66,2268.95,641.2,0,0.58
37180,10890,2686.64,321.81,2741.06,422.35,0,0.44
37190,10784,2321.43,457.68,2406.61,603.18,0,0.91
37190,10745,2450.19,521.28,2559.67,702.07,0,0.89
37190,10884,2141.52,441.28,2241.57,597.86,0,0.62
37190,10906,1075.58,335.44,1136.96,439.52,0,0.7
37200,10784,2294.53,413.82,2373.67,543.82,0,0.86
37200,10745,2394.83,483.94,2498.44,653.54,0,0.85
37200,10884,2126.06,414.9,2225.28,561.71,0,0.58
37200,10912,936.64,315.86,995.04,425.24,0,0.81
37210,10784,2257.57,379.23,2327.99,496.56,0,0.77
37210,10745,2339.72,452.02,2435.9,609.88,0,0.88
37210,10884,2111.48,397.82,2207.26,533.21,0,0.75
37210,10912,935.65,300.38,984.73,395.08,0,0.47
37210,10906,1099.49,319.29,1159.93,419.38,0,0.71
37220,10745,2285.87,423.23,2377.8,573.18,0,0.8
37220,10884,2094.37,379.16,2177.55,502.3,0,0.5
37220,10912,925.95,281.59,975.64,372.97,0,0.35
37230,10745,2234.17,398.96,2325.64,536.36,0,0.68
37240,10745,2195.63,384.19,2281.34,509.25,0,0.66
37240,10948,3040.2,471.99,3125.41,623.06,0,0.66
37240,10884,2060.04,335.09,2143.66,461.34,0,0.35
37250,10745,2165.78,364.77,2240.33,486.2,0,0.34
37250,10963,3406.53,490.86,3496.14,649.91,0,0.82
37260,10963,3435,507.62,3520.2,668.03,0,0.64
37270,10984,791.37,499.56,882.61,673.14,0,0.84
37280,10963,3490.16,548.11,3580.62,736.99,1,0.73
37290,10963,3522.91,588.76,3617.72,782.78,0,0.65
37290,10984,785.54,474.27,865.15,627.32,0,0.9
37300,10963,3540.09,604.51,3648.81,801.77,0,0.43
37310,10518,3492.63,735.1,3612.4,973.7,0,0.73
37410,10963,3821.35,841.59,4002.06,1072.05,0,0.95
37510,11062,3438.38,1058.41,3668.2,1303.71,0,0.87
37520,11062,3426.93,1059.75,3661.07,1297.3,0,0.87
37520,11066,2796.74,630.78,2904.2,840.1,0,0.94
37530,11062,3420.5,1058.29,3659.68,1297.86,0,0.83
37530,11066,2803.65,564.38,2900.32,761.63,0,0.89
37540,11062,3423.43,1056.36,3659.41,1303.22,0,0.69
37540,11066,2794.02,508.53,2880.2,678.65,0,0.87
37550,11062,3439.98,1064.51,3657.84,1304.07,0,0.84
37550,11066,2789.23,457.25,2869.72,620.69,0,0.45
37560,11062,3440.81,1062.85,3658.46,1301.92,0,0.84
37570,11062,3435.83,1061.92,3657.01,1299.55,0,0.89
37570,11066,2780.67,397.46,2854.85,540.76,0,0.37
37580,11062,3430.94,1061.23,3656.24,1296.5,0,0.89
37580,11079,2534.2,401.1,2647.92,539.18,0,0.52
37580,11066,2777.31,377.27,2847.21,505.91,0,0.42
37590,11062,3426.5,1058.02,3657.18,1295.3,0,0.84
37590,11079,2524.91,405.91,2649.4,537.05,0,0.42
37600,11062,3425.79,1056,3657.63,1298.91,0,0.83
37600,11079,2522.08,407.94,2643.26,536.34,0,0.25
37610,11062,3427.95,1057.1,3656.81,1298.33,0,0.84
37610,11079,2521.85,404.36,2645.86,536.45,0,0.42
37620,11062,3428.09,1057.06,3656.84,1297.97,0,0.87
37620,11079,2522.63,405.41,2650.57,536.2,0,0.29
37630,11062,3430.54,1058.28,3656.72,1296.85,0,0.86
37630,11079,2523.08,406.86,2653.82,536.46,0,0.28
37630,11090,3748.86,891.95,3897.97,1160.84,0,0.78
37640,11062,3430.21,1059.51,3654.77,1298.25,0,0.79
37640,11079,2522.44,404.66,2663.49,538.28,0,0.28
37640,11090,3701.06,927.83,3865.86,1188.8,0,0.85
37640,11094,7.08,911.94,171.14,1208.75,0,0.62
37650,11062,3434.01,1057.36,3657.31,1297.72,0,0.68
37650,11079,2522.37,404.68,2662.18,538.4,0,0.31
37650,11090,3522.76,942.06,3799.06,1202.36,3,0.94
37660,11079,2522.35,403.21,2662.59,538.35,0,0.34
37670,11079,2522.89,407.78,2659.65,537.6,0,0.36
37670,11094,3.12,957.46,150.19,1228.61,0,0.51
37680,11079,2523.36,403.8,2659.4,538.42,0,0.44
37690,11079,2528.57,407.66,2645.41,534.59,0,0.49
37690,11090,3344.48,939.2,3660.42,1262.51,3,0.47
37690,11094,2.87,934.5,154.7,1113.69,0,0.62
37700,11079,2526.26,409.55,2643.95,531.17,0,0.53
37700,11090,3340.43,942.12,3650.38,1242.83,3,0.86
37700,11094,2.8,929.11,155.71,1094.23,0,0.61
37710,11079,2524.28,403.64,2657.59,535.26,0,0.46
37710,11090,3335.3,942.47,3646.24,1233.21,2,0.4
37710,11094,2.87,928.09,155.99,1089.73,0,0.6
37720,11090,3335.64,943.78,3645.63,1230,3,0.95
37720,11094,2.74,928.86,156.86,1090.15,0,0.62
37730,11090,3336.17,941.97,3646.79,1228.68,3,0.85
37730,11094,2.9,929.19,157.09,1090.57,0,0.6
37730,11079,2523.53,404.69,2662.86,535.33,0,0.38
37740,11090,3338.05,940.65,3649.88,1228.16,3,0.88
37740,11094,1.76,928.85,157.47,1091.29,0,0.58
37740,11103,1276.06,309.99,1348.38,426.87,0,0.77
37740,11079,2523.45,399.79,2673.58,536,0,0.6
37750,11090,3340.4,943.68,3649.15,1225.73,3,0.96
37750,11094,2.59,929.05,157.74,1091.65,0,0.65
37750,11103,1274.27,333.21,1352.04,460.89,0,0.78
37750,11079,2521.68,397.98,2675.43,536.36,0,0.52
37760,11090,3341.57,943.27,3650.8,1224.67,3,0.94
37760,11094,3.19,929.65,157.61,1091.85,0,0.65
37760,11103,1261.24,369.25,1348.92,512.27,0,0.89
37770,11090,3341.87,942.27,3651.54,1225.79,3,0.76
37770,11094,2.76,928.66,157.46,1092.01,0,0.59
37770,11103,1245.42,417.22,1341.25,569.31,0,0.86
37770,11079,2486.6,408.43,2611.6,536.2,0,0.66
37780,11090,3344,942.63,3651.96,1225.9,3,0.69
37780,11094,2.63,928.1,157.45,1092.57,0,0.58
37780,11079,2469.95,406.78,2570.36,542.69,0,0.75
37790,11090,3347.02,943.87,3653.12,1225.08,3,0.93
37790,11094,2.64,928.23,157.37,1092.81,0,0.6
37790,11079,2476.27,418.67,2568.12,565.22,0,0.69
37800,11090,3348.13,942.29,3654.61,1227.02,3,0.93
37800,11094,3.19,928.65,157.27,1093.47,0,0.6
37810,11090,3350.45,942.33,3655.42,1225.07,3,0.96
37810,11094,3.34,928.79,157.13,1093.89,0,0.61
37820,11090,3349.45,942.4,3655.27,1224.29,3,0.94
37820,11094,2.45,928.62,157.05,1093.87,0,0.61
37830,11090,3348.84,938.48,3654.05,1220.02,3,0.94
37830,11094,2.62,928.77,156.39,1093.05,0,0.61
37840,11090,3347.68,938.61,3653.73,1219.41,3,0.92
37840,11094,2.52,928.69,156.51,1093.93,0,0.61
37850,11090,3347.57,938.56,3654.69,1219.18,3,0.83
37850,11094,3.07,928.02,156.63,1092.78,0,0.61
37860,11090,3348.64,936.11,3657.63,1219.09,3,0.85
37860,11094,2.85,928.5,157.18,1094.78,0,0.62
37860,11140,2922.74,681.9,3069.06,912.36,0,0.86
37870,11090,3349.64,940.18,3658.6,1219.41,3,0.9
37870,11094,3.09,923.31,155.44,1094.45,0,0.51
37880,11090,3350.39,942,3658.99,1219.71,3,0.92
37880,11094,4.27,927.56,155.93,1093.57,0,0.54
37890,11090,3352.93,942.61,3660.02,1221.08,3,0.96
37890,11094,3.76,927.08,156.47,1094.15,0,0.6
37890,11146,2578.82,707.07,2842.42,924.79,0,0.73
37900,11090,3353.79,944.26,3660.21,1221.97,3,0.95
37900,11094,3.53,927.48,156.25,1093.88,0,0.57
37900,11146,2579.44,705.24,2844.44,924.61,0,0.89
37910,11090,3353.43,945.03,3659.52,1222.79,3,0.95
37910,11094,3.86,927.73,156.37,1093.35,0,0.64
37910,11146,2580.18,705.45,2845.01,925.66,0,0.88
37920,11090,3353.28,943.87,3659.17,1222.58,3,0.94
37920,11094,3.41,928.12,156.46,1094.19,0,0.63
37920,11146,2580.17,706.15,2844.84,926.12,0,0.88
37930,11090,3353.41,946.1,3659.07,1222.79,3,0.95
37930,11094,3.13,927.57,157.1,1095.92,0,0.6
37930,11146,2578.53,706.08,2841.95,926.86,0,0.88
37940,11090,3326.34,940.39,3628.46,1215.45,3,0.98
37940,11094,4.36,927.94,156.33,1092.88,0,0.56
37940,11146,2534.54,710.63,2788.99,925.19,0,0.36
37950,11090,3215.96,929.59,3530.16,1209.73,3,0.95
37950,11094,3.64,928.27,156.84,1093.72,0,0.61
37950,11146,2431.88,697.14,2678.95,909.76,0,0.83
37960,11094,3.53,929.34,157.32,1094.17,0,0.62
37970,11094,3.58,929.66,157.47,1093.87,0,0.61
37980,11094,3.38,929.12,157.14,1094.48,0,0.6
37990,11094,4.88,927.96,156.28,1091.12,0,0.62
38000,11094,4.01,928.31,157.31,1093.38,0,0.63
38010,11094,3.58,928.67,157.28,1094.22,0,0.57
38020,11094,3.87,929.01,157.41,1094.54,0,0.57
38030,11094,2.95,928.5,157.57,1094.64,0,0.6
38040,11094,2.95,927.96,157.38,1093.5,0,0.6
38040,11163,755.83,532.08,899.93,695.67,0,0.91
38050,11094,2.26,927.33,157.85,1094.57,0,0.62
38060,11094,2.7,927.88,157.34,1095.4,0,0.64
38060,11163,688.68,550.79,834.26,722.2,0,0.87
38070,11094,2.94,928.14,157.32,1095.39,0,0.64
38080,11094,2.89,928.14,157.92,1095.56,0,0.62
38080,11140,2924.47,761.4,3151.68,996.84,0,0.9
38090,11094,2.99,928.33,158.08,1095.46,0,0.61
38100,11094,3.15,928.28,158.18,1095.27,0,0.59
38110,11094,2.97,928.58,157.86,1095.09,0,0.62
38120,11094,3.01,928.61,157.69,1095.52,0,0.61
38120,11146,2067.63,676.04,2271.04,891.76,0,0.95
38130,11094,4.11,928.24,158.14,1095.79,0,0.66
38140,11094,3.85,926.91,156.8,1096.09,0,0.59
38140,11140,2901.12,768.84,3141.63,1007.81,0,0.84
38150,11094,4.71,928.43,154.6,1093.92,0,0.58
38160,11094,3.35,930.22,156.17,1093.45,0,0.58
38170,11094,2.28,930.39,156.88,1094.19,0,0.6
38180,11094,2.32,930.77,157.08,1093.99,0,0.58
38190,11094,2.65,929.61,157.45,1095.5,0,0.62
38200,11094,2.71,929.39,157.58,1095.99,0,0.6
38210,11094,3.2,929.58,157.7,1095.48,0,0.57
38220,11094,3.51,930.34,157.77,1095.16,0,0.58
38230,11094,3.85,929.99,157.84,1094.58,0,0.6
38240,11094,3.68,929.81,157.17,1095.46,0,0.58
38250,11094,3.65,930.03,157.01,1095.65,0,0.59
38250,11140,2825.62,756.06,3051.63,987.84,0,0.93
38260,11094,3.23,929.73,157.3,1095.76,0,0.6
38270,11094,2.82,929.65,157.66,1096.28,0,0.62
38280,11094,2.84,928.94,157.73,1095.87,0,0.57
38290,11094,2.56,928.63,158.26,1095.87,0,0.6
38300,11094,3.06,929.08,157.52,1094.13,0,0.61
38310,11094,3.49,930.08,157.67,1094.34,0,0.58
38310,11146,1732.51,628.67,1906.85,836.98,0,0.89
38320,11094,3.86,930.47,157.62,1094.41,0,0.56
38330,11094,3.93,930.57,157.7,1094.49,0,0.55
38340,11094,3.5,930.95,158.21,1096.48,0,0.59
38350,11094,3.71,930.94,158.05,1096.62,0,0.61
38360,11094,4.07,930.89,158.27,1096.38,0,0.61
38370,11094,3.14,929.1,157.16,1095.56,0,0.58
38380,11094,2.76,928.47,156.6,1095.16,0,0.6
38390,11094,2.51,927.94,156.67,1095.25,0,0.58
38400,11094,3.35,928.03,157.56,1094.8,0,0.6
38410,11094,3.96,928.29,157.68,1094.04,0,0.59
38420,11094,3.23,929.25,157.62,1095.1,0,0.59
38430,11094,2.98,930.23,157.63,1095.3,0,0.6
38440,11094,2.95,930.58,157.75,1095.31,0,0.6
38450,11094,3.08,930.44,157.82,1095.84,0,0.59
38460,11094,3.22,930.29,158.02,1096.34,0,0.59
38470,11094,3.99,929.66,157.49,1095.58,0,0.56
38480,11094,4.36,929.48,157.06,1095.15,0,0.57
38490,11094,5.29,929.4,155.36,1093.08,0,0.38
38500,11094,3.97,929.01,156.99,1093.95,0,0.58
38510,11094,3.43,928.97,158.17,1096.07,0,0.61
38520,11094,2.84,929.25,157.04,1095.91,0,0.58
38530,11094,2.53,930.03,156.77,1095.59,0,0.58
38530,11239,676.37,604.96,778.82,796.39,0,0.84
38540,11094,2.86,929.07,157.29,1095.23,0,0.6
38550,11094,3.04,928.75,157.42,1094.91,0,0.59
38560,11094,3.09,928.59,157.53,1094.85,0,0.58
38570,11094,3.84,929.06,157.36,1094.64,0,0.58
38580,11094,4.17,929.57,157.38,1094.42,0,0.58
38590,11094,4.19,929.3,157.19,1095.3,0,0.63
38600,11094,3.76,929.22,156.41,1095.69,0,0.63
38610,11094,3.12,928.21,156.45,1095.56,0,0.61
38620,11094,1.94,929.12,156.53,1094.84,0,0.54
38630,11094,1.44,929.26,156.84,1095.19,0,0.54
38640,11094,1.88,928.72,156.71,1095.15,0,0.56
38650,11094,1.96,928.26,156.72,1095.14,0,0.56
38660,11094,2.55,928.86,157.19,1095.23,0,0.6
38670,11094,3.08,930.01,156.79,1095.75,0,0.55
38680,11094,3.09,929.54,156.59,1095.75,0,0.54
38690,11094,3.12,929.93,156.84,1095.43,0,0.53
38700,11094,3.04,929.94,156.7,1095.39,0,0.52
38710,11094,2.56,929.4,156.9,1096.19,0,0.54
38720,11094,3.19,931.19,156.68,1095.7,0,0.53
38730,11094,3.81,930.4,156.39,1094.66,0,0.56
38730,11239,723.77,596.34,833.94,793.3,0,0.81
38740,11094,3.24,930.01,156.43,1094.68,0,0.55
38740,11239,737.43,632.17,849.35,845.18,0,0.85
38750,11094,2.64,911.91,155.1,1095.06,0,0.41
38760,11094,2.93,920.85,156.86,1095.26,0,0.48
38770,11094,3.75,925.45,155.06,1095.13,0,0.42
38780,11094,4.21,928.26,156.96,1096.52,0,0.57
38790,11094,3.72,929.32,156.79,1095.48,0,0.51
38800,11094,3.37,930.08,156.93,1095.54,0,0.52
38810,11094,2.97,929.7,156.85,1096.7,0,0.55
38820,11094,3.58,929.43,156.32,1094.26,0,0.6
38830,11094,3.3,929.29,156.98,1094.77,0,0.59
38840,11094,3.63,930.79,156.73,1095.06,0,0.53
38850,11094,3.75,931.24,156.7,1094.94,0,0.54
38860,11094,4.1,931.6,156.37,1095.05,0,0.54
38870,11094,4.26,929.97,156.39,1093.65,0,0.54
38880,11094,4.1,928.83,154.09,1093.91,0,0.26
38890,11094,4.21,929.62,155.49,1095.08,0,0.54
38900,11094,4.23,930.2,156.13,1095.42,0,0.52
38900,11323,2569.19,689.95,2671.09,907.51,0,0.93
38910,11094,4.2,930.82,156.64,1095.24,0,0.56
38910,11323,2577.7,631.95,2678,839.14,0,0.92
38920,11094,4.25,930.25,156.63,1094.34,0,0.53
38920,11323,2612.58,572.48,2704.63,764.16,0,0.9
38930,11094,4.2,929.37,156.91,1094.49,0,0.55
38940,11094,4.71,928.35,154.08,1092.75,0,0.41
38950,11338,2729.88,475.74,2807.65,635.9,0,0.77
38960,11094,5.25,928.36,155.37,1090.84,0,0.51
38970,11094,4.06,928.79,155.53,1092.25,0,0.46
38980,11094,3.6,929.02,155.63,1092.55,0,0.47
38990,11094,3.45,929.44,155.95,1091.99,0,0.52
39000,11094,3.42,929.63,156.13,1091.91,0,0.52
39000,11338,2745.39,418.06,2836.3,565.23,0,0.85
39010,11094,3.42,929.76,156.04,1091.51,0,0.53
39010,11355,3232.77,395.11,3367.99,523.8,0,0.76
39020,11094,2.97,931.24,156.49,1092.71,0,0.51
39030,11094,2.65,931.49,156.88,1093.34,0,0.52
39030,11338,2744.09,419.46,2834.47,559.73,0,0.66
39040,11094,3.25,929.64,156.66,1093.72,0,0.49
39040,11355,3230.47,395.34,3367.19,525.69,0,0.74
39050,11094,3.53,928.93,156.25,1094.07,0,0.48
39050,11338,2738.5,415.98,2833.32,552.92,0,0.55
39060,11094,4.08,928.69,156.11,1093.07,0,0.51
39060,11338,2742.94,419.04,2832.47,561.74,0,0.79
39060,11355,3234.28,398.58,3367.61,521.67,0,0.32
39070,11094,3.17,929.06,156.53,1093.58,0,0.52
39070,11355,3228.01,399.43,3366.43,524.98,0,0.3
39080,11094,2.77,929.25,156.63,1093.93,0,0.52
39090,11094,3.97,929.16,156.45,1093.43,0,0.44
39090,11338,2742.48,419.88,2833.45,559.71,0,0.84
39100,11094,4.23,929.08,156.77,1093.32,0,0.52
39100,11355,3230.18,397.83,3373.19,523.13,0,0.38
39110,11094,4.01,928.73,157.05,1093.49,0,0.55
39110,11366,955.62,313.67,1060.27,429.38,0,0.78
39120,11094,3.51,929.37,156.44,1093.22,0,0.52
39120,11368,1143.91,305.19,1246.52,409.86,0,0.64
39130,11094,3.56,929.34,156.25,1093.46,0,0.53
39130,11338,2742.05,418.59,2833.75,561.89,0,0.68
39140,11094,3.21,929.08,156.06,1093.53,0,0.53
39140,11355,3230.47,395.83,3372.4,524.71,0,0.79
39150,11094,3.29,929.21,155.88,1093.26,0,0.51
39150,11355,3230.06,395.56,3372.06,524.78,0,0.74
39160,11094,3.34,929.1,155.8,1092.99,0,0.51
39160,11355,3227.36,394.87,3373.13,524.71,0,0.74
39170,11094,3.04,928.98,156.42,1092.94,0,0.54
39170,11355,3227.53,398.54,3369.85,524.38,0,0.26
39170,11338,2736.64,402.98,2825.81,548.37,0,0.36
39180,11094,2.88,929.15,156.66,1092.83,0,0.55
39180,11355,3228.56,398.37,3369.5,525.19,0,0.66
39180,11338,2736,394.09,2810.67,530.56,0,0.39
39190,11094,3.31,927.86,156.05,1092.39,0,0.54
39190,11355,3228.61,397.62,3368.23,524.52,0,0.7
39190,11338,2731.57,380.54,2799.51,509.22,0,0.35
39200,11094,3.4,927.25,156,1092.23,0,0.54
39210,11094,3.32,927.29,155.95,1092.2,0,0.56
39210,11355,3226.95,396.49,3369.07,524.43,0,0.71
39220,11094,3.7,928.67,155.72,1092.24,0,0.53
39220,11355,3227.48,395.12,3373.56,524.11,0,0.61
39230,11094,3.99,929.01,155.75,1092.28,0,0.5
39230,11355,3228.23,395.16,3372.92,523.8,0,0.67
39230,11387,2271.43,748.78,2402.39,1013.07,0,0.96
39240,11094,3.93,928.54,155.57,1091.85,0,0.52
39240,11355,3230.13,396.13,3370.62,523.47,0,0.78
39240,11387,2255.13,733.29,2380.85,985.02,0,0.91
39250,11094,3.99,928.43,155.56,1091.81,0,0.53
39250,11355,3230.74,397.76,3369.89,523.86,0,0.77
39250,11387,2251.3,732.11,2374.51,984.24,0,0.93
39260,11094,3.92,928.5,155.59,1091.71,0,0.52
39260,11355,3230.82,397.74,3369.01,523.72,0,0.79
39260,11387,2250.68,731.7,2374.18,983.45,0,0.95
39270,11094,3.7,928.9,155.67,1092.66,0,0.53
39270,11355,3230.56,397.31,3371.81,522.64,0,0.7
39270,11387,2250.52,731.65,2374.22,982.79,0,0.94
39270,11394,2469.52,644.61,2577.27,855.36,0,0.92
39280,11094,3.7,928.94,155.73,1093.15,0,0.52
39280,11355,3230.91,396.82,3373.24,522.45,0,0.78
39280,11387,2251.41,730.91,2376,984.23,0,0.94
39280,11394,2443.01,585.26,2544.92,781.19,0,0.95
39290,11094,3.74,928.64,155.8,1093.33,0,0.53
39290,11355,3230.57,396.14,3370.29,523.55,0,0.8
39290,11387,2243.99,727.12,2374.08,979.63,0,0.93
39300,11094,3.71,928.63,155.89,1093.58,0,0.54
39300,11355,3230.58,395.38,3368.98,523.63,0,0.83
39300,11368,1195.21,305.82,1249.93,410.68,0,0.71
39310,11094,3.37,928.3,156.2,1094.31,0,0.57
39310,11355,3230.41,394.66,3368.91,524.06,0,0.83
39320,11094,3.62,929,155.93,1094.92,0,0.53
39320,11355,3229.5,394.53,3370.41,523.62,0,0.75
39330,11094,3.65,929.3,155.98,1095.28,0,0.54
39330,11355,3229.52,395.16,3370.48,523.17,0,0.75
39340,11094,3.59,928.68,156.32,1095.31,0,0.57
39340,11355,3227.71,396.11,3366.46,524.53,0,0.81
39350,11094,3.36,927.8,156.92,1095.93,0,0.61
39350,11355,3227.11,396.33,3364.78,524.89,0,0.77
39350,11368,1204.3,276.08,1258.88,374.83,0,0.45
39360,11094,3.91,927.31,156.51,1094.89,0,0.61
39360,11355,3226.51,396.85,3364.91,524.97,0,0.77
39360,11366,973.63,307.61,1036.38,407.92,0,0.54
39370,11094,2.74,928.77,156.76,1095.46,0,0.59
39370,11355,3226.6,395.9,3369.1,524.37,0,0.67
39370,11429,807.26,376.82,870.01,499.54,0,0.74
39370,11366,954.74,312.99,1019.83,424.57,0,0.6
39380,11094,2.35,929.34,156.82,1095.55,0,0.57
39380,11355,3226.61,396.05,3371.03,524.11,0,0.62
39390,11094,2.59,928.81,156.51,1095.08,0,0.59
39390,11355,3228.78,395.03,3375.33,524.6,0,0.33
39400,11094,7.58,927.2,155.19,1094.29,0,0.44
39400,11355,3229.45,396.23,3375.74,524.45,0,0.32
39400,11445,2568.45,767.51,2690.22,1017.48,0,0.96
39400,11366,947.94,354.93,1011.86,470.08,0,0.56
39410,11355,3229.87,396.68,3375.16,523.63,0,0.67
39410,11445,2561.3,700.74,2675.33,931.45,0,0.95
39410,11452,836.69,410.36,911.26,556.06,0,0.72
39410,11366,933.38,379.36,998.56,495.85,0,0.7
39420,11445,2552.6,640.73,2658.77,850.56,0,0.9
39420,11452,849.44,438.54,927.1,589.82,0,0.73
39430,11445,2543.19,593.09,2645.06,791.22,0,0.94
39430,11452,876.23,451.7,978.5,636.06,0,0.82
39440,11445,2528.68,552.83,2626.46,740.26,0,0.96
39440,11452,897.36,479.89,996.05,636.99,0,0.55
39440,11355,3228.31,398.19,3370.86,522.45,0,0.34
39450,11445,2496.6,514.55,2594.41,696.39,0,0.94
39450,11452,894.89,517.53,990.3,684.5,0,0.86
39450,11355,3227.95,398.88,3370.15,522.13,0,0.26
39450,11094,4.65,926.79,154.87,1094.25,0,0.58
39460,11445,2462.02,489.24,2550.95,653.67,0,0.9
39460,11094,3.92,925.35,155.67,1095.69,0,0.6
39470,11445,2401.67,452.59,2498.11,620.53,0,0.93
39470,11094,3.07,927.09,156.29,1095.85,0,0.62
39470,11355,3224.86,395.9,3370.27,524.12,0,0.41
39480,11094,3.29,928.06,157.27,1095.24,0,0.57
39490,11094,4.02,927.59,157.17,1095.16,0,0.56
39500,11094,3.93,927.41,156.14,1095.54,0,0.53
39500,11481,2281.17,408.08,2360.58,549.88,0,0.85
39500,11355,3230.27,397.1,3377.07,521.77,0,0.33
39510,11094,3.59,928.42,155.93,1087.14,0,0.32
39510,11481,2284.38,389.25,2357.57,528.71,0,0.51
39520,11094,2.34,929.3,156.75,1092.92,0,0.61
39520,11481,2311.28,379.66,2379.13,502.89,0,0.59
39530,11094,1.88,929.83,156.87,1095.65,0,0.58
39530,11429,770.42,385,842.69,499.16,0,0.59
39540,11094,1.97,928.3,155.9,1095.14,0,0.58
39540,11429,783.87,400.63,859.91,522.9,0,0.73
39550,11094,2.11,927.28,155.42,1094.43,0,0.63
39550,11429,793.78,419.87,873.87,555.86,0,0.87
39550,11355,3230.31,397,3372.58,522.51,0,0.54
39560,11094,2.01,928.55,155.01,1094.27,0,0.58
39560,11429,796.65,448.8,879.11,591.06,0,0.83
39560,11355,3230.18,397.29,3371.49,522.66,0,0.63
39570,11094,2.04,927.51,155.96,1095.44,0,0.6
39570,11429,796.69,482.76,882.98,634.72,0,0.7
39570,11355,3228.69,395.78,3372.29,522.2,0,0.48
39580,11094,2.67,925.68,155.48,1094.35,0,0.5
39580,11429,800.25,521.66,892.7,686.06,0,0.85
39580,11355,3227.9,394.54,3372.81,522.35,0,0.57
39590,11094,2.27,922.58,154.81,1093.98,0,0.41
39590,11429,792.2,566.63,889.95,746.76,0,0.79
39590,11355,3231.62,397.07,3372.39,521.35,0,0.42
39600,11094,4.37,924.89,154.64,1094,0,0.45
39610,11094,3.22,926.86,155.69,1094.32,0,0.59
39610,11516,3224.47,774.53,3345.18,1018.03,0,0.87
39610,11387,2169.89,667.09,2366.73,888.7,0,0.93
39610,11355,3227.94,397.24,3371.32,522.15,0,0.59
39620,11094,3.33,926.48,155.15,1093.7,0,0.51
39620,11355,3233.09,399.12,3370.42,522.49,0,0.59
39630,11355,3232.92,397.54,3370.33,523.39,0,0.62
39640,11355,3233.64,398.84,3369.75,522.56,0,0.66
39640,11531,1048.49,330.96,1123.85,446.33,0,0.65
39640,11094,3.26,926.64,156.02,1093.26,0,0.6
39650,11355,3231.25,397.73,3370.82,521.97,0,0.67
39650,11531,1042.99,353.66,1121.18,477.58,0,0.88
39650,11094,2.48,926.93,156.59,1094.85,0,0.62
39650,11366,829.2,587.3,916.66,777.78,3,0.8
39660,11355,3229.26,396.72,3370.17,522.03,0,0.69
39660,11531,1047.09,383.58,1126.95,513.5,0,0.45
39660,11094,2.43,926.93,156.91,1095.36,0,0.59
39670,11531,1049.07,412.98,1136.18,550.46,0,0.78
39670,11094,2.91,925.94,157.49,1095.02,0,0.56
39680,11531,1046.06,449,1137.09,594.88,0,0.88
39680,11094,3.35,925.68,155.13,1093.92,0,0.47
39680,11355,3230.81,396.36,3372.11,522.75,0,0.75
39690,11531,1016.21,481.4,1112.92,637.32,0,0.78
39690,11094,3.24,926.63,155.76,1093.64,0,0.59
39690,11355,3230.39,398.88,3370.74,522.64,0,0.61
39700,11094,2.72,927.27,156.14,1094.54,0,0.6
39700,11355,3230.28,399.77,3370.06,522.53,0,0.58
39710,11094,2.38,927.37,156.45,1094.62,0,0.59
39710,11366,824.12,600.95,932.5,790.46,0,0.81
39720,11094,2.47,928,156.95,1094.76,0,0.62
39720,11355,3230.24,397.18,3369.74,522.3,0,0.44
39730,11094,2.56,927.51,157.45,1094.86,0,0.63
39730,11558,811.52,429.69,876.65,565.27,0,0.64
39730,11355,3228.95,398.11,3371.24,522.92,0,0.66
39740,11094,2.6,926.72,158.12,1095.16,0,0.58
39740,11558,814.51,422.51,878.13,554.94,0,0.64
39740,11355,3231.01,397.9,3370.35,522.98,0,0.78
39750,11558,818.54,410.55,880.73,537.96,0,0.53
39750,11355,3231.97,397.56,3371.04,522.62,0,0.7
39750,11516,3249.91,720.31,3363.7,948.05,0,0.9
39760,11355,3232.52,398.03,3371.34,522.42,0,0.69
39760,11094,2.21,927.47,157.54,1095.37,0,0.6
39770,11355,3230.64,398.02,3370.87,523.44,0,0.69
39770,11094,2.03,928.06,157.02,1094.31,0,0.59
39770,11558,824.07,391.52,881.47,512.13,0,0.56
39780,11355,3229.75,397.41,3370.57,523.62,0,0.71
39780,11094,2.14,928.52,156.61,1093.82,0,0.58
39790,11355,3228.92,398.19,3370.22,523.97,0,0.46
39790,11094,2.83,928.82,156.62,1094.19,0,0.54
39790,11366,773.08,651.11,893.95,855.71,0,0.71
39790,11558,832.49,374.2,893.2,491.61,0,0.36
39800,11355,3229.79,399.26,3370.14,523.53,0,0.42
39800,11094,3.05,928.4,156.58,1094.42,0,0.54
39810,11355,3228.97,399.5,3369.13,523.78,0,0.46
39810,11094,3.85,928.36,154.48,1093.36,0,0.28
39820,11355,3230.32,397.38,3371.29,523.27,0,0.71
39820,11094,3.59,928.07,156.54,1094.65,0,0.59
39820,11558,848.07,357.26,904.39,457.89,0,0.37
39830,11355,3230.62,396.46,3371.95,523.22,0,0.73
39830,11094,3.32,927.85,157.65,1095.52,0,0.6
39840,11355,3230.57,398.09,3373.51,522.76,0,0.57
39840,11094,3.01,927.27,157.09,1095.42,0,0.58
39850,11355,3230.4,397.13,3373.1,522.23,0,0.64
39850,11094,2.87,927.13,156.91,1095.7,0,0.6
39860,11355,3230.61,396.44,3375.15,522.52,0,0.48
39860,11094,3.16,927.22,156.7,1094.91,0,0.49
39870,11355,3229.57,394.09,3373.86,523.59,0,0.59
39870,11094,2.69,927.84,155.98,1095.45,0,0.53
39870,11606,819.78,327.79,876.66,423.09,0,0.63
39880,11094,1.65,922.76,154.26,1094.67,0,0.42
39890,11094,2.26,922.35,155.57,1094.53,0,0.51
39890,11355,3228.12,396.84,3370.52,522.86,0,0.56
39900,11094,2.81,925.46,156.77,1094.94,0,0.57
39910,11094,2.76,926.47,157.29,1095.02,0,0.6
39910,11355,3227.03,397.48,3368.85,522.9,0,0.54
39920,11094,2.83,927.3,157.14,1094.75,0,0.6
39920,11355,3228.59,396.98,3371.25,522.92,0,0.56
39930,11094,3.23,927.95,156.72,1094.48,0,0.6
39940,11094,2.66,928.64,156.71,1094.29,0,0.6
39940,11355,3228.13,397.28,3370.34,523.14,0,0.46
39950,11094,2.23,928.65,156.87,1094.08,0,0.6
39950,11355,3227.68,397.06,3369.17,523.18,0,0.5
39960,11094,2.08,928.63,156.9,1094.18,0,0.61
39960,11355,3227.69,396.51,3368.75,523.33,0,0.48
39970,11094,2.39,928.98,156.54,1093.99,0,0.54
39970,11355,3229.15,397,3367.88,523.17,0,0.56
39980,11094,2.42,929.12,156.6,1094.29,0,0.56
39980,11355,3229.68,396.97,3367.49,523.44,0,0.54
39980,11633,1873.99,471.21,1962.98,639.48,0,0.91
39980,11634,625.17,595.25,735.23,750.53,0,0.49
39990,11094,2.27,929.93,156.64,1094.93,0,0.61
39990,11355,3229.11,397.19,3368.3,520.96,0,0.36
39990,11633,1867.28,429.7,1949.12,577.87,0,0.78
39990,11634,631.46,599.11,733.84,748.25,0,0.3
40000,11094,2.36,930.11,156.63,1095.24,0,0.6
40000,11633,1854.18,381.21,1928.1,510.67,0,0.89
40010,11094,2.25,929.8,156.96,1095.57,0,0.6
40010,11633,1839.28,339.56,1906.4,456.03,0,0.54
40020,11094,2.29,929.87,157.78,1095.77,0,0.61
40020,11633,1825.8,315.17,1890.26,423.57,0,0.58
40020,11355,3229.66,395.72,3368.85,521.58,0,0.36
40030,11094,2.42,930.22,158.06,1096.03,0,0.57
40030,11355,3232.02,396.21,3367.23,522.01,0,0.34
40040,11094,2.13,930.03,157.1,1096.34,0,0.6
40040,11355,3238.86,398.84,3360.3,522.35,0,0.35
40040,11655,3675.25,1052.5,3978.04,1378.09,0,0.64
40050,11094,1.79,929.67,157.06,1096.46,0,0.61
40050,11355,3230.71,395.61,3372,522.41,0,0.35
40050,11655,3677.46,1052.25,3978.86,1378.32,0,0.72
40060,11094,1.89,929.56,156.76,1095.77,0,0.61
40060,11355,3228.75,394.77,3373.53,522.49,0,0.35
40060,11655,3676.72,1052.79,3979.35,1377.83,0,0.74
40070,11094,2.51,929.22,157.72,1095.76,0,0.61
40070,11655,3674.57,1052.81,3980.82,1377.32,0,0.76
40080,11094,2.97,929.35,157.43,1095.19,0,0.53
40080,11655,3673.52,1052.63,3982.06,1377.16,0,0.78
40090,11094,3.24,929.23,157.44,1095.76,0,0.54
40090,11655,3673.47,1052.57,3981.4,1377.53,0,0.75
40100,11094,3.24,929.53,157.23,1095.19,0,0.58
40100,11655,3668.64,1053.31,3971.57,1375.95,0,0.61
40110,11094,3.18,929.51,157.42,1095.2,0,0.59
40110,11655,3664.03,1050.53,3969.36,1375.5,0,0.42
40120,11094,3.31,928.61,157.58,1095.9,0,0.59
40120,11655,3667.22,1043.92,3976.38,1376.74,0,0.45
40130,11094,3.8,927.94,157.44,1095.33,0,0.6
40130,11655,3668.58,1044.35,3979.1,1375.81,0,0.46
40140,11094,3.2,926.74,158.02,1095.75,0,0.62
40140,11655,3670.15,1045.9,3979.69,1376.04,0,0.37
40140,11669,780.92,571.84,903.26,740.19,0,0.43
40150,11094,2.75,925.5,158.3,1096.6,0,0.64
40150,11655,3665.23,1053.2,3969.33,1375.16,0,0.34
40150,11669,811.1,597.82,930.83,780.82,0,0.78
40160,11094,2.77,924.74,158.46,1096.92,0,0.64
40160,11655,3660.79,1055.76,3965.84,1374.84,0,0.31
40170,11094,2.54,925.46,157.88,1096.09,0,0.59
40170,11655,3644.35,1050.94,3941.37,1377.45,0,0.55
40180,11094,2.48,926.57,155.5,1094.35,0,0.55
40190,11685,788.15,576.26,946.49,751.71,0,0.79
40200,11685,836.9,575.35,958,742.66,0,0.74
40210,11685,850.06,572.7,1017.44,741.15,0,0.63
40230,11685,847.19,552.94,984.48,708.11,0,0.82
40260,11718,3396.92,571.74,3587.4,782.22,0,0.88
40260,11094,10.85,929.91,154.12,1091.06,0,0.4
40270,11094,4.9,931.26,156.11,1094.41,0,0.57
40280,11094,3.03,931.77,156.88,1096.14,0,0.57
40280,11685,848.74,511.94,997.25,690.96,0,0.84
40290,11094,3.08,929.39,157.35,1095.85,0,0.58
40300,11757,2438.28,752.62,2643.91,997.08,0,0.93
40300,11759,3529.65,669.75,3752.19,874.46,0,0.92
40310,11764,1753.41,599.59,1924.63,791.08,0,0.67
40330,11757,2423.64,702.75,2645.23,955.51,0,0.63
40340,11655,3562.33,1012.28,3794.39,1275.45,0,0.94
40360,11094,10.1,924.22,158.26,1099.65,0,0.26
40370,11094,10.24,923.14,157.53,1098.86,0,0.25
40390,11655,3575.7,904.49,3806.73,1155.14,0,0.96
40400,11655,3663.39,887.35,3854.25,1135.04,0,0.94
40410,11655,3722.98,865.13,3874.8,1115.78,0,0.93
40420,11655,3735.52,846.23,3860.94,1100.14,0,0.83
40430,11655,3712.89,833.36,3838.11,1084.45,0,0.74
40440,11655,3698.61,824.79,3825.73,1078.08,0,0.86
40450,11655,3694.63,822.51,3822.66,1074.29,0,0.97
40460,11655,3691.41,823.31,3822.38,1074.05,0,0.98
40470,11655,3688.71,823.22,3821.48,1074.29,0,0.97
40470,11810,1490.49,467.68,1631.8,644.77,0,0.91
40480,11655,3687.64,824.62,3820.4,1074.41,0,0.98
40480,11815,2033.64,507.21,2205.58,703.4,0,0.93
40490,11655,3687.85,820.96,3824.15,1062.93,0,0.77
40500,11655,3686.58,814.64,3822.63,1069.82,0,0.94
40500,11759,3550.67,664.55,3750.85,880.82,0,0.9
40510,11655,3687.29,820.89,3822.18,1073.75,0,0.93
40520,11655,3688.17,823.33,3822.07,1075.71,0,0.96
40530,11655,3688.12,824.58,3822.45,1077.66,0,0.95
40530,11685,942.32,444.01,1052.45,580.75,0,0.95
40540,11655,3688.89,825.96,3823.17,1077.82,0,0.96
40550,11655,3689.41,827.89,3823.83,1078.71,0,0.95
40560,11655,3690.67,817.11,3822.41,1078.64,0,0.93
40560,11815,2061.81,536.36,2222.46,718.06,0,0.48
40570,11655,3689.29,823.03,3823.23,1077.99,0,0.97
40580,11655,3689.09,824.85,3823.18,1078.28,0,0.97
40590,11655,3689.18,827,3823.5,1079.39,0,0.97
40600,11655,3687.98,828.09,3823.19,1078.94,0,0.97
40610,11655,3688.69,828.04,3824.34,1079.63,0,0.97
40620,11655,3688.98,827.71,3824.85,1080.01,0,0.96
40630,11655,3689.32,828.36,3824.9,1080.41,0,0.96
40640,11655,3689.4,828.84,3823.94,1079.83,0,0.95
40640,11846,1331.92,691.8,1457.52,928.59,0,0.89
40650,11655,3690.1,831.83,3823.02,1079.08,0,0.95
40650,11846,1344.02,677.71,1468.24,917.12,0,0.85
40660,11655,3690.36,830.77,3823.2,1079.13,0,0.97
40660,11846,1352.08,676.5,1477.61,914.03,0,0.64
40670,11655,3689.8,830.55,3823.8,1079.85,0,0.93
40670,11846,1353.26,676.09,1479.9,914.12,0,0.71
40680,11655,3690.34,829.77,3823.49,1079.74,0,0.97
40680,11846,1353.07,674.16,1480.67,913.73,0,0.52
40690,11655,3689.23,830.28,3823.87,1079.78,0,0.91
40690,11846,1350.51,672.46,1480.81,914.36,0,0.68
40700,11655,3688.75,830.19,3823.96,1079.93,0,0.94
40700,11846,1350.03,671.22,1480.51,915.58,0,0.54
40710,11655,3689.23,829.97,3823.55,1079.91,0,0.96
40710,11846,1350.52,672.45,1478.99,915.56,0,0.83
40720,11655,3688.79,831.16,3823.22,1079.49,0,0.92
40720,11846,1351.63,673.67,1479.84,915.62,0,0.65
40730,11655,3684.37,833.02,3822.4,1071.79,0,0.71
40730,11846,1350.03,675.3,1479.63,916.88,0,0.83
40740,11655,3688.98,830.57,3824.24,1070.62,0,0.81
40740,11846,1349.36,676.69,1478.96,917.24,0,0.82
40750,11655,3690.85,829.9,3823.54,1078.03,0,0.96
40750,11846,1346.69,678.86,1476.51,917.03,0,0.89
40760,11655,3690.68,830.1,3823.14,1079.86,0,0.97
40760,11846,1346.69,679.72,1473.91,916.45,0,0.88
40770,11655,3690.81,830.18,3822.89,1081.72,0,0.98
40770,11846,1344.38,679.09,1473.3,916.6,0,0.89
40780,11655,3689.95,829.4,3823.13,1082.58,0,0.97
40780,11846,1343.43,678.15,1473.67,916.29,0,0.81
40780,11868,699.21,608.25,790.94,798.11,0,0.78
40790,11655,3691.41,830.23,3823.34,1082.1,0,0.95
40790,11846,1344.1,678.87,1473.8,916.01,0,0.65
40790,11873,2183.98,915.43,2330.03,1251.87,0,0.86
40800,11655,3687.87,829.77,3823.51,1081.26,0,0.96
40800,11846,1344.61,679.65,1473.17,916.32,0,0.82
40800,11873,2168.46,878.14,2320.44,1194.71,0,0.94
40810,11655,3680,840.26,3823.59,1077.63,0,0.86
40810,11846,1345.5,682.62,1471.48,915.85,0,0.54
40810,11873,2160.96,856.55,2316.45,1165.73,0,0.94
40820,11655,3681.04,837.96,3833.73,1069.1,0,0.74
40820,11846,1346.67,681.85,1473.72,916.26,0,0.81
40820,11873,2158.42,849.91,2314,1158.25,0,0.94
40830,11655,3685.12,834.03,3828.27,1076.37,0,0.95
40830,11846,1346.41,679.07,1473.4,916.54,0,0.78
40830,11873,2159.32,850.32,2314.51,1157.56,0,0.94
40840,11655,3687.31,832.72,3824.79,1079.6,0,0.97
40840,11846,1347.01,676.49,1476.08,917.16,0,0.89
40840,11873,2160.39,852.71,2315.21,1159.18,0,0.92
40850,11655,3689.22,832.23,3823.12,1079.86,0,0.98
40850,11846,1349.49,676.34,1478.1,918.05,0,0.68
40850,11873,2160.44,854.02,2314.07,1160.36,0,0.94
40860,11655,3688.95,831.74,3823.04,1080.27,0,0.97
40860,11846,1349.32,676.47,1478.37,918.4,0,0.71
40860,11873,2160.87,854.78,2313.57,1161.73,0,0.93
40870,11655,3688.75,831.62,3823.52,1079.27,0,0.98
40870,11846,1349.23,679.16,1474.54,916.83,0,0.56
40870,11873,2160.73,854.94,2313.61,1160.53,0,0.93
40880,11655,3689.28,831.19,3823.67,1080.11,0,0.97
40880,11846,1349.45,681.08,1474.16,917.15,0,0.69
40880,11873,2160.59,855.09,2313.89,1160.8,0,0.93
40890,11655,3688.7,832.63,3823.25,1080.72,0,0.98
40890,11846,1349.43,681.4,1475.63,917.27,0,0.74
40890,11873,2160.84,855.53,2313.58,1161.51,0,0.92
40900,11655,3687.59,832.41,3822.92,1081.65,0,0.96
40900,11846,1350.32,685.45,1475.81,917.17,0,0.77
40900,11873,2161.33,856.14,2313.11,1162.14,0,0.93
40910,11655,3688.61,831.47,3822.27,1080.77,0,0.98
40910,11846,1348.16,688.16,1472.39,917.41,0,0.87
40910,11873,2161.45,856.08,2312.52,1163.38,0,0.92
40920,11655,3689.4,831.34,3822.75,1080.81,0,0.93
40920,11846,1347.23,686.85,1469.98,917.98,0,0.83
40920,11873,2162.42,856.8,2312.35,1162.07,0,0.94
40930,11655,3689.44,831.04,3822.96,1081.11,0,0.89
40930,11846,1345.24,687.63,1470.23,911.25,0,0.83
40930,11873,2162.45,856.15,2312.18,1161.21,0,0.95
40930,11910,3689.49,831.05,3823.12,1081.11,1,0.39
40940,11655,3688.85,830.59,3822.94,1080.18,0,0.95
40940,11846,1344.52,689.76,1465.5,914.01,0,0.83
40940,11873,2162.46,857.15,2312.07,1159.06,0,0.92
40950,11655,3688.75,829.97,3823.06,1079.82,0,0.96
40950,11846,1344.64,689.11,1463.51,916.84,0,0.89
40950,11873,2162.91,856.67,2310,1161.18,0,0.91
40950,11928,1488.44,752.31,1602.34,981.89,0,0.8
40960,11655,3688.63,830.17,3823.15,1079.49,0,0.96
40960,11846,1345.65,689.41,1463.11,917.19,0,0.87
40960,11873,2163.39,863.9,2311.41,1160.81,0,0.57
40960,11928,1506.84,752.88,1604.28,977.78,0,0.7
40970,11655,3688.37,830.02,3823.79,1079.15,0,0.96
40970,11846,1348.66,694.95,1464.03,915.95,0,0.7
40970,11873,2164.64,863.93,2311.54,1165.31,0,0.81
40970,11928,1514.06,755.27,1603.45,975.59,0,0.69
40980,11655,3688.51,829.83,3823.78,1079.09,0,0.96
40980,11846,1349.49,698.04,1465.44,915.85,0,0.7
40980,11873,2163.19,860.24,2313.07,1165.99,0,0.93
40980,11928,1501.84,754.07,1602.47,976.97,0,0.78
40990,11655,3688.75,830.86,3823.2,1079.83,0,0.96
40990,11846,1348.99,694.91,1465.34,916.61,0,0.71
40990,11873,2162.43,859.05,2314.48,1165.54,0,0.93
40990,11928,1507.49,753.92,1603.65,978.7,0,0.74
41000,11655,3689.29,831.38,3822.84,1079.86,0,0.96
41000,11846,1347.8,691.95,1465.57,916.38,0,0.76
41000,11873,2162.11,858.41,2315.07,1165.15,0,0.93
41000,11928,1502.65,755.76,1602.46,975.13,0,0.57
41000,11946,807.99,366.19,909.3,474.68,0,0.4
41010,11655,3689.36,830.82,3822.78,1079.76,0,0.96
41010,11846,1345.32,685.58,1462.98,916.49,0,0.87
41010,11873,2162.12,858.39,2315.1,1165.34,0,0.92
41010,11928,1498.12,756.76,1602.05,974.93,0,0.71
41010,11953,1653.75,661.53,1806.29,875.93,0,0.54
41010,11957,1464.46,752.91,1571.7,974.55,0,0.45
41020,11655,3689.48,830.75,3823.62,1079.25,0,0.96
41020,11846,1345.12,685.77,1461.83,915.17,0,0.78
41020,11873,2161.94,857.49,2314.54,1165.38,0,0.94
41020,11928,1501.79,756.19,1602.02,976.88,0,0.68
41020,11953,1643.5,649.65,1781.17,861.2,0,0.79
41020,11957,1463.87,750.6,1563.8,973.41,0,0.71
41020,11868,671.92,595.76,788.78,735.96,0,0.75
41020,11946,798.7,352.36,906.22,471.12,0,0.76
41030,11655,3689.87,830.77,3823.88,1079.31,0,0.96
41030,11846,1344.79,684.3,1462.17,914.5,0,0.82
41030,11873,2161.78,857.22,2314.56,1164.88,0,0.94
41030,11953,1633.6,643.57,1758.52,848.22,0,0.71
41030,11957,1465.7,751.45,1565.94,973.58,0,0.81
41040,11655,3689.78,831.69,3823.91,1080.27,0,0.96
41040,11846,1344.33,683.3,1461.03,915.47,0,0.91
41040,11873,2161.86,857.69,2314.77,1163.55,0,0.94
41040,11953,1635.03,640.57,1755,842.84,0,0.6
41040,11957,1465.18,751.53,1566.2,974.26,0,0.81
41040,11963,769.86,613.69,877.21,817.44,0,0.77
41040,11966,1636.17,641.81,1757.81,844.52,3,0.58
41050,11655,3690.7,831.87,3823.71,1079.81,0,0.97
41050,11846,1344.01,685.4,1460.04,915.92,0,0.94
41050,11873,2161.9,858.13,2314.75,1162.84,0,0.94
41050,11953,1634.17,640.7,1758.06,844.09,3,0.28
41050,11957,1464.51,752,1563.47,974.51,0,0.76
41050,11966,1635.36,642.35,1761.53,846.78,0,0.75
41050,11928,1507.26,757.1,1601.22,978.48,0,0.54
41060,11655,3690.7,832.93,3823.24,1079.48,0,0.97
41060,11846,1343.91,685.42,1459.98,915.61,0,0.92
41060,11873,2162.2,858.44,2314.34,1162.71,0,0.94
41060,11957,1465.04,752.36,1564.46,974.27,0,0.82
41060,11966,1637.09,642.34,1760.24,846.57,0,0.79
41070,11655,3690.57,832.48,3823.19,1078.98,0,0.92
41070,11846,1343.24,683.97,1460.2,914.94,0,0.94
41070,11873,2162.62,858.4,2314.52,1163.46,0,0.93
41070,11957,1466.06,750.84,1572.17,974.26,0,0.74
41070,11966,1637.99,641.07,1760.78,848.81,0,0.9
41070,11963,792.06,560.88,889.37,737.01,0,0.94
41070,11928,1497.96,754.63,1600.71,977.91,0,0.65
41080,11655,3691.19,831.82,3823.28,1078.4,0,0.94
41080,11846,1342.54,685.88,1460.55,914.77,0,0.9
41080,11873,2162.5,858.38,2314.6,1163.92,0,0.92
41080,11957,1465.51,749.7,1574.11,974.59,0,0.54
41080,11966,1636.97,640.95,1762.08,848.95,0,0.85
41080,11976,2747.67,319.77,2837.55,423.26,0,0.32
41080,11963,808.1,585.69,906.58,772.18,0,0.91
41080,11928,1495.5,754.02,1600.91,979.53,0,0.73
41090,11655,3691.61,831.91,3822.56,1079.02,0,0.92
41090,11846,1342.89,686.53,1459.84,914.51,0,0.89
41090,11873,2163.93,859.06,2314.31,1164.69,0,0.92
41090,11957,1465.85,750.08,1574.25,974.32,0,0.76
41090,11966,1637.35,642.28,1761.9,848.82,0,0.83
41090,11928,1499.24,755.49,1600.67,977.34,0,0.52
41100,11655,3692.83,833.15,3822.16,1078.7,0,0.69
41100,11846,1342.92,686.05,1459.51,915.23,0,0.9
41100,11873,2163.45,860.18,2314.35,1164.41,0,0.92
41100,11957,1466.04,750.41,1573.45,974.69,0,0.84
41100,11966,1634.36,644.17,1763.56,849.02,0,0.72
41110,11655,3694.6,833.21,3821.59,1078,1,0.77
41110,11846,1342.42,685.52,1458.36,914.42,0,0.93
41110,11873,2164.01,860.33,2314.54,1164.31,0,0.91
41110,11957,1466.29,750.64,1573.16,974.13,0,0.81
41110,11966,1634.34,644.67,1764.08,848.07,0,0.85
41110,11980,3694.92,833.31,3821.49,1077.89,0,0.57
41110,11928,1498.35,755.33,1599.65,973.03,0,0.29
41120,11846,1343.45,685.91,1459.9,914.06,0,0.92
41120,11873,2164.09,860.79,2313.63,1164.29,0,0.92
41120,11957,1467.02,750,1571.26,973.09,0,0.78
41120,11966,1636.04,645.53,1764.31,848.28,0,0.78
41120,11928,1497.43,755.22,1599.78,973.19,0,0.65
41130,11846,1344.41,685.79,1461,914.7,0,0.9
41130,11873,2164.49,860.81,2313.53,1165.24,0,0.92
41130,11957,1466.87,749.33,1570.58,973.52,0,0.77
41130,11966,1637.02,645.6,1764.24,849.61,0,0.82
41130,11928,1495.69,754,1599.89,973.56,0,0.7
41130,11655,3692.45,832.8,3821.08,1073.97,0,0.91
41140,11846,1344.3,685.78,1461.35,915.03,0,0.9
41140,11873,2164.94,862.58,2314.36,1164.97,0,0.92
41140,11957,1465.73,749.84,1569.36,973.72,0,0.82
41140,11966,1636.43,644.78,1762.17,849.96,0,0.75
41140,11928,1500.86,754.65,1600.61,972.55,0,0.27
41140,11655,3692.68,832.02,3822.01,1072.4,0,0.85
41150,11846,1344.7,686.43,1461.48,914.56,0,0.89
41150,11873,2165.64,863.71,2313.69,1163.99,0,0.93
41150,11957,1465.26,750.18,1567.27,973.47,0,0.8
41150,11966,1637.13,644.49,1761.85,849.04,0,0.79
41150,11928,1501.99,754.8,1600.4,971.03,0,0.33
41150,11655,3686.78,832.39,3822.36,1069.48,0,0.8
41150,11991,3685.62,832.46,3822.43,1069.01,1,0.4
41160,11846,1344.37,686.46,1461.13,914.48,0,0.9
41160,11873,2164.73,860,2310.74,1135.15,0,0.89
41160,11957,1465.22,750.13,1565.95,973.44,0,0.79
41160,11966,1637.09,644.7,1763.16,848.81,0,0.82
41160,11928,1504.9,755.22,1600.89,971.37,0,0.59
41160,11655,3688.59,832.79,3822.78,1072.04,0,0.73
41160,11991,3688.9,832.9,3822.76,1072.66,1,0.48
41170,11846,1344.26,685.61,1460.94,915.3,0,0.89
41170,11957,1465.36,750.19,1568.47,973.26,0,0.75
41170,11966,1637.82,645.5,1763.75,848.84,0,0.82
41170,11928,1497.6,755.54,1599.87,972.18,0,0.71
41180,11846,1344.13,685.05,1459.75,916.13,0,0.92
41180,11957,1466.52,750.31,1572.78,973.99,0,0.8
41180,11966,1637.18,644.57,1763.63,850.66,0,0.89
41180,11928,1491.09,755.43,1599.36,973.99,0,0.63
41180,11873,2167.5,860.45,2312.59,1158.54,0,0.59
41180,11655,3688.56,831.6,3822.03,1073.21,0,0.94
41190,11846,1343.15,685.51,1457.94,915.27,0,0.92
41190,11957,1466.39,750.64,1575.64,974.37,0,0.84
41190,11966,1636.64,644.49,1763.46,850.98,0,0.89
41190,11928,1487.68,755.79,1598.76,973.65,0,0.46
41190,11994,1955.49,795.87,2079.28,1051.72,0,0.95
41190,11873,2167.13,859.47,2313.93,1164.95,0,0.86
41190,11655,3687.93,832.99,3822.81,1075.63,0,0.89
41200,11846,1343.26,684.84,1459.1,913.93,0,0.9
41200,11957,1466.6,750.57,1575.4,973.74,0,0.81
41200,11966,1636.38,644.06,1762.31,850.37,0,0.79
41200,11928,1488.61,756.18,1598.87,972.71,0,0.69
41200,11994,1963.95,767.34,2085.06,1020.45,0,0.78
41200,11873,2167.21,859.59,2313.96,1166.41,0,0.9
41200,11655,3689.02,833.89,3822.9,1077.94,0,0.88
41200,11995,3689.24,834.32,3823.05,1078.58,1,0.36
41210,11846,1343.83,685.34,1459.32,913.49,0,0.9
41210,11957,1466.8,750.74,1575.65,973.79,0,0.81
41210,11966,1635.77,643.55,1761.83,850.12,0,0.78
41210,11928,1488.58,756.11,1598.72,973.34,0,0.68
41210,11994,1960.91,763.37,2079.8,1011.42,0,0.92
41210,11873,2167.07,861.42,2313.13,1166.97,0,0.89
41210,11655,3689.61,834.22,3823.26,1080.14,1,0.42
41210,11995,3689.75,834.38,3823.38,1080.47,0,0.86
41210,11996,1635.62,643.38,1761.55,849.88,3,0.33
41220,11846,1344.2,685.88,1459.97,914.53,0,0.92
41220,11957,1466.7,750.51,1572.36,973.89,0,0.86
41220,11966,1635.51,644.99,1762.51,850.97,0,0.8
41220,11928,1498.19,756.27,1600.4,973.81,0,0.31
41220,11994,1961.77,758.25,2075.35,1009.39,0,0.85
41220,11873,2165.08,861.23,2313.69,1169.43,0,0.92
41220,11655,3691.43,833.04,3822.85,1080.68,0,0.96
41230,11846,1344.49,687.54,1461.62,916.12,0,0.93
41230,11957,1466.8,749.71,1572.71,974.87,0,0.85
41230,11966,1635.06,645,1762.67,851.21,0,0.7
41230,11928,1496.13,755.38,1600.19,974.57,0,0.56
41230,11994,1960.55,755.62,2072.69,1010.08,0,0.86
41230,11873,2163.86,861.33,2314.52,1167.85,0,0.94
41230,11655,3692.36,832.15,3822.57,1080.24,0,0.97
41240,11846,1345.24,686.25,1462.55,917.14,0,0.92
41240,11957,1466.83,750,1576.2,975.81,0,0.78
41240,11966,1635.2,644.59,1762.19,849.75,0,0.65
41240,11928,1489.19,755.34,1598.94,976.11,0,0.74
41240,11994,1960.52,757.09,2072.06,1009.18,0,0.83
41240,11873,2162.63,862.72,2313.72,1166.25,0,0.93
41240,11655,3694.82,831.56,3822.24,1082.12,0,0.97
41240,11997,1635.27,644.46,1762.07,849.35,3,0.37
41250,11846,1345.15,686.64,1461.68,916.4,0,0.9
41250,11957,1467.11,750.74,1575.52,975.96,0,0.75
41250,11928,1488.94,755.78,1598.69,976.24,0,0.69
41250,11994,1961.37,758.61,2072.67,1009.48,0,0.62
41250,11873,2163.54,863.92,2313.82,1166.48,0,0.88
41250,11655,3683.36,870.6,3819.92,1081.13,0,0.8
41260,11846,1343.61,686.18,1459.55,917.18,0,0.92
41260,11957,1466.57,751.64,1575.9,976.35,0,0.82
41260,11928,1488.12,756.24,1598.65,976.44,0,0.51
41260,11994,1961.74,759.03,2073.62,1009.86,0,0.48
41260,11873,2163.58,863.16,2313.83,1165.89,0,0.92
41260,11655,3688.22,844.9,3822.08,1080.82,0,0.95
41260,12004,1958.28,763.43,2075.98,1011.82,0,0.44
41260,11966,1636.44,644.97,1761.94,848.03,0,0.67
41270,11846,1342.48,686.48,1458.24,917.5,0,0.9
41270,11957,1466.42,751.01,1574.66,974.4,0,0.84
41270,11873,2164.03,862.72,2314.69,1167.08,0,0.9
41270,11655,3691.36,837.04,3848.79,1077.3,0,0.39
41270,12007,1636.26,645.32,1762,849.52,3,0.37
41270,11966,1636.26,645.28,1761.99,849.33,0,0.72
41280,11846,1341.87,685.93,1459.18,916.56,0,0.92
41280,11957,1467.01,750.57,1576.58,974.29,0,0.84
41280,11873,2163.96,862.56,2314.97,1167.45,0,0.89
41280,11655,3692.37,835.21,3834.46,1076.8,0,0.96
41280,12007,1635.83,644.87,1762.04,850.37,0,0.72
41280,11966,1635.92,644.97,1762.01,850.21,3,0.33
41280,11928,1484.63,755.66,1597.73,974.6,0,0.46
41280,11994,1958.72,761.64,2075.77,1010.76,0,0.89
41290,11846,1341.7,685.26,1460.04,916.4,0,0.92
41290,11957,1466.94,750.39,1578.71,974.31,0,0.53
41290,11873,2164.01,862.9,2314.71,1166.1,0,0.83
41290,11655,3692.51,835.09,3826.53,1071.6,0,0.91
41290,11928,1481.47,756.02,1596.58,974.66,0,0.77
41290,11994,1960.24,760.73,2075.1,1010.66,0,0.44
41300,11846,1342.24,685.93,1459.35,915.08,0,0.92
41300,11957,1467.03,750.83,1578.91,974.37,0,0.56
41300,11873,2163.76,863.18,2314.16,1164.67,0,0.9
41300,11655,3690.49,834,3823.79,1077.91,0,0.96
41300,11928,1481.13,756.21,1596.14,974.81,0,0.76
41300,11994,1960.79,760.1,2074.27,1010.78,0,0.64
41300,12016,328.07,549.49,421.29,704.52,0,0.37
41300,11966,1636.06,646.03,1762.45,850.93,0,0.83
41310,11846,1343.7,685.21,1460.37,914.7,0,0.9
41310,11957,1467.13,750.44,1577.83,974.46,0,0.51
41310,11873,2163.97,862.12,2312.83,1164.49,0,0.74
41310,11655,3690.53,832.88,3822.42,1079.89,0,0.96
41310,11928,1484.02,755.77,1597.33,974.77,0,0.75
41310,11994,1959.68,762.97,2074.92,1010.22,0,0.82
41310,12016,328.2,549.65,421.36,704.55,0,0.36
41310,11966,1636.06,646.83,1763.25,851.15,0,0.81
41320,11846,1344.61,685.85,1460.54,913.79,0,0.9
41320,11957,1466.54,751.62,1574.86,974.43,0,0.82
41320,11873,2164.7,862.79,2313.68,1164.26,0,0.91
41320,11655,3689.16,831.48,3823.51,1080.2,0,0.96
41320,11928,1491.83,755.98,1598.89,973.79,0,0.51
41320,11994,1962.46,774.09,2081.88,1008.8,0,0.79
41320,11966,1635.59,646.68,1763.23,850.07,0,0.79
41320,12020,3767.14,428.82,3867.61,557.85,0,0.51
41330,11846,1344.13,686.04,1460.44,913.24,0,0.92
41330,11957,1466.07,751.93,1574.83,974.9,0,0.76
41330,11873,2164.58,863.54,2314.67,1164.55,0,0.89
41330,11655,3688.57,830.88,3823.96,1080.22,0,0.95
41330,11928,1493.06,755.37,1599.57,973.76,0,0.59
41330,11994,1960.68,766.98,2079.17,1010.11,0,0.73
41330,11966,1634.33,641.62,1771.28,859.98,1,0.49
41330,12020,3766.82,431.86,3867.1,558.59,0,0.5
41340,11846,1344.35,685.36,1457.7,913.46,0,0.81
41340,11873,2164.62,864.36,2314.65,1165.47,0,0.84
41340,11655,3689.39,831.18,3823.47,1080.39,0,0.92
41340,11928,1495.62,757.69,1599.42,973.09,0,0.76
41340,11994,1959.66,765.96,2077.11,1010.88,0,0.9
41340,11966,1636.27,645,1766.47,853.64,0,0.61
41340,12020,3767.65,428.07,3866.18,557.62,0,0.47
41340,12023,1636.71,645.45,1765.67,852.6,3,0.43
41350,11846,1343.21,690.96,1458.44,915.86,0,0.87
41350,11873,2164.6,864.08,2314.09,1166.17,0,0.88
41350,11655,3689.48,831.01,3823.29,1080.41,0,0.91
41350,11928,1491.58,758.4,1598.48,974.56,0,0.77
41350,11994,1959.67,764.83,2077.09,1011.22,0,0.86
41350,12020,3768.46,424.66,3865.36,556.48,0,0.49
41360,11846,1343.9,686.87,1459.32,915.57,0,0.9
41360,11873,2164.91,863.69,2313.79,1166.44,0,0.86
41360,11655,3689.71,830.99,3822.81,1079.73,0,0.94
41360,11928,1490.39,757.72,1598.03,972.87,0,0.37
41360,11994,1961.44,762.88,2073.9,1010.31,0,0.64
41360,12020,3767.46,425.35,3865.46,557.39,0,0.43
41360,11957,1464.97,752.33,1569.43,972.99,0,0.82
41360,11966,1635.54,645.58,1763.91,851.27,0,0.69
41370,11846,1343.56,688.46,1458.25,915.57,0,0.88
41370,11873,2164.62,862.82,2313.66,1166.46,0,0.88
41370,11655,3689.54,831.28,3822.69,1079.6,0,0.92
41370,11928,1491.25,757.9,1597.7,973.36,0,0.41
41370,11994,1961.82,762.25,2072.08,1010.06,0,0.66
41370,12020,3767.02,427.66,3867.72,557.76,0,0.47
41370,12029,1632.84,644.88,1759.65,844.78,3,0.39
41370,11957,1464.55,752.58,1568.68,973.55,0,0.8
41370,11966,1633.32,645.03,1760.4,845.85,0,0.64
41380,11846,1343.46,689.38,1458.69,914.4,0,0.87
41380,11873,2165.49,863.63,2313.09,1166.75,0,0.79
41380,11655,3689.81,832.78,3822.77,1080.46,0,0.89
41380,11928,1490.53,758.5,1596.34,974.51,0,0.4
41380,11994,1960.32,762.82,2075.57,1010.94,0,0.82
41380,12020,3766.73,429.9,3867.14,558.16,0,0.5
41380,12029,1619.32,637.45,1743.92,841.09,0,0.69
41380,11957,1463.19,752.91,1569.05,974.17,0,0.82
41380,11966,1621.31,638.56,1746.19,841.71,3,0.34
41380,12032,3689.88,833.42,3822.82,1080.58,1,0.33
41390,11846,1343.27,691.07,1458.66,914.42,0,0.87
41390,11873,2165.35,863.95,2313.53,1166.6,0,0.84
41390,11655,3689.67,833.06,3822.79,1080.59,1,0.29
41390,11928,1485.72,758.11,1593.73,975.33,0,0.46
41390,11994,1960.66,756.9,2077.03,1009.96,0,0.93
41390,12020,3766.93,430.74,3866.76,558.16,0,0.57
41390,12029,1612.77,627.21,1732.47,832.79,0,0.46
41390,11957,1465.21,752.41,1573.08,974.61,0,0.77
41390,12032,3689.68,833.38,3822.84,1080.57,0,0.9
41390,12016,328.67,567.36,420.81,705.49,0,0.29
41400,11846,1342.9,687,1459.59,913.28,0,0.87
41400,11873,2165.78,862.89,2315.08,1165.43,0,0.87
41400,11655,3689.7,832.32,3822.53,1080.79,0,0.94
41400,11928,1481.36,755.88,1592.01,976.65,0,0.54
41400,11994,1962.03,747.3,2075.63,1005.66,0,0.94
41400,12020,3766.87,431.02,3867.48,558.34,0,0.51
41400,12029,1608.94,613.96,1727.14,815.61,0,0.81
41400,11957,1466.22,749.91,1576.25,975.15,0,0.76
41400,12016,329.21,563.25,421.61,704.83,0,0.41
41410,11846,1348.21,682.14,1464.22,909.22,0,0.79
41410,11873,2165.71,863.29,2315.84,1166.57,0,0.86
41410,11655,3678.56,825.84,3810.89,1073.62,1,0.85
41410,11928,1478.55,754.28,1592.07,974.78,0,0.56
41410,11994,1960.93,735.78,2074.59,981.85,0,0.91
41410,12020,3767.13,426.75,3865.85,557.16,0,0.57
41410,12029,1613.55,595.98,1726.44,788.78,0,0.56
41410,11957,1466.54,748.75,1580.57,972.42,0,0.69
41410,12016,328.66,570.21,419.97,704.95,0,0.38
41410,11966,1617.04,599.14,1730.74,790.65,3,0.43
41420,11846,1370.05,666.93,1478.12,881.5,0,0.9
41420,11873,2163.82,856.82,2314.4,1154.45,0,0.94
41420,11928,1488.54,755.91,1598.47,973.8,0,0.82
41420,11994,1961.37,718.05,2072.53,960.66,0,0.85
41420,12020,3767.33,425.14,3864.92,557.07,0,0.57
41420,12029,1610.19,574.43,1720.93,760.42,0,0.55
41420,11966,1611.58,577.54,1723.09,763.59,3,0.38
41430,11846,1393.19,632.09,1496.04,843.93,0,0.82
41430,11873,2166.1,818.53,2306.16,1105.49,0,0.7
41430,11928,1486.36,737.67,1600.66,953.85,0,0.85
41430,11994,1949.97,692.78,2065.04,926.96,0,0.84
41430,12020,3767.22,428.29,3867.95,557.31,0,0.52
41430,12029,1611.5,552.59,1718.12,735.11,0,0.86
41430,12016,329.7,551.04,422.17,705.04,0,0.38
41440,11846,1409.89,591.78,1512.78,786.77,0,0.52
41440,11873,2172.08,755.61,2298.89,1023.2,0,0.65
41440,11928,1480.13,699.22,1593.58,911.54,0,0.7
41440,11994,1941.64,665.01,2049.62,884.85,0,0.9
41440,12020,3766.91,429.28,3868.49,557.99,0,0.43
41440,12029,1616.18,533.9,1718.67,713.66,0,0.86
41450,11846,1424.02,546.28,1524.09,717.01,0,0.55
41450,11928,1462,650.72,1570.98,851.55,0,0.66
41450,11994,1933.69,630.38,2033.5,841.4,0,0.61
41450,12020,3767.13,430.62,3867.64,557.93,0,0.45
41450,12029,1613.03,508.59,1710.28,682.98,0,0.9
41450,12016,333.03,558.39,419.78,705.72,0,0.3
41460,11846,1425.58,504.24,1519.18,634.41,0,0.8
41460,11994,1938.74,581.46,2032.89,778.45,0,0.94
41460,12020,3766.86,427.69,3862.13,559.11,0,0.36
41460,12029,1584.68,479.84,1678.99,641.99,0,0.94
41470,11994,1952.43,535.09,2039.71,714.19,0,0.92
41470,12020,3766.69,426.16,3860.26,559.77,0,0.36
41480,11994,1956.95,485.33,2031.57,650.8,0,0.59
41480,12020,3765.95,426.09,3862.9,561.11,0,0.58
41490,11994,1942.22,447.41,2009.51,592.26,0,0.68
41490,12020,3765.6,425.23,3864.71,561.75,0,0.58
41490,11846,1454.48,382.66,1532.62,513.86,0,0.88
41500,11994,1924.12,399.66,1993.17,537.95,0,0.73
41500,12020,3765.58,424.88,3864.58,561.74,0,0.44
41510,11994,1916.61,363.14,1979.16,491.86,0,0.39
41510,12020,3765.8,419.74,3862.34,560.7,0,0.46
41520,11994,1910.23,337.09,1970.56,447.27,0,0.31
41520,12020,3767.11,418.68,3858.81,556.9,0,0.61
41550,12118,1054.81,470.24,1141.48,631.15,0,0.89
41560,12118,1039.9,530.97,1139.06,699.34,0,0.85
41570,11873,2226.57,577.8,2328.2,776.58,0,0.81
41580,11873,2199.33,524.74,2292.56,708.92,0,0.94
41590,12142,3865.24,1042.93,4006.57,1352.26,0,0.91
41600,12142,3790.49,977.8,4019.43,1236.59,0,0.9
41630,12164,925.88,475.31,1006.48,630.71,0,0.83
41640,12164,906.11,504.94,992.39,677.38,0,0.81
41650,12164,885.3,547.34,976.77,731.11,0,0.95
41660,12164,839.8,594.29,938.16,798.98,0,0.85
41710,12185,3437.62,1078.08,3684.63,1320.57,0,0.39
41760,12189,2816.03,1405.66,3017.63,1808.72,0,0.92
41800,12185,3460.76,1074.89,3689.91,1354.02,0,0.48
41830,12197,3074.96,429.65,3170.32,579.22,0,0.54
41830,12185,3428.67,1069.4,3710.6,1363.01,0,0.39
41840,12185,3437.57,1071.5,3704.64,1347.59,0,0.44
41850,12185,3436.39,1072.06,3703.95,1334.62,0,0.78
41850,12197,3078.9,437,3169.57,579.83,0,0.44
41860,12185,3432.18,1071.18,3703.61,1336.1,0,0.58
41860,12201,3106.24,646.74,3227.51,863.79,0,0.89
41860,12197,3080.22,439.09,3168.22,581.08,0,0.45
41870,12185,3421.31,1074.1,3710.19,1332.98,0,0.38
41870,12201,3081.75,624.91,3187.68,830.88,0,0.76
41880,12185,3427.42,1073.51,3706.37,1336.4,0,0.29
41880,12201,3034.64,602.19,3135.97,795.64,0,0.88
41880,12197,3085.54,441.29,3170.69,576.94,0,0.27
41890,12185,3431.93,1076.14,3702.69,1326.6,0,0.54
41890,12201,2956.34,566.94,3066.8,752.74,0,0.84
41900,12185,3439.58,1077.76,3701.5,1325.49,0,0.36
41900,12197,3098.39,446.49,3187.73,585.91,0,0.34
41910,12185,3445.2,1076.97,3702.03,1328.81,0,0.57
41910,12197,3118.53,454.03,3202.76,595.51,0,0.46
41920,12185,3444.7,1077.44,3704.33,1336.98,0,0.31
41920,12197,3141.9,465.6,3224.77,615.88,0,0.68
41940,12231,897.33,381.58,962.71,508.48,0,0.55
41940,12233,327.24,565.87,420.03,705.26,0,0.32
41950,12233,327.18,557.32,420.63,703.74,0,0.37
41960,12233,327.21,560.35,420.32,703.03,0,0.35
41970,12233,325.95,555.66,419.84,704,0,0.33
41970,12242,854.08,462.11,936.55,610.42,0,0.85
41980,12242,834.2,499.87,923.33,661.98,0,0.83
42000,12249,3468.11,785.55,3593.21,1017.3,1,0.6
42010,12249,3424.78,814.94,3561.22,1054,0,0.91
42020,12249,3346.18,839.59,3502.3,1083.36,0,0.65
42020,12185,3449.46,1080.06,3699.32,1322.31,0,0.49
42030,12249,3278.63,843.03,3455.77,1098.67,0,0.79
42040,12249,3247.84,847.92,3438.55,1104.79,0,0.61
42040,12185,3445.78,1074.4,3709.09,1340.02,0,0.31
42050,12249,3238.3,853.8,3433.75,1106.63,0,0.71
42050,12185,3414.87,1083.87,3717.53,1362.04,3,0.29
42060,12249,3236.87,857.04,3431.58,1106.64,0,0.89
42070,12249,3237.71,861.54,3429.04,1105.39,0,0.88
42080,12249,3240.6,856.91,3435.87,1105.08,0,0.92
42080,12242,762.81,721.81,878.01,952.19,0,0.62
42090,12249,3242.45,853.89,3440.72,1104.15,0,0.91
42100,12249,3244.66,849.98,3444.32,1103.02,0,0.78
42110,12249,3246.77,848.79,3446.85,1101.71,0,0.71
42120,12249,3248.33,847.63,3449.17,1100.73,0,0.75
42120,12296,2142.1,502.93,2232.38,673.47,0,0.91
42130,12249,3248.94,847.59,3449.48,1100.58,0,0.81
42130,12296,2127.41,459.96,2211.87,615.15,0,0.89
42130,12299,1638.32,548.64,1731.21,732.23,0,0.83
42130,12301,1007.68,462.25,1105.91,616.55,0,0.92
42140,12249,3249.93,847.09,3449.13,1100.43,0,0.89
42140,12296,2111.34,412.22,2190.13,557.36,0,0.82
42140,12299,1635.25,502.18,1719.39,666.43,0,0.9
42140,12301,965.64,490.87,1070.99,654.95,0,0.91
42140,12185,3442.56,1094.48,3701.68,1332.52,0,0.33
42150,12249,3250.33,845.95,3450.53,1099.72,0,0.72
42150,12296,2098.49,376.55,2170.23,509.05,0,0.89
42160,12249,3250.97,845.57,3451.79,1099.26,0,0.72
42160,12296,2084.31,348.26,2151.7,472.99,0,0.74
42170,12249,3251.89,844.48,3452.29,1099.76,0,0.71
42180,12249,3252.52,843.32,3453.45,1098.72,0,0.29
42190,12249,3253.62,843.43,3452.41,1098.49,0,0.37
42190,12185,3450.06,1085.64,3726.72,1374.29,0,0.4
42200,12249,3253.65,842.27,3446.12,1101.79,0,0.8
42210,12185,3439.86,1078.51,3728.57,1376.71,0,0.63
42220,12185,3434.1,1075.58,3729.42,1375.11,0,0.55
42220,12249,3253.46,844.21,3450.41,1102.35,0,0.39
42230,12185,3444.74,1079.71,3728.07,1375.05,0,0.68
42230,12249,3253.64,844.9,3454.45,1100.9,0,0.51
42240,12185,3445.82,1081.18,3726.81,1375.81,0,0.61
42250,12185,3450.43,1080.02,3728.26,1377.35,0,0.65
42250,12327,3812.51,762.3,4010.95,988.13,1,0.84
42250,12249,3258.5,843.52,3449.58,1100.88,0,0.44
42260,12185,3450.05,1079.58,3728.28,1377.09,0,0.76
42260,12327,3796.71,759.79,3988.4,983.88,1,0.9
42260,12249,3259.97,842.47,3450.8,1100.05,0,0.32
42270,12185,3450.72,1081.2,3728.55,1374.92,0,0.76
42270,12327,3769.06,740.81,3956.45,973.08,0,0.78
42270,12249,3257.03,845.32,3450.13,1102.82,0,0.71
42280,12327,3721.53,737.7,3902.92,959.97,0,0.89
42280,12249,3248.27,845.38,3443.8,1099.9,0,0.75
42290,12327,3697.21,729.74,3869.82,951.49,1,0.96
42290,12249,3178.48,853.29,3381.8,1098.85,0,0.59
42290,12185,3444.67,1081.96,3727.58,1376.27,0,0.59
42300,12327,3620.51,717.04,3783.15,924.94,0,0.89
42300,12185,3433.53,1079.61,3724.14,1375.71,0,0.35
42310,12185,3382.5,1062.53,3655.12,1316.42,0,0.91
42420,12387,1028.81,614.76,1185.41,804.43,0,0.73
42470,12185,3280.93,944.83,3565,1190.63,0,0.69
42520,12431,3663.44,851.5,3897.78,1110.67,0,0.84
42550,12436,3862.03,873.24,4071.08,1108.29,0,0.74
42570,12443,1610.97,465.7,1758.56,644.01,0,0.82
42580,12445,2253.16,904.53,2406.48,1193.12,0,0.94
42590,12445,2285.41,847.08,2431.23,1112.66,0,0.96
42600,12445,2319.93,784.13,2462.73,1036.9,0,0.93
42610,12445,2347.96,743.63,2480.84,981.82,0,0.94
42610,12431,3789.09,854.63,3945.92,1117.8,0,0.87
42620,12445,2361.03,723.71,2492.72,955.9,0,0.95
42620,12431,3779.62,864.27,3915.4,1122.84,0,0.88
42630,12445,2367.85,712.58,2498.31,932.44,0,0.94
42640,12445,2369.43,708.37,2500.25,924.16,0,0.49
42650,12445,2371,709.75,2498.16,927.82,0,0.92
42660,12445,2369.87,713.4,2497.6,929.42,0,0.87
42660,12472,3706.25,913.34,3839.76,1161.17,0,0.38
42660,12387,1046.95,579.93,1195.43,769.05,1,0.39
42670,12445,2369.53,717.07,2496.52,930.68,0,0.92
42680,12445,2368.91,720.47,2495.72,933.13,0,0.89
42680,12472,3696.64,896,3840.18,1170.11,0,0.28
42690,12445,2374.95,720.28,2497.27,917.78,0,0.68
42690,12472,3696.06,881.08,3844.6,1170.24,0,0.81
42700,12445,2369.78,717.56,2494.82,930.85,0,0.84
42700,12472,3696.59,879.25,3845.29,1170.45,0,0.64
42710,12445,2367.48,716.46,2493.59,934.53,0,0.92
42710,12472,3700.17,879.72,3842.5,1167.75,0,0.28
42710,12484,799.52,453.22,907.62,595.32,0,0.75
42720,12445,2366.04,718.04,2494.16,937.15,0,0.8
42720,12472,3699.67,874.69,3846.98,1167.19,0,0.68
42730,12445,2365.36,720.55,2494.93,939.11,0,0.94
42730,12472,3700.51,883.53,3847.69,1167.81,0,0.83
42740,12445,2365.76,720.02,2492.64,938.45,0,0.86
42740,12472,3701.55,886.62,3849.45,1169.55,0,0.74
42750,12445,2365.36,720.93,2491.76,938.49,0,0.73
42750,12472,3701.48,887.66,3848.74,1169.99,0,0.78
42760,12445,2365.62,721.6,2493.37,940.31,0,0.94
42760,12472,3700.94,871.39,3847.81,1170.54,0,0.41
42760,12484,758.3,459.69,851.22,587.46,0,0.76
42770,12445,2365.2,723.37,2493.85,940.72,0,0.95
42770,12472,3700.53,885.38,3846.16,1171.68,0,0.64
42780,12445,2364.75,722.72,2493.83,940.4,0,0.95
42780,12472,3701.74,884.96,3849.48,1169.25,0,0.57
42790,12445,2364.9,722.82,2492.29,940.05,0,0.83
42790,12472,3702.15,888.52,3848.39,1168.13,0,0.89
42800,12445,2367.46,722.38,2493.63,939.83,0,0.92
42800,12472,3702.42,894.19,3845.86,1167.58,0,0.62
42810,12445,2366.45,721.73,2492.84,940.62,0,0.94
42810,12472,3702.52,894.55,3846.28,1166.75,0,0.72
42820,12445,2366.08,721.73,2494.1,940.84,0,0.94
42820,12520,2070.75,862.08,2201.95,1132.05,0,0.94
42830,12445,2365.63,721.77,2494.5,942.61,0,0.94
42830,12520,2064.18,857.03,2197.9,1127.51,0,0.93
42830,12472,3681.58,848.59,3862.98,1168.98,0,0.91
42840,12445,2365.52,722.49,2493.63,943.24,0,0.94
42840,12520,2063.91,854.85,2192.37,1124.66,0,0.93
42840,12472,3693.36,874.59,3853.72,1168.78,0,0.48
42850,12445,2363.65,722.61,2487.52,938.79,0,0.78
42850,12520,2069.96,868.58,2196.02,1126.81,0,0.93
42850,12472,3698.57,884.77,3848.42,1166.95,0,0.69
42860,12445,2364.83,724.29,2489.68,940.19,0,0.95
42860,12520,2083.97,869.06,2215.76,1127.54,0,0.88
42860,12472,3700.43,886.03,3847.65,1166.39,0,0.59
42860,12543,675.59,608.97,777.14,793.66,3,0.59
42870,12445,2364.08,725.21,2488.63,941.23,0,0.95
42870,12520,2071,869.7,2207.29,1126.91,0,0.94
42870,12472,3702.25,893.5,3847.63,1156.44,0,0.41
42870,12431,3792.11,964.82,4050.57,1249.47,0,0.96
42880,12445,2364.27,724.31,2489.7,941.87,0,0.93
42880,12520,2064.52,868.38,2200.53,1127.07,0,0.95
42880,12472,3701.08,893.32,3842.82,1162.82,0,0.53
42890,12445,2363.78,723.27,2493.43,941.25,0,0.9
42890,12520,2061.53,869.85,2196.57,1126.81,0,0.93
42890,12472,3700.72,888.36,3848.22,1165.67,0,0.84
42900,12445,2364.46,724.47,2494.81,940.39,0,0.87
42900,12520,2060.22,873.3,2191.79,1124.54,0,0.92
42900,12472,3699.73,900.78,3844.57,1168.31,0,0.65
42910,12445,2364.93,723.86,2495.68,940.52,0,0.89
42910,12520,2060.73,869.27,2193.46,1125.02,0,0.93
42910,12472,3700.12,893.98,3842.19,1167.4,0,0.7
42910,12563,1024.87,447.96,1146.01,590.53,0,0.77
42920,12445,2364.47,723.24,2495.19,940.82,0,0.93
42920,12520,2062.91,865.56,2192.74,1124.88,0,0.92
42920,12472,3700.3,906.55,3840.15,1168.86,0,0.34
42930,12445,2363.8,723.8,2495.49,941.36,0,0.78
42930,12520,2066.36,860.85,2195.68,1125.19,0,0.93
42940,12445,2363.76,723.72,2494.62,941.51,0,0.84
42940,12520,2067.27,859.23,2197.35,1126.78,0,0.89
42940,12575,2061.63,364.31,2178.65,483.96,0,0.83
42940,12472,3698.02,910.16,3839.83,1169.2,0,0.4
42950,12445,2365.08,721.91,2494.4,940.62,0,0.86
42950,12520,2069.37,867.17,2197.03,1126.2,0,0.94
42950,12472,3699.96,894.25,3842.29,1167.13,0,0.75
42960,12445,2364.85,721.43,2493.13,939.67,0,0.79
42960,12520,2066.52,872.76,2197.72,1125.35,0,0.95
42960,12472,3700.88,892.82,3842.11,1167.39,0,0.75
42960,12575,2009.3,361.4,2131.76,484.61,0,0.91
42970,12445,2363.74,722.79,2494.16,940.6,0,0.89
42970,12520,2066.74,871.62,2197.89,1126.45,0,0.96
42970,12472,3701.67,888.14,3842.27,1168.37,0,0.61
42980,12445,2365.7,726.65,2491.9,938.74,0,0.58
42980,12520,2067.07,871.31,2199.78,1126,0,0.95
42980,12472,3700.56,916.48,3836.67,1169.86,0,0.59
42980,12543,685.19,611.4,800.94,771.81,0,0.35
42980,12575,1921.86,358.87,2041.04,483.6,0,0.83
42990,12445,2364.4,725.14,2493.31,939.58,0,0.84
42990,12520,2066.63,868.04,2198.33,1124.52,0,0.95
42990,12472,3700,918.8,3837.26,1171.36,0,0.52
42990,12575,1860.06,361.14,1976.14,487.19,0,0.6
43000,12445,2362.95,725.72,2482.61,932.95,0,0.53
43000,12520,2067,871.54,2197.25,1126.35,0,0.94
43000,12472,3700.38,892.38,3841.61,1168.15,0,0.85
43000,12575,1788.97,369.55,1894.19,494.17,0,0.82
43000,12602,3388.35,660.95,3587.08,875.56,0,0.84
43010,12445,2363.28,725.29,2488.24,938.85,0,0.91
43010,12520,2067.25,870.44,2198.81,1126.06,0,0.95
43010,12472,3699.94,906.93,3838.45,1168.78,0,0.29
43020,12445,2363.63,725.19,2491.45,941.06,0,0.91
43020,12520,2067.52,870.81,2199.08,1126.02,0,0.94
43030,12445,2364.05,725.17,2492.55,939.88,0,0.78
43030,12520,2067.52,871.34,2199,1125.02,0,0.94
43030,12431,3942.12,962.74,4093.52,1229.39,0,0.87
43030,12472,3699.94,912.69,3838.44,1168.34,0,0.42
43040,12445,2364.31,725.56,2492.45,939.35,0,0.78
43040,12520,2067.51,872.58,2199.34,1124.57,0,0.95
43040,12472,3701.37,895.81,3843.46,1166.74,0,0.29
43050,12445,2364.08,725.83,2491.98,939.62,0,0.78
43050,12520,2067.35,872.51,2199.14,1123.96,0,0.94
43060,12445,2363.5,725.68,2491.34,940.16,0,0.69
43060,12520,2066.97,872.85,2199.51,1124.33,0,0.95
43060,12472,3702.19,888.23,3844.77,1166.59,0,0.29
43070,12445,2363.74,726.73,2490.79,940.47,0,0.83
43070,12520,2064.88,874.64,2197.6,1123.45,0,0.94
43070,12472,3702.38,887.02,3844.68,1166.83,0,0.36
43080,12445,2363.98,726.42,2491.81,941.09,0,0.89
43080,12520,2063.21,874.36,2197.05,1123.25,0,0.95
43090,12445,2364.18,726.38,2492.04,941.24,0,0.89
43090,12520,2064.63,873.88,2199.17,1125.07,0,0.95
43090,12575,1398.87,401.35,1477.06,537.95,0,0.81
43100,12445,2365.38,726.49,2492.01,942.12,0,0.85
43100,12520,2065.91,873.64,2199.32,1125.22,0,0.95
43100,12472,3702.01,892.03,3844.44,1166.48,0,0.68
43110,12445,2365.63,726.42,2492.08,942.38,0,0.83
43110,12520,2066.35,873.97,2199.03,1125.27,0,0.95
43110,12472,3701.96,890.95,3844.84,1166.37,0,0.5
43110,12563,1049.09,498.1,1145.84,671.99,0,0.91
43120,12445,2365.85,726.48,2492.08,942.38,0,0.82
43120,12520,2066.56,874.28,2198.77,1125.37,0,0.95
43120,12472,3701.87,891.14,3844.49,1166.71,0,0.37
43130,12445,2365.05,725.49,2492.48,942.07,0,0.85
43130,12520,2067.49,873.53,2198.58,1125.09,0,0.94
43130,12472,3702.06,886.66,3844.74,1165.83,0,0.45
43140,12445,2364.55,724.93,2492.85,941.89,0,0.84
43140,12520,2068.09,873.49,2198.17,1125.4,0,0.94
43140,12472,3702.28,885.49,3844.82,1165.28,0,0.48
43150,12445,2364.93,722.02,2493.2,942.45,0,0.93
43150,12520,2068.49,875.39,2198.46,1126.25,0,0.95
43150,12472,3702.06,884.65,3845.97,1165.94,0,0.46
43160,12445,2364.6,722.37,2491.95,942.51,0,0.95
43160,12520,2066.58,875.55,2198.24,1125.87,0,0.95
43160,12472,3701.97,885.67,3846.15,1166.29,0,0.3
43170,12445,2364.47,722.65,2490.56,942.01,0,0.87
43170,12520,2066.2,875.26,2198.72,1125.63,0,0.94
43170,12472,3701.59,885.27,3845.35,1166.38,0,0.41
43180,12445,2364.02,723.95,2492.56,941.7,0,0.91
43180,12520,2066.88,873.33,2198.87,1125.39,0,0.95
43180,12472,3701.42,889.51,3843.9,1167.15,0,0.57
43190,12445,2363.53,723.18,2492.47,941.24,0,0.87
43190,12520,2066.79,872.59,2199.1,1125.71,0,0.95
43190,12472,3700.7,883.53,3845.88,1165.36,0,0.31
43200,12445,2363.24,725.29,2492.42,942.21,0,0.92
43200,12520,2065.83,874.44,2198.81,1126.3,0,0.94
43200,12472,3698.91,897.99,3841.74,1167.26,0,0.37
43210,12445,2363.27,726.07,2492.47,942.21,0,0.91
43210,12520,2065.52,874.18,2199.3,1126.21,0,0.94
43210,12472,3700.46,914.34,3838.19,1166.02,0,0.81
43220,12445,2363.68,726.82,2492.5,942.22,0,0.89
43220,12520,2066.53,873.68,2198.83,1126.56,0,0.95
43220,12472,3700.03,921.59,3840.01,1165.9,0,0.82
43230,12445,2363.82,725.78,2491.57,940.66,0,0.76
43230,12520,2067.99,875.07,2198.56,1125.72,0,0.95
43230,12681,1252.32,709.53,1367.56,918.85,0,0.91
43240,12445,2364.26,725.57,2491.82,940.42,0,0.85
43240,12520,2067.98,874.7,2198.56,1124.95,0,0.95
43240,12472,3698.92,916.75,3839.5,1167.43,0,0.28
43250,12445,2364.16,726.32,2490.96,937.82,0,0.51
43250,12520,2068.55,875.34,2198.46,1125.03,0,0.94
43250,12472,3699.53,897.49,3842.57,1166.88,0,0.72
43260,12445,2366.65,724.81,2490.36,932.29,0,0.81
43260,12520,2068.48,875.8,2198.24,1125.3,0,0.93
43260,12472,3698.77,904.84,3840.35,1168.41,0,0.33
43260,12694,499.81,931.5,642.95,1167.47,1,0.57
43260,12681,1239.72,621.18,1361.61,811.88,1,0.95
43270,12445,2368.18,724.5,2489.83,933.47,0,0.85
43270,12520,2067.31,872.48,2195.92,1125.47,0,0.94
43270,12472,3698.77,907.76,3839.8,1169.05,0,0.4
43270,12563,1039.33,588.69,1177.97,772.71,0,0.69
43280,12445,2366.69,725.5,2490.63,938.61,0,0.74
43280,12520,2064,870.95,2191.21,1126.77,0,0.96
43280,12472,3700.22,890.85,3843.39,1167.95,0,0.68
43290,12445,2365.1,724.28,2491.24,940.69,0,0.82
43290,12520,2068.28,867.31,2192.44,1125.42,0,0.93
43290,12472,3700.87,882.72,3845.34,1167.19,0,0.73
43300,12445,2364.22,724.22,2491.88,941.44,0,0.74
43300,12520,2069.47,867.87,2191.48,1124.68,0,0.94
43300,12472,3700.21,882.53,3845.11,1167.99,0,0.6
43300,12706,2126.25,708.7,2245.75,945.57,0,0.97
43310,12445,2363.82,723.21,2493.06,942.22,0,0.94
43310,12520,2072.23,863.65,2192.86,1123.46,0,0.94
43310,12472,3698.49,896.17,3842.23,1169.48,0,0.52
43310,12706,2127.27,705.81,2244.81,943.14,0,0.96
43310,12710,3699.3,889.44,3842.95,1168.7,0,0.44
43320,12445,2363.44,722.5,2493.31,941.58,0,0.9
43320,12520,2074.32,863.49,2194.32,1122.55,0,0.93
43320,12472,3697.94,904.92,3840.13,1169.34,0,0.78
43320,12706,2128.1,704.3,2243.71,942.45,0,0.97
43330,12445,2363.31,722.83,2492.92,941.65,0,0.67
43330,12520,2075.75,864.54,2194.52,1122.84,0,0.9
43330,12472,3698.74,906.62,3840.77,1168.85,0,0.3
43330,12706,2127.31,705.15,2242.38,944,0,0.98
43340,12445,2363.09,724.5,2493.22,941.9,0,0.92
43340,12520,2074.98,863.52,2193.32,1121.18,0,0.94
43340,12472,3699.42,886.41,3845.12,1165.68,0,0.76
43340,12706,2122.71,705.34,2241.45,944.37,0,0.98
43350,12445,2363.16,724.21,2493.34,941.26,0,0.92
43350,12520,2076.64,850.71,2198.58,1111.77,0,0.69
43350,12472,3700.1,886.22,3844.7,1165.76,0,0.51
43350,12706,2122.57,704.85,2241.45,934.08,0,0.96
43360,12445,2363.37,723.44,2493.83,941.16,0,0.92
43360,12520,2079.63,843.4,2199.92,1107.98,0,0.5
43360,12472,3701.1,889.62,3845.12,1166.03,0,0.6
43360,12706,2122.93,705.09,2240.89,922.19,0,0.95
43370,12445,2363.26,724.39,2494.18,941.37,0,0.93
43370,12520,2076.48,843.8,2190.19,1105.89,0,0.79
43370,12706,2121.87,703.28,2241.71,932.06,0,0.97
43380,12445,2362.99,723.85,2493.8,941.41,0,0.93
43380,12520,2075.19,843.61,2189.01,1104.4,0,0.79
43380,12706,2121.65,703.74,2241.57,934.77,0,0.97
43380,12472,3700.52,907.95,3842.42,1167.09,0,0.42
43390,12445,2363.05,725.22,2493.79,941.21,0,0.91
43390,12520,2076.06,842.49,2188.29,1104.23,0,0.6
43390,12706,2121.69,704.36,2241.66,936.33,0,0.97
43390,12721,2076.84,845.2,2184.31,1109.5,0,0.45
43390,12472,3700.07,910.33,3842.12,1167.15,0,0.35
43400,12445,2363.3,726.23,2493.37,941.5,0,0.86
43400,12706,2120.56,704.17,2241.35,939.56,0,0.97
43400,12472,3699.75,888.22,3845.09,1166.31,0,0.85
43410,12445,2363.19,724.44,2493.1,941.33,0,0.83
43410,12706,2119.77,704.64,2241.34,940.69,0,0.97
43410,12472,3698.6,900.75,3842.2,1168.76,0,0.36
43410,12520,2071.84,847.32,2188.57,1103.86,0,0.87
43420,12445,2362.62,723.85,2492.46,941.3,0,0.69
43420,12706,2119.8,705.11,2240.54,940.45,0,0.96
43420,12520,2074.48,851.34,2188.08,1103.91,0,0.91
43430,12445,2362.31,724.27,2491.36,941.56,0,0.89
43430,12706,2119.62,704.49,2241.08,940.64,0,0.97
43430,12520,2071.34,847.91,2182.88,1105.74,0,0.5
43430,12472,3701.15,887.45,3845.11,1167.08,0,0.27
43440,12445,2361.83,723.85,2490.6,941.61,0,0.89
43440,12706,2119.38,704.87,2241.12,940.56,0,0.97
43440,12520,2067.76,844.91,2183.22,1106.68,0,0.79
43440,12472,3700.63,884.32,3845.2,1166.39,0,0.73
43450,12445,2361.66,723.87,2490.42,941.7,0,0.93
43450,12706,2118.85,705.34,2240.7,940.03,0,0.97
43450,12520,2068.55,844.69,2183.33,1106.28,0,0.71
43450,12472,3700.34,885.35,3844.63,1166.83,0,0.51
43460,12445,2361.78,724.76,2490.48,941.55,0,0.93
43460,12706,2118.24,705.74,2240.52,941.12,0,0.98
43460,12520,2069.44,847.35,2183.95,1105.75,0,0.67
43460,12472,3699.13,903.76,3841.7,1168.88,0,0.57
43470,12445,2361.88,725.57,2491.01,941.42,0,0.91
43470,12706,2118.66,706.09,2239.93,940.44,0,0.97
43470,12520,2070.4,853.77,2187.88,1105.3,0,0.94
43470,12472,3699.8,902.62,3840.2,1165.69,0,0.29
43480,12445,2361.54,725.44,2490.85,940.54,0,0.9
43480,12706,2119.44,705.9,2238.74,939.74,0,0.97
43480,12520,2074.02,851.85,2190.85,1105.25,0,0.84
43490,12445,2361.38,725.25,2490.51,940.28,0,0.88
43490,12706,2120.11,706.02,2239.29,937.81,0,0.97
43490,12520,2075.47,847.37,2186.9,1100.21,0,0.83
43490,12472,3697.71,888.19,3842.07,1163.01,0,0.35
43500,12445,2361.68,725.31,2490.35,940.32,0,0.89
43500,12706,2121.35,706.6,2240.06,937,0,0.97
43500,12520,2066.53,844.88,2179.45,1091.14,0,0.9
43510,12445,2361.74,725.45,2490.35,940.55,0,0.89
43510,12706,2121.24,706.78,2240.38,935.41,0,0.96
43510,12520,2037.29,831.6,2158.54,1068.66,0,0.92
43510,12472,3696.95,887.28,3841.19,1163.15,0,0.31
43520,12445,2361.76,725.39,2490.21,940.77,0,0.91
43520,12706,2122.52,707.67,2239.99,936.77,0,0.95
43520,12520,1996.28,789.73,2126.31,1024.23,0,0.9
43520,12472,3696.79,884.86,3843.09,1163.22,0,0.49
43530,12445,2362.29,725.55,2490.82,940.49,0,0.88
43530,12706,2121.18,706.84,2240.3,939.63,0,0.93
43530,12520,1958.62,744.9,2078.38,977.46,0,0.91
43530,12472,3694.43,893.59,3838.08,1161.11,0,0.4
43540,12445,2362.09,725.62,2492.58,940.38,0,0.83
43540,12706,2120.66,695.05,2235.33,919.43,0,0.93
43540,12520,1942.88,698.67,2057.98,922.29,0,0.95
43540,12472,3691.66,898.67,3836.11,1159.17,0,0.68
43550,12445,2362.03,724.58,2491.98,939.79,0,0.81
43550,12706,2134.89,663.33,2242.79,881.06,0,0.91
43550,12520,1940.89,656.22,2048.92,865.44,0,0.94
43550,12472,3686.96,902.25,3832.35,1152.03,0,0.88
43560,12445,2368.31,710.48,2495.33,928.36,0,0.93
43560,12706,2160.61,618.12,2264.81,827.28,0,0.93
43560,12520,1952.9,606.96,2052.72,804.55,0,0.91
43570,12445,2372.42,681.46,2492.32,892.74,0,0.9
43570,12706,2200.37,574.98,2297.96,765.24,0,0.95
43570,12520,1977.16,555.72,2071.62,744.46,0,0.92
43580,12445,2356.8,635.18,2465.91,837.82,0,0.75
43580,12520,2004.83,513.35,2091.09,685.9,0,0.86
43590,12445,2336.51,586.37,2438.63,780.23,0,0.88
43590,12520,2021.49,464.73,2104.26,629.18,0,0.87
43590,12746,2266.66,475.34,2349.88,640.28,0,0.94
43600,12520,2031.75,429.58,2110.98,579.44,0,0.87
43600,12746,2276.57,433.33,2351.64,573.26,0,0.85
43610,12520,2028.8,390.2,2101.28,531.63,0,0.8
43610,12706,2262.61,479.08,2347.95,647.06,0,0.8
43620,12520,2009.03,359.85,2075.08,492.2,0,0.84
43690,12812,789.42,464.6,872.6,610.99,0,0.77
43700,12812,775.55,504.13,861.12,655.95,0,0.66
43730,12812,767.04,569.93,853.95,748.27,0,0.55
43830,12875,693.46,376.37,761.36,494.04,0,0.56
43880,12893,766.72,478.65,849.18,633.84,0,0.76
43890,12893,767.16,488.97,850.74,642,0,0.68
43900,12893,773.26,488.32,860.08,648.51,0,0.37
43910,12893,772.11,485.9,858.09,645.21,0,0.73
43920,12893,768.72,481.73,858.26,643.74,0,0.79
43930,12893,768.67,484.09,857.43,643.09,0,0.78
43940,12893,768.93,484.38,855.61,642.86,0,0.69
43950,12893,768.43,482.67,855.62,641.78,0,0.65
43960,12893,767.31,482.26,856.48,641.64,0,0.74
43970,12893,766.69,481.73,857.2,641.6,0,0.69
43980,12893,767.1,482.52,856.48,641.58,0,0.7
43990,12893,767.33,482.12,856.46,641.74,0,0.76
44000,12893,766.72,481.43,857,641.14,0,0.82
44010,12893,768.14,481.03,856.59,640.43,0,0.81
44020,12893,768.23,480.99,856.4,640.33,0,0.8
44030,12893,766.95,480.21,856.77,640.6,0,0.77
44040,12893,765.31,480.66,857.34,640.95,0,0.69
44050,12893,764.87,481.45,857.51,641.11,0,0.75
44060,12893,765.23,480.71,856.99,641.23,0,0.76
44070,12893,766.24,481.91,856.24,641.19,0,0.76
44070,12918,1834.94,545.69,1975.49,755.07,0,0.94
44080,12893,765.63,481.73,857.07,641.48,0,0.75
44080,12918,1846.93,493.41,1976.62,684.9,0,0.92
44090,12893,765.41,481.71,856.92,641.19,0,0.69
44090,12918,1849.91,445.88,1966.42,612.3,0,0.77
44100,12893,765.81,482.58,857.07,641.01,0,0.77
44100,12918,1845.42,399.36,1955.58,554.48,0,0.85
44110,12893,765.81,483.46,857.55,641.66,0,0.77
44110,12918,1853.61,365.27,1954.71,505.47,0,0.7
44120,12893,765.47,483.93,858.05,641.81,0,0.79
44120,12918,1858.99,339.17,1957.29,464.57,0,0.63
44130,12893,766,482.57,857.51,640.26,0,0.8
44130,12918,1865.36,315.86,1956.04,435.67,0,0.64
44140,12893,765.6,482.42,857.06,640.21,0,0.75
44150,12893,764.94,483.33,856.88,640.44,0,0.8
44160,12893,764.57,482.09,857.71,640.81,0,0.75
44170,12893,765.49,481.06,857.44,640.25,0,0.59
44180,12893,766.15,481.06,856.89,640.42,0,0.64
44190,12893,766.08,481.31,856.33,640.13,0,0.55
44200,12893,766.08,481.69,856.13,640.19,0,0.64
44210,12893,767.24,499.46,855.81,643.15,0,0.57
44220,12893,767.96,486.73,857.11,640.36,0,0.5
44230,12893,768.56,482.53,856.51,640.6,0,0.74
44240,12893,775.76,483.36,860.66,643.02,0,0.51
44250,12893,770.2,480.84,859.16,640.57,0,0.7
44260,12893,766.87,480.8,857.7,640.14,0,0.44
44270,12893,768.7,481.06,855.86,641.42,0,0.44
44280,12893,766.34,503.5,856.48,643.43,0,0.67
44290,12893,767.46,490.54,856.77,642.28,0,0.62
44300,12893,767.21,484.83,856.7,641.46,0,0.69
44310,12893,765.78,481.57,856.81,640.35,0,0.68
44320,12893,765.28,479.85,857.04,639.45,0,0.68
44330,12893,765.07,481.02,855.99,640.18,0,0.49
44340,12893,765.38,481.65,856.85,641.06,0,0.46
44350,12893,765.87,481.38,856.78,641.16,0,0.51
44360,12893,766.33,482.07,856.58,639.95,0,0.52
44370,12893,766.38,482.3,857.18,639.07,0,0.69
44380,12893,767.36,482.4,857.28,639.26,0,0.73
44390,12893,767.11,482.62,857.13,639.95,0,0.77
44400,12893,765.97,482.77,857.55,639.95,0,0.75
44410,12893,765.84,481.19,858.01,643.04,0,0.69
44430,12893,769.33,482.63,855.48,637.18,0,0.48
44440,12893,771.44,483.87,857.67,637.57,0,0.57
44470,12963,3585.05,780.7,3685.23,1013.75,1,0.61
44470,12964,833.62,493.57,954.08,656.49,0,0.92
44470,12966,1083.31,458.05,1158.24,603.23,1,0.55
44480,12964,838.23,495.66,964.18,659.73,0,0.96
44490,12964,841.24,496.57,971.17,662.1,0,0.95
44500,12964,869.53,501.67,991.29,664,0,0.6
44500,12985,303.41,536.28,379.02,672.81,0,0.56
44520,12966,1049.61,506.33,1192.89,677.64,0,0.86
44570,12964,970.59,561.69,1105.51,747.73,1,0.82
44580,12893,761.48,542.21,884.97,712.24,0,0.74
44640,13035,1264.13,451.96,1406.82,614.55,0,0.79
44690,13046,2738.83,1652.96,2953.05,2095.22,0,0.94
44700,13046,2782.12,1545.01,2993.03,1997.96,0,0.97
44710,13046,2833.51,1447.94,3029.75,1880.55,0,0.84
44720,13046,2862.97,1382.87,3038.42,1790.4,0,0.97
44730,13046,2873.5,1352.29,3047.37,1751.75,0,0.98
44740,13046,2875.07,1352.43,3052.81,1747.33,0,0.96
44750,13046,2875.3,1366.44,3051.26,1752.97,0,0.95
44760,13046,2874.02,1369.94,3044.21,1757.13,0,0.96
44770,13046,2866.86,1371.63,3039.93,1759.83,0,0.96
44780,13046,2863.04,1374.27,3038.47,1760.76,0,0.87
44790,13046,2860.92,1378.17,3039.55,1763.26,0,0.79
44790,13054,2856.5,1388.12,3037.32,1775.22,1,0.47
44800,13054,2856.26,1385.07,3038.56,1773.79,0,0.94
44810,13054,2855.56,1381.73,3038.33,1773.71,0,0.96
44820,13054,2856.05,1380.88,3038.47,1774.27,0,0.96
44830,13054,2856.36,1382.09,3038.96,1776.6,0,0.92
44840,13054,2856.61,1382.32,3040.02,1778.64,0,0.92
44840,13063,864.39,573.44,1016.5,746.38,1,0.72
44850,13054,2855.08,1380.69,3041.42,1778.99,0,0.95
44860,13054,2854.94,1380.86,3040.9,1777.72,0,0.95
44860,13070,1250.81,579.88,1431.04,777.38,0,0.83
44870,13054,2854.7,1380.39,3040.31,1777.06,0,0.96
44870,13073,1671.48,630.25,1868.99,838.36,0,0.88
44880,13054,2856.11,1379.3,3040.36,1778.75,0,0.96
44890,13054,2856.2,1378.62,3039.39,1777.72,0,0.94
44900,13054,2856.35,1378.93,3038.52,1778,0,0.94
44910,13054,2857.48,1379.56,3038.51,1778.9,0,0.92
44920,13054,2857.94,1380.09,3038.13,1778.18,0,0.92
44930,13054,2857.41,1380.71,3038.85,1779.36,0,0.94
44940,13054,2858.1,1381.09,3037.69,1776.46,0,0.95
44950,13054,2858.67,1381.34,3037.74,1774.98,0,0.96
44950,13073,1700.53,601.12,1897.29,802.8,0,0.94
44960,13054,2858.69,1380.52,3039.49,1776.8,0,0.95
44960,13101,1331.64,694.61,1464.17,926.27,0,0.84
44970,13054,2858.59,1382.3,3039.84,1776.27,0,0.94
44970,13101,1330.86,693.16,1464.17,925.62,0,0.79
44980,13054,2858.23,1381.91,3039.33,1777.35,0,0.96
44980,13101,1335.37,690.69,1465.9,920.85,0,0.85
44980,13063,808.24,519.77,960.48,686.5,0,0.88
44990,13054,2856.36,1384.17,3038.1,1775.67,0,0.94
44990,13101,1338.64,690.29,1465.72,915.17,0,0.88
44990,13113,1228.78,820.3,1352.08,1069.72,0,0.61
45000,13054,2855.79,1385.27,3037.63,1775.5,0,0.89
45000,13101,1336.3,696.89,1462.61,918.93,0,0.71
45010,13054,2857.19,1384.29,3037.7,1777.04,0,0.94
45010,13101,1332.33,698.5,1462.82,922.71,0,0.48
45020,13054,2857.86,1384.07,3037.3,1777.26,0,0.95
45020,13101,1331.01,697.27,1463.34,923.81,0,0.65
45030,13054,2856.64,1383.36,3039.21,1778.4,0,0.89
45030,13101,1330.99,698.02,1463.07,925.1,0,0.78
45040,13054,2856.68,1384.63,3038.16,1776.88,0,0.94
45040,13101,1331.41,699.63,1463.82,924.22,0,0.54
45040,13137,2196.17,1041.67,2365.33,1380.34,0,0.91
45050,13054,2856.18,1385.51,3036.92,1776.91,0,0.93
45050,13101,1330.86,700.06,1463.54,923.66,0,0.52
45050,13137,2141.17,977.72,2307.39,1293.11,0,0.91
45060,13054,2858.19,1386.04,3037.11,1776.44,0,0.93
45060,13101,1330.26,698.32,1462.13,923.47,0,0.74
45060,13137,2071.51,892.87,2225.91,1177.22,0,0.93
45070,13054,2858.91,1386.08,3037.53,1776.39,0,0.92
45070,13101,1330.07,698.77,1461.48,923.28,0,0.68
45070,13137,1995.03,822.96,2141.64,1090.87,0,0.97
45080,13054,2859.01,1386.17,3036.98,1776.13,0,0.91
45080,13101,1330.09,698.66,1460.91,923.57,0,0.72
45080,13137,1932.09,771.79,2070,1017.82,0,0.95
45090,13054,2857.23,1383.62,3036.81,1777.67,0,0.93
45090,13101,1330.67,698.09,1461.31,923.45,0,0.66
45090,13137,1877.38,729.99,2013.81,966.79,0,0.92
45100,13054,2856.75,1384.26,3036.38,1777.7,0,0.91
45100,13101,1331.25,698.21,1460.65,923.34,0,0.59
45100,13137,1842.4,695.33,1973.51,928.24,0,0.94
45110,13054,2857.7,1384.54,3035.49,1777.61,0,0.92
45110,13101,1329.68,698.98,1460.3,924.34,0,0.62
45110,13137,1813.42,660.39,1935.91,884.56,0,0.39
45120,13054,2857.77,1383.95,3034.35,1777.42,0,0.93
45120,13101,1330.41,698.27,1459.78,923.95,1,0.42
45120,13137,1789.88,626.39,1906.66,843.42,1,0.73
45130,13054,2858.05,1383.02,3034.52,1776.52,0,0.94
45130,13101,1330.97,697.96,1459.39,923.94,1,0.6
45130,13137,1760.53,601.58,1872.88,810.54,1,0.95
45140,13054,2858.9,1383.09,3036.12,1777.03,0,0.94
45140,13101,1331.24,699.3,1460.39,923.24,0,0.45
45140,13137,1689.1,565.6,1798.61,759.7,1,0.89
45150,13054,2859.46,1383.9,3036.49,1776.65,0,0.94
45150,13101,1331.75,700.56,1461.07,924.04,1,0.41
45160,13054,2859.61,1380.68,3036.4,1776.6,0,0.96
45160,13101,1332.04,699.92,1461.07,923.89,1,0.42
45160,13161,2391.92,834.54,2527.76,1112.16,0,0.9
45160,13165,1332.13,699.75,1461.19,923.94,0,0.38
45170,13054,2859.52,1379.65,3036.77,1776.85,0,0.96
45170,13161,2374.65,796.88,2501.64,1064.81,0,0.86
45170,13166,1505.21,433.38,1590.28,585.73,0,0.69
45180,13054,2859.01,1379.19,3037.25,1777.26,0,0.96
45180,13161,2365.54,779.08,2484.07,1036.53,0,0.89
45180,13170,2162.11,988.53,2308.5,1287.26,0,0.97
45180,13101,1331.64,698.49,1461.42,923.66,0,0.49
45190,13054,2860,1383.11,3037.44,1776.13,0,0.95
45190,13161,2356.71,762.38,2475.16,954.54,0,0.72
45190,13170,2156.98,930.89,2294.15,1217.48,0,0.94
45190,13101,1331.82,698.55,1461.6,923.17,0,0.59
45200,13054,2857.71,1383.99,3036.86,1775.45,0,0.92
45200,13161,2358.29,766.43,2477.75,1013.97,0,0.9
45200,13170,2146.98,895.05,2285.46,1182.33,0,0.62
45200,13101,1331.65,698.47,1461.43,922.93,0,0.53
45210,13054,2857.34,1383.75,3035.09,1775.3,0,0.94
45210,13161,2360.8,765.59,2477.77,1022.04,0,0.81
45210,13170,2146.59,885.63,2285.76,1168.68,0,0.91
45210,13101,1331.36,697.28,1462.33,923.18,0,0.45
45220,13054,2858.3,1382.4,3034.55,1773.96,0,0.84
45220,13161,2360.59,767.91,2476.78,1026.73,0,0.84
45220,13170,2151.05,884.8,2289.22,1163.53,0,0.91
45220,13101,1330.38,696.34,1462.79,923.93,0,0.67
45220,13063,732.6,463.52,817.71,593.78,0,0.76
45230,13054,2857.18,1383.61,3036.39,1777.93,0,0.9
45230,13161,2360.81,766.73,2479.89,1030.13,0,0.87
45230,13170,2151.41,885.77,2290.7,1168.74,0,0.89
45230,13101,1329.08,696.58,1463.07,925,0,0.63
45240,13054,2858.39,1383.13,3037.05,1776.49,0,0.92
45240,13161,2361.35,766.07,2480.79,1033.61,0,0.87
45240,13170,2151.8,886.58,2291.46,1168.29,0,0.9
45240,13101,1329.12,698.11,1461.81,925.24,0,0.46
45250,13054,2857.8,1382.39,3035.41,1774.78,0,0.93
45250,13161,2362.52,767.19,2481.14,1033.57,0,0.88
45250,13170,2153.07,888.55,2291.11,1166.93,0,0.91
45250,13101,1330.74,701.21,1460.34,924.5,0,0.47
45250,13190,816.97,461.5,906.84,606.66,0,0.62
45260,13054,2858.26,1378.8,3034.38,1774.99,0,0.91
45260,13161,2362.77,769.53,2480.25,1034.49,0,0.87
45260,13170,2152.8,890.43,2288.3,1169.34,0,0.87
45260,13101,1333.34,704.44,1460.88,925.13,0,0.39
45260,13190,816.76,460.56,906.13,607.01,3,0.57
45260,13196,817.2,460.49,906.62,606.99,0,0.45
45270,13054,2857.96,1379.53,3033.53,1775.3,0,0.92
45270,13161,2363.61,770.18,2480.85,1032.55,0,0.79
45270,13170,2152.71,891.62,2287.79,1171.53,0,0.89
45270,13101,1333.31,700.75,1461.31,924.86,0,0.61
45270,13190,815.65,462.85,900.91,605.96,0,0.44
45270,13196,815.78,462.91,901.12,605.92,3,0.29
45280,13054,2857.15,1380.42,3033.89,1776.65,0,0.92
45280,13161,2362.31,768.78,2482.75,1032.69,0,0.91
45280,13170,2152.77,891.63,2288.69,1172.65,0,0.88
45280,13101,1331.29,698.65,1462.17,925.04,0,0.56
45280,13190,815.86,465.15,900.34,606.92,0,0.47
45290,13054,2860.87,1382.7,3036.59,1774.54,0,0.94
45290,13161,2361.21,768.6,2482.79,1033.18,0,0.89
45290,13170,2154.18,892.04,2289.83,1172.63,0,0.85
45290,13101,1332.7,699.19,1464.23,924.95,0,0.58
45290,13190,814.18,463.61,900.57,607.28,3,0.54
45300,13054,2859.88,1382.19,3036.03,1775.11,0,0.95
45300,13161,2362.17,768.63,2483.32,1033.61,0,0.89
45300,13170,2155.87,892.75,2289.66,1173.52,0,0.85
45300,13101,1333.82,699.83,1464.78,923.78,0,0.6
45300,13190,813.91,464.62,900.89,606.9,3,0.52
45300,13200,813.95,464.37,901.44,606.79,0,0.38
45310,13054,2859.69,1377.2,3035.3,1774.75,0,0.88
45310,13161,2362.32,768.48,2483.92,1034.63,0,0.91
45310,13170,2155.41,891.22,2290.76,1175.08,0,0.88
45310,13101,1333.88,700.13,1464.2,923.93,0,0.48
45310,13190,813.3,465.23,900.43,608.34,0,0.42
45310,13200,813.48,465.04,900.85,608.45,3,0.52
45320,13054,2858.6,1378.69,3035.74,1774.55,0,0.94
45320,13161,2362.87,769.21,2485.06,1035.82,0,0.91
45320,13170,2155.08,891.18,2291.77,1176.79,0,0.85
45320,13101,1333.4,699.95,1464.14,923.96,0,0.53
45320,13190,813.05,464.18,900.29,608.9,0,0.3
45320,13200,813.23,463.89,900.63,609.1,3,0.65
45330,13054,2856.67,1380.1,3037.19,1774.95,0,0.96
45330,13161,2363.32,771.1,2485.17,1036.39,0,0.91
45330,13170,2155.2,891.35,2292.17,1177.23,0,0.83
45330,13101,1333.46,700.1,1463.98,923.74,0,0.39
45330,13200,821.69,464.35,910.41,609.72,0,0.61
45340,13054,2857.27,1380.12,3037.43,1775.07,0,0.95
45340,13161,2363.09,772.12,2484.01,1035.86,0,0.85
45340,13170,2154.97,892.74,2292.03,1176.15,0,0.87
45340,13101,1334.39,699.44,1464.02,923.13,0,0.6
45350,13054,2857.19,1382.28,3036.97,1775.96,0,0.93
45350,13161,2363.28,774.69,2484.02,1036.03,0,0.85
45350,13170,2154.95,893.46,2291.66,1176.05,0,0.86
45350,13101,1333.33,698.92,1464,921.83,0,0.46
45360,13054,2861.18,1384.18,3035.19,1775.07,0,0.93
45360,13161,2362.62,769.76,2484.41,1034.86,0,0.89
45360,13170,2154.24,892.53,2292.94,1178.2,0,0.89
45360,13101,1333.44,700.08,1464.32,923.05,0,0.44
45370,13054,2858.04,1383.2,3035.47,1777.09,0,0.9
45370,13161,2363.06,769.33,2484.18,1034.49,0,0.85
45370,13170,2154.12,892.31,2293.4,1178.65,0,0.9
45370,13101,1335.24,700.35,1463.86,922.85,0,0.7
45380,13054,2857.42,1381.14,3035.36,1775.66,0,0.96
45380,13161,2363.42,769.78,2482.8,1033.42,0,0.83
45380,13170,2155.17,892.99,2292.8,1178.27,0,0.9
45380,13101,1336.55,698.58,1462.53,922.18,0,0.45
45390,13054,2857.41,1379.69,3036.5,1774.64,0,0.96
45390,13161,2364.83,770.01,2482.91,1033.78,0,0.72
45390,13170,2156.27,893.26,2291.5,1176.59,0,0.91
45390,13101,1335.75,699.32,1463.98,921.87,0,0.64
45400,13054,2858.24,1379.52,3035.95,1774.62,0,0.93
45400,13161,2364.12,760.65,2484.3,990.09,0,0.73
45400,13170,2155.07,892.65,2291.81,1178.5,0,0.91
45400,13101,1333.46,699.82,1464.74,922.18,0,0.52
45410,13054,2857.82,1380.72,3036.24,1775.43,0,0.89
45410,13161,2363.75,768.13,2484.87,1020.89,0,0.88
45410,13170,2154.72,893.1,2291.36,1179.05,0,0.9
45410,13101,1333.92,697.73,1464.65,922.39,0,0.44
45420,13054,2858.07,1382.22,3036.73,1775.48,0,0.95
45420,13161,2363.08,769.47,2485.16,1030.17,0,0.87
45420,13170,2154.71,892.8,2291.06,1177.17,0,0.88
45420,13101,1334.64,698.11,1465.71,922.41,0,0.59
45430,13054,2857.92,1383.06,3036.99,1775.87,0,0.91
45430,13161,2363.86,771.93,2484.82,1033.07,0,0.82
45430,13170,2155.05,893.88,2289.3,1177.93,0,0.82
45430,13101,1335.58,697.64,1464.7,922.8,0,0.65
45440,13054,2858.39,1383.89,3036.61,1776.32,0,0.96
45440,13161,2363.94,771.85,2485.04,1035.47,0,0.88
45440,13170,2154.89,894.93,2288.17,1177.82,0,0.84
45440,13101,1337.25,697.71,1463.67,923.84,0,0.88
45450,13054,2858.9,1384.41,3036.42,1775.92,0,0.96
45450,13161,2365.82,771.88,2485.45,1035.95,0,0.89
45450,13170,2154.71,894.88,2288.22,1177.11,0,0.87
45450,13101,1337.7,697.98,1463.64,924.18,0,0.83
45460,13054,2858.99,1383.81,3034.46,1777.13,0,0.95
45460,13161,2367.75,771.39,2485.21,1035.38,0,0.87
45460,13170,2155.52,894.71,2288.82,1177.2,0,0.9
45460,13101,1336.03,698.02,1464.76,923.39,0,0.46
45470,13054,2859.25,1383.04,3034.71,1778.15,0,0.94
45470,13161,2367.37,769.73,2485.45,1035.3,0,0.88
45470,13170,2154.89,893.96,2290.33,1177.72,0,0.9
45470,13101,1334.32,700.01,1465.49,923.38,0,0.4
45470,13233,1333.71,700.49,1465.73,923.28,3,0.38
45480,13054,2859,1382.72,3036.19,1777.18,0,0.96
45480,13161,2367,768.77,2485.63,1035.09,0,0.89
45480,13170,2154.32,894.04,2290.94,1177.42,0,0.9
45480,13101,1333.72,700.1,1465.89,923.32,3,0.3
45480,13233,1333.52,700.18,1465.95,923.29,0,0.45
45490,13054,2858.38,1384.91,3037.7,1777.18,0,0.96
45490,13161,2367.93,769.09,2487.2,1034.61,0,0.88
45490,13170,2152.26,894.84,2290.32,1178.62,0,0.8
45500,13054,2857.05,1386.22,3038.27,1778.49,0,0.94
45500,13161,2368.78,768.82,2488.98,1034.26,0,0.88
45500,13170,2150.96,895.77,2288.22,1178.75,0,0.72
45500,13101,1334.57,698.61,1465.31,923.21,0,0.63
45510,13054,2858.67,1383.77,3036.67,1775.58,0,0.96
45510,13161,2369.85,769.96,2488.91,1034,0,0.88
45510,13170,2151.03,895.47,2289.66,1178.54,0,0.84
45510,13101,1333.45,698.46,1466.05,924.08,0,0.54
45520,13054,2859.17,1384.26,3032.03,1775.8,0,0.78
45520,13161,2369.67,770.88,2488.11,1033.99,0,0.88
45520,13170,2151.63,894.68,2290.48,1177.75,0,0.88
45520,13101,1332.66,699.04,1466.31,924.32,0,0.6
45530,13054,2858.66,1383.73,3032.43,1776.46,0,0.88
45530,13161,2370.32,772.15,2486.96,1032.99,0,0.88
45530,13170,2151.79,894.89,2290.74,1178.04,0,0.87
45530,13101,1333.16,698.88,1465.98,924.19,0,0.57
45540,13054,2859.49,1383.48,3033.91,1777.42,0,0.91
45540,13161,2370.41,770.79,2488.07,1032.56,0,0.88
45540,13170,2152.85,895.61,2290.33,1177.18,0,0.88
45540,13101,1333.38,698.22,1465.54,923.36,0,0.51
45540,13248,1333.5,698.1,1465.4,923.11,3,0.44
45550,13054,2862.51,1383.79,3033.01,1774.29,0,0.83
45550,13161,2369.23,769.16,2489.06,1033.94,0,0.89
45550,13170,2153.36,895.48,2290.16,1177.69,0,0.89
45550,13101,1333.65,698.81,1464.62,923.01,3,0.25
45550,13248,1333.73,698.91,1464.45,922.88,0,0.64
45560,13054,2858.1,1383.92,3030.68,1775.73,0,0.84
45560,13161,2369.06,769.78,2490.16,1034.29,0,0.9
45560,13170,2153.44,894.8,2290.97,1177.98,0,0.9
45560,13249,2639.21,969.91,2787.89,1274.53,0,0.69
45570,13054,2858.06,1384,3029.94,1775.51,0,0.95
45570,13161,2369.22,770.11,2489.96,1033.97,0,0.9
45570,13170,2153.76,894.62,2291.49,1176.67,0,0.92
45570,13249,2647.96,945.13,2789.36,1234.2,0,0.81
45580,13054,2858.07,1384.43,3029.02,1775.95,0,0.94
45580,13161,2369.83,771.03,2489.58,1033.44,0,0.89
45580,13170,2154.1,894.73,2291.35,1177.38,0,0.92
45580,13249,2650.44,923.01,2790.83,1198.53,0,0.83
45580,13101,1337.15,698.49,1463.92,922.57,0,0.67
45590,13054,2859.01,1383.12,3030.98,1775.79,0,0.96
45590,13161,2370.74,770.76,2489.32,1032.25,0,0.89
45590,13170,2154.43,895.3,2291.13,1176.37,0,0.92
45590,13249,2653.31,912.92,2790.54,1174.89,0,0.64
45590,13101,1334.97,699.04,1464.26,923.86,0,0.56
45590,13190,793.74,469.64,882.29,621.01,0,0.68
45600,13054,2857.45,1381.35,3030.64,1776.07,0,0.9
45600,13161,2370.27,769.65,2489.76,1032.42,0,0.89
45600,13170,2154.03,894.99,2291.2,1177.25,0,0.91
45600,13249,2651.32,906.28,2792.06,1135.8,0,0.77
45600,13101,1334.99,698.86,1464.14,924.63,0,0.56
45600,13190,810.64,492.33,900.56,645.36,0,0.83
45610,13054,2858.14,1381.24,3032.04,1777.65,0,0.9
45610,13161,2370.43,768.63,2489.33,1032.7,0,0.87
45610,13170,2153.13,894.6,2292.33,1178.52,0,0.9
45610,13249,2651.11,907.55,2793.33,1100.4,0,0.78
45610,13101,1334.61,699.18,1463.94,925.29,0,0.62
45620,13054,2857.51,1376.58,3029.64,1779,0,0.31
45620,13161,2369.89,768.34,2489.66,1033.63,0,0.89
45620,13170,2152.68,894.56,2292.27,1179.66,0,0.9
45620,13249,2654.21,907.32,2793.53,1070.34,0,0.73
45620,13101,1333.89,699.49,1464.69,924.39,0,0.61
45630,13054,2860.47,1369.85,3033.48,1779.74,0,0.95
45630,13161,2370.03,768.7,2489.19,1033.45,0,0.88
45630,13170,2152.52,894.86,2291.98,1179.21,0,0.9
45630,13101,1333.11,700.13,1465.77,923.89,0,0.61
45640,13054,2859.37,1380.39,3034.15,1778.67,0,0.9
45640,13161,2366.54,768.43,2486.3,1031.56,0,0.82
45640,13170,2153.06,895.47,2289.96,1176.97,0,0.9
45640,13101,1333.94,700.69,1465.11,924.01,0,0.55
45650,13054,2858.43,1384.53,3033.04,1778.62,0,0.93
45650,13161,2359.22,747.35,2478.14,1005.84,0,0.89
45650,13170,2153.84,895.11,2289.16,1175.53,0,0.91
45650,13101,1334.31,700.86,1464.86,923.88,0,0.48
45650,13257,2655.29,922.09,2796.64,1200.43,3,0.45
45660,13054,2858.99,1384.2,3035.59,1777.66,0,0.93
45660,13161,2339.86,717.38,2456.62,962.44,0,0.88
45660,13170,2154.22,889.95,2288.94,1167.51,0,0.94
45660,13101,1333.8,697.42,1463.25,923.14,0,0.48
45660,13257,2656.02,917.98,2794.15,1203.31,0,0.76
45670,13054,2858.8,1376.26,3039.76,1769.07,0,0.98
45670,13161,2314.28,686.68,2429.59,915.55,0,0.7
45670,13170,2154.7,871.8,2287.86,1143.23,0,0.94
45670,13101,1349.12,687.83,1473.91,912.74,0,0.45
45670,13257,2655.09,917.03,2792.98,1204.47,0,0.41
45670,13269,212.59,552.51,320.61,726.41,0,0.38
45680,13054,2875.91,1333.25,3062.37,1727.73,0,0.97
45680,13161,2287.12,648.29,2396.48,863.08,0,0.92
45680,13170,2155.91,845.63,2288.44,1106.95,0,0.96
45680,13257,2651.75,921.64,2795.58,1206.75,3,0.56
45680,13269,211.25,551.95,320.28,724.93,0,0.44
45690,13054,2898.29,1281.22,3073.91,1656.93,0,0.94
45690,13161,2259.84,601.23,2362.89,806.91,0,0.85
45690,13170,2159.06,815.97,2288.98,1064.8,0,0.94
45690,13257,2654.42,919.97,2794.23,1206.96,0,0.41
45690,13269,212.96,552.85,320,724.73,0,0.5
45690,13278,1398.27,622.34,1506,832.52,1,0.51
45690,13280,2654.02,922.69,2796.74,1207.08,3,0.35
45700,13054,2938.1,1205.69,3097.74,1553.32,0,0.68
45700,13161,2226.7,557.79,2325.59,747.97,0,0.9
45700,13170,2158.08,781.61,2287.42,1028.76,0,0.92
45700,13257,2655.35,919.7,2793.98,1206.6,0,0.54
45700,13269,212.06,553.12,320.11,724.59,0,0.34
45700,13278,1401.54,585.91,1505.17,784.84,1,0.78
45710,13054,2967.33,1109.85,3118.78,1438.99,0,0.87
45710,13161,2190.06,508.22,2284.91,686.21,0,0.84
45710,13170,2153.93,752.3,2276.57,984.99,0,0.95
45710,13257,2656.15,919.96,2793.36,1204.78,0,0.58
45710,13269,213.57,551.57,319.98,724.08,0,0.39
45710,13278,1408.39,539.21,1505.24,724.38,1,0.34
45720,13054,2970.89,1021.8,3104.29,1322.49,0,0.87
45720,13161,2153.03,467.25,2241.89,635.47,0,0.86
45720,13170,2143.3,716.53,2264.38,937.68,0,0.93
45720,13257,2655.65,919.25,2792.85,1211.91,0,0.58
45720,13269,211.16,550.61,319.98,724.67,0,0.42
45720,13278,1432.31,498.19,1522.86,660.71,0,0.77
45730,13054,2958.73,916.06,3081.62,1198.78,0,0.83
45730,13161,2108.34,431.01,2191.44,583.82,0,0.91
45730,13170,2147.96,663.14,2258.49,872.2,0,0.92
45730,13257,2654.42,913.84,2791.23,1194,0,0.55
45730,13269,211.96,551.87,320.03,725.36,0,0.35
45730,13278,1441.33,449.05,1523.59,598.27,0,0.72
45740,13054,2939.4,828.89,3052.9,1087.46,0,0.84
45740,13170,2147.87,605.98,2247,796.92,0,0.93
45740,13257,2636.81,885.97,2777.21,1155.45,0,0.94
45740,13269,212.07,553.79,320.25,725.44,0,0.36
45750,13257,2589.47,841.74,2726.85,1102.16,0,0.91
45750,13269,212.91,554.58,320.45,726.46,0,0.35
45760,13269,212.92,555.03,320.4,725.68,0,0.36
45770,13249,2739.56,602.31,2837.74,805.49,0,0.92
45780,13249,2733.73,563.5,2823.28,756.13,0,0.91
45790,13249,2727.77,516.12,2806.01,699.92,0,0.86
45790,13305,2385.39,596.75,2488.8,789.22,0,0.8
45800,13249,2698.44,487.36,2778.18,646.94,0,0.75
45800,13305,2379.33,557.13,2473.89,736.08,0,0.82
45810,13305,2368.33,509.28,2455.12,681.97,0,0.89
45820,13305,2356.71,469.94,2441.89,635.84,0,0.89
45830,13305,2345.28,441.2,2426.79,594.15,0,0.9
45830,13325,2543.85,395.44,2619.27,534.2,0,0.68
45830,13327,3191.27,484.75,3323.29,639.14,0,0.58
45840,13305,2327.63,410.04,2404.28,559.74,0,0.91
45850,13305,2306.32,388.23,2379.94,525.71,0,0.83
45860,13305,2289.38,371.93,2360.37,498.73,0,0.57
45870,13305,2277.7,355.78,2343.46,480.81,0,0.38
45880,13352,2622.01,748.46,2737.8,988.37,0,0.96
45890,13352,2626.13,665.58,2733.77,874.24,0,0.97
45890,13190,840.26,577.96,920.25,724.02,0,0.47
45900,13352,2616.87,577.69,2713.94,770.24,0,0.87
45900,13190,848.13,580.63,922.69,731.55,0,0.35
45910,13352,2585.6,512.07,2675.15,688.49,0,0.68
45920,13352,2548.63,464.91,2629.14,626.54,0,0.75
45930,13352,2515.45,429.37,2594.48,573.11,0,0.45
45940,13352,2509.04,395.45,2578.67,527.93,0,0.64
45950,13327,3192.53,483.41,3268.38,628.32,0,0.47
46060,13420,1971.21,620.05,2071.41,825.12,0,0.93
46070,13420,1988.32,561.82,2080.17,747.95,0,0.94
46070,13430,1353.17,382.09,1426.7,510.05,0,0.63
46080,13420,2007.49,514.5,2093.43,681.51,0,0.92
46090,13420,2011.73,464.79,2092.73,619.77,0,0.72
46100,13440,1997.19,542.53,2078.06,727.01,0,0.89
46110,13440,1991.49,494.08,2069.89,673.69,0,0.57
46110,13447,2094.51,617.63,2204.87,824.16,0,0.91
46120,13440,1986.29,453.97,2063.75,622.17,0,0.74
46130,13440,1975.88,430.49,2053.3,584.72,0,0.74
46130,13458,2082.3,522.86,2175.15,697.21,0,0.88
46140,13440,1965.45,405.63,2042.72,556.17,0,0.68
46140,13458,2072.93,488.97,2163.57,659.03,0,0.73
46140,13462,240.85,551.63,324.33,711.55,0,0.54
46140,13463,370.36,516.78,469.51,638.93,0,0.35
46150,13440,1952.18,392.34,2024.56,528.9,0,0.53
46150,13458,2060.76,455.47,2144.92,620.4,0,0.91
46150,13462,242.48,552.88,324.69,711.57,0,0.5
46150,13463,370.28,515.15,468.28,639,0,0.36
46160,13440,1932.13,383.45,2000.62,502.98,0,0.61
46160,13458,2032.19,433.88,2114.19,581.32,0,0.83
46160,13463,370.89,513.92,469.4,638.46,0,0.3
46170,13440,1919.47,369.1,1983.08,479.66,0,0.48
46170,13458,2016.8,413.1,2093.76,545.45,0,0.77
46180,13440,1910.25,349.83,1965.77,455.77,0,0.27
46180,13458,2012.74,401.58,2078.39,517.73,0,0.57
46190,13458,2009.48,372.62,2070.69,491.89,0,0.38
46190,13462,254.47,560.73,325.37,718.98,0,0.28
46190,13463,371.92,519.37,467.97,637.78,0,0.37
46200,13463,372.94,522.05,468.62,637.14,0,0.34
46210,13463,373.68,521.9,469.9,638.24,0,0.38
46220,13463,375.81,519.75,470.26,638.77,0,0.35
46220,13482,848.91,366.5,915.83,495.62,0,0.73
46230,13482,852.53,396.4,919.5,529.68,0,0.59
46230,13485,3215.44,463.67,3309.84,611.42,0,0.8
46240,13482,862.58,424.99,930.01,571.69,0,0.73
46250,13482,868.73,460.69,948.23,611.67,0,0.71
46260,13482,862.9,499.29,945.55,668.01,0,0.83
46270,13499,3299,522.44,3393.45,698.52,0,0.77
46580,13560,1310.68,388.5,1390.45,515.81,0,0.6
46610,13578,1232.05,426.11,1331.73,581.71,0,0.65
46620,13578,1239.41,459.58,1331.48,608.19,0,0.82
46620,13584,708.58,518.83,854.41,669.63,0,0.71
46630,13578,1229.24,498.84,1323.44,662.73,0,0.87
46630,13584,743.46,506.58,900.29,673.26,0,0.83
46650,13560,1267.56,401.21,1400.96,546.1,0,0.71
46650,13578,1161.27,523.91,1320.54,713.73,0,0.91
46700,13578,1142.1,554.69,1293.63,731.81,0,0.92
46710,13578,1154.82,597.59,1322.91,780.26,0,0.66
46740,13662,790.16,597.86,926.92,799.09,0,0.84
46750,13662,740.56,589.95,905.34,790.74,0,0.51
46760,13662,667.28,589.81,822.27,781.61,0,0.77
46760,13669,1908.26,929.49,2058.36,1212,0,0.76
46760,13672,2712.24,790.99,2838.93,1023.35,0,0.64
46770,13669,1906.83,857.17,2056.43,1125.51,0,0.97
46780,13669,1906.52,813.58,2054.14,1076.73,0,0.96
46790,13669,1907.74,794.48,2052.44,1049.19,0,0.86
46790,13672,2680.37,755.09,2802.52,1007.79,1,0.43
46800,13669,1908.3,789.57,2049.98,1046.89,0,0.85
46800,13672,2675.4,744.66,2792.56,963.51,0,0.81
